DOI,DOI_URL,Title,Year,Venue,Publisher,Citations_OpenAlex,Open_Access,Examined_In_Detail,Selected,Discovery_Queries
10.1016/j.jneumeth.2003.10.009,https://doi.org/10.1016/j.jneumeth.2003.10.009,EEGLAB: an open source toolbox for analysis of single-trial EEG dynamics including independent component analysis,2004,Journal of Neuroscience Methods,Elsevier BV,25440,No,Yes,,targeted-lookup
10.1161/01.cir.101.23.e215,https://doi.org/10.1161/01.cir.101.23.e215,"PhysioBank, PhysioToolkit, and PhysioNet",2000,Circulation,Lippincott Williams & Wilkins,14758,Yes,No,,targeted-lookup
10.1109/tnnls.2020.2978386,https://doi.org/10.1109/tnnls.2020.2978386,A Comprehensive Survey on Graph Neural Networks,2020,IEEE Transactions on Neural Networks and Learning Systems,Institute of Electrical and Electronics Engineers,9723,Yes,Yes,,targeted-lookup
10.48550/arxiv.1609.02907,https://doi.org/10.48550/arxiv.1609.02907,Semi-Supervised Classification with Graph Convolutional Networks,2016,arXiv (Cornell University),Cornell University,8058,Yes,Yes,SELECTED,targeted-lookup
10.5281/zenodo.1318400,https://doi.org/10.5281/zenodo.1318400,Convolutional Neural Networks On Graphs With Fast Localized Spectral Filtering (Gdl Seminar),2016,Figshare,Figshare (United Kingdom),5114,Yes,No,,targeted-lookup
10.1016/s0140-6736(20)32205-4,https://doi.org/10.1016/s0140-6736(20)32205-4,Alzheimer's disease,2021,The Lancet,Elsevier BV,5100,Yes,No,,targeted-lookup
10.48550/arxiv.1706.02216,https://doi.org/10.48550/arxiv.1706.02216,Inductive Representation Learning on Large Graphs,2017,arXiv (Cornell University),Cornell University,4538,Yes,Yes,,targeted-lookup
10.1088/1741-2552/aace8c,https://doi.org/10.1088/1741-2552/aace8c,EEGNet: a compact convolutional neural network for EEG-based brain–computer interfaces,2018,Journal of Neural Engineering,IOP Publishing,4537,Yes,Yes,SELECTED,targeted-lookup
10.1212/wnl.0000000000004058,https://doi.org/10.1212/wnl.0000000000004058,Diagnosis and management of dementia with Lewy bodies,2017,Neurology,Lippincott Williams & Wilkins,4529,Yes,No,,targeted-lookup
10.1002/(sici)1097-0193(1999)8:4<194::aid-hbm4>3.0.co;2-c,https://doi.org/10.1002/(sici)1097-0193(1999)8:4<194::aid-hbm4>3.0.co;2-c,Measuring phase synchrony in brain signals,1999,Human Brain Mapping,Wiley,3996,Yes,No,,targeted-lookup
10.1002/hbm.23730,https://doi.org/10.1002/hbm.23730,Deep learning with convolutional neural networks for EEG decoding and visualization,2017,Human Brain Mapping,Wiley,3648,Yes,Yes,,targeted-lookup
10.1103/physreve.64.061907,https://doi.org/10.1103/physreve.64.061907,Indications of nonlinear deterministic and finite-dimensional structures in time series of brain electrical activity: Dependence on recording region and brain state,2001,"Physical review. E, Statistical physics, plasmas, fluids, and related interdisciplinary topics",American Physical Society,3013,No,Yes,,targeted-lookup
10.1192/bjp.bp.107.040113,https://doi.org/10.1192/bjp.bp.107.040113,"Cross-national prevalence and risk factors for suicidal ideation, plans and attempts",2008,The British Journal of Psychiatry,Cambridge University Press,2682,Yes,No,,targeted-lookup
10.1111/epi.13121,https://doi.org/10.1111/epi.13121,A definition and classification of status epilepticus – Report of the <scp>ILAE</scp> Task Force on Classification of Status Epilepticus,2015,Epilepsia,Wiley,2416,No,No,,EEG epilepsy seizure classification
10.1016/j.neuroimage.2019.05.026,https://doi.org/10.1016/j.neuroimage.2019.05.026,"ICLabel: An automated electroencephalographic independent component classifier, dataset, and website",2019,NeuroImage,Elsevier BV,2416,Yes,Yes,,targeted-lookup
10.1046/j.1528-1157.2001.10401.x,https://doi.org/10.1046/j.1528-1157.2001.10401.x,A Proposed Diagnostic Scheme for People with Epileptic Seizures and with Epilepsy: Report of the ILAE Task Force on Classification and Terminology,2001,Epilepsia,Wiley,2258,Yes,No,,EEG epilepsy seizure classification
10.1016/j.neuroimage.2013.10.027,https://doi.org/10.1016/j.neuroimage.2013.10.027,MNE software for processing MEG and EEG data,2013,NeuroImage,Elsevier BV,2193,Yes,Yes,,targeted-lookup
10.1002/hbm.20346,https://doi.org/10.1002/hbm.20346,Phase lag index: Assessment of functional connectivity from multi channel EEG and MEG with diminished bias from common sources,2007,Human Brain Mapping,Wiley,2088,Yes,Yes,SELECTED,EEG phase lag index coherence Alzheimer; targeted-lookup
10.1002/hep.27210,https://doi.org/10.1002/hep.27210,Hepatic encephalopathy in chronic liver disease: 2014 Practice Guideline by the American Association for the Study Of Liver Diseases and the European Association for the Study of the Liver,2014,Hepatology,Lippincott Williams & Wilkins,2067,Yes,No,,EEG Parkinson classification; EEG neurological disease classification; neurological disorder classification deep learning limitations
10.1016/j.neuroimage.2011.01.055,https://doi.org/10.1016/j.neuroimage.2011.01.055,"An improved index of phase-synchronization for electrophysiological data in the presence of volume-conduction, noise and sample-size bias",2011,NeuroImage,Elsevier BV,1814,Yes,Yes,,targeted-lookup
10.1088/1741-2552/ab0ab5,https://doi.org/10.1088/1741-2552/ab0ab5,Deep learning for electroencephalogram (EEG) classification tasks: a review,2019,Journal of Neural Engineering,IOP Publishing,1727,Yes,Yes,,targeted-lookup
10.1109/taffc.2018.2817622,https://doi.org/10.1109/taffc.2018.2817622,EEG Emotion Recognition Using Dynamical Graph Convolutional Neural Networks,2018,IEEE Transactions on Affective Computing,Institute of Electrical and Electronics Engineers,1554,No,Yes,,EEG graph convolutional network classification; EEG graph neural network
10.1016/j.clinph.2015.11.012,https://doi.org/10.1016/j.clinph.2015.11.012,"A technical guide to tDCS, and related non-invasive brain stimulation tools",2015,Clinical Neurophysiology,Elsevier BV,1460,Yes,No,,targeted-lookup
10.48550/arxiv.1812.08434,https://doi.org/10.48550/arxiv.1812.08434,Graph Neural Networks: A Review of Methods and Applications,2018,arXiv (Cornell University),Cornell University,1448,Yes,No,,targeted-lookup
10.3389/fninf.2015.00016,https://doi.org/10.3389/fninf.2015.00016,The PREP pipeline: standardized preprocessing for large-scale EEG analysis,2015,Frontiers in Neuroinformatics,Frontiers Media,1441,Yes,Yes,,targeted-lookup
10.1093/cercor/bhj127,https://doi.org/10.1093/cercor/bhj127,Small-World Networks and Functional Connectivity in Alzheimer's Disease,2006,Cerebral Cortex,Oxford University Press,1292,Yes,Yes,SELECTED,targeted-lookup
10.1016/j.eswa.2010.06.065,https://doi.org/10.1016/j.eswa.2010.06.065,"EEG signal classification using PCA, ICA, LDA and support vector machines",2010,Expert Systems with Applications,Elsevier BV,1212,No,No,,EEG epilepsy seizure classification
10.1016/j.eswa.2006.02.005,https://doi.org/10.1016/j.eswa.2006.02.005,EEG signal classification using wavelet feature extraction and a mixture of expert model,2006,Expert Systems with Applications,Elsevier BV,1181,No,No,,EEG epilepsy seizure classification; EEG wavelet transform feature extraction classification
10.1186/1753-4631-1-3,https://doi.org/10.1186/1753-4631-1-3,Graph theoretical analysis of complex networks in the brain,2007,Nonlinear Biomedical Physics,BioMed Central,1055,Yes,No,,EEG graph neural network
10.1109/tnsre.2022.3230250,https://doi.org/10.1109/tnsre.2022.3230250,EEG Conformer: Convolutional Transformer for EEG Decoding and Visualization,2022,IEEE Transactions on Neural Systems and Rehabilitation Engineering,Institute of Electrical and Electronics Engineers,970,Yes,No,,EEG transformer classification
10.1111/epi.17241,https://doi.org/10.1111/epi.17241,International League Against Epilepsy classification and definition of epilepsy syndromes with onset in childhood: Position paper by the ILAE Task Force on Nosology and Definitions,2022,Epilepsia,Wiley,937,Yes,No,,EEG epilepsy seizure classification
10.1093/brain/awn262,https://doi.org/10.1093/brain/awn262,Graph theoretical analysis of magnetoencephalographic functional connectivity in Alzheimer's disease,2008,Brain,Oxford University Press,933,No,Yes,,targeted-lookup
10.1111/epi.17239,https://doi.org/10.1111/epi.17239,ILAE classification and definition of epilepsy syndromes with onset in neonates and infants: Position statement by the ILAE Task Force on Nosology and Definitions,2022,Epilepsia,Wiley,879,Yes,No,,EEG epilepsy seizure classification
10.1109/taffc.2020.2994159,https://doi.org/10.1109/taffc.2020.2994159,EEG-Based Emotion Recognition Using Regularized Graph Neural Networks,2020,IEEE Transactions on Affective Computing,Institute of Electrical and Electronics Engineers,872,Yes,Yes,,EEG graph neural network
10.1016/j.patter.2023.100804,https://doi.org/10.1016/j.patter.2023.100804,Leakage and the reproducibility crisis in machine-learning-based science,2023,Patterns,Elsevier BV,840,Yes,Yes,SELECTED,targeted-lookup
10.3389/fninf.2016.00027,https://doi.org/10.3389/fninf.2016.00027,CoSMoMVPA: Multi-Modal Multivariate Pattern Analysis of Neuroimaging Data in Matlab/GNU Octave,2016,Frontiers in Neuroinformatics,Frontiers Media,731,Yes,No,,EEG preprocessing comparison pipeline
10.1002/ana.21847,https://doi.org/10.1002/ana.21847,High‐frequency electroencephalographic oscillations correlate with outcome of epilepsy surgery,2009,Annals of Neurology,Wiley,685,Yes,No,,EEG epilepsy seizure classification
10.1093/brain/awf175,https://doi.org/10.1093/brain/awf175,"Focal cortical dysplasia: neuropathological subtypes, EEG, neuroimaging and surgical outcome",2002,Brain,Oxford University Press,668,Yes,No,,EEG epilepsy seizure classification
10.1016/j.amc.2006.09.022,https://doi.org/10.1016/j.amc.2006.09.022,Classification of epileptiform EEG using a hybrid system based on decision tree classifier and fast Fourier transform,2006,Applied Mathematics and Computation,Elsevier BV,665,No,No,,EEG epilepsy seizure classification
10.1016/j.neuroimage.2017.06.030,https://doi.org/10.1016/j.neuroimage.2017.06.030,Autoreject: Automated artifact rejection for MEG and EEG data,2017,NeuroImage,Elsevier BV,660,Yes,Yes,,EEG preprocessing comparison pipeline; targeted-lookup
10.1016/j.eswa.2011.04.149,https://doi.org/10.1016/j.eswa.2011.04.149,EEG signals classification using the K-means clustering and a multilayer perceptron neural network model,2011,Expert Systems with Applications,Elsevier BV,649,No,No,,EEG epilepsy seizure classification
10.1016/j.compbiomed.2018.05.019,https://doi.org/10.1016/j.compbiomed.2018.05.019,A Long Short-Term Memory deep learning network for the prediction of epileptic seizures using EEG signals,2018,Computers in Biology and Medicine,Elsevier BV,638,No,No,,CHB-MIT scalp EEG database seizure; EEG epilepsy seizure classification; EEG graph convolutional network classification; EEG graph neural network
10.1111/j.1528-1157.1998.tb01452.x,https://doi.org/10.1111/j.1528-1157.1998.tb01452.x,Semiological Seizure Classification*,1998,Epilepsia,Wiley,622,Yes,No,,EEG epilepsy seizure classification
10.1007/s11065-014-9249-6,https://doi.org/10.1007/s11065-014-9249-6,Functional Brain Connectivity Using fMRI in Aging and Alzheimer’s Disease,2014,Neuropsychology Review,Springer Science+Business Media,591,No,No,,EEG graph neural network
10.1016/j.cmpb.2004.10.009,https://doi.org/10.1016/j.cmpb.2004.10.009,Classification of EEG signals using neural network and logistic regression,2005,Computer Methods and Programs in Biomedicine,Elsevier BV,578,No,No,,EEG epilepsy seizure classification
10.1016/j.jneumeth.2005.04.013,https://doi.org/10.1016/j.jneumeth.2005.04.013,Adaptive neuro-fuzzy inference system for classification of EEG signals using wavelet coefficients,2005,Journal of Neuroscience Methods,Elsevier BV,553,No,No,,EEG wavelet transform feature extraction classification
10.1016/j.clinph.2007.08.010,https://doi.org/10.1016/j.clinph.2007.08.010,The application of graph theoretical analysis to complex networks in the brain,2007,Clinical Neurophysiology,Elsevier BV,528,No,No,,EEG graph neural network
10.1016/j.eswa.2011.07.008,https://doi.org/10.1016/j.eswa.2011.07.008,Detection of epileptic electroencephalogram based on Permutation Entropy and Support Vector Machines,2011,Expert Systems with Applications,Elsevier BV,524,No,No,,EEG epilepsy seizure classification
10.3389/fnins.2016.00196,https://doi.org/10.3389/fnins.2016.00196,The Temple University Hospital EEG Data Corpus,2016,Frontiers in Neuroscience,Frontiers Media,521,Yes,Yes,,targeted-lookup
10.1109/tbme.2010.2077291,https://doi.org/10.1109/tbme.2010.2077291,Driver Drowsiness Classification Using Fuzzy Wavelet-Packet-Based Feature-Extraction Algorithm,2010,IEEE Transactions on Biomedical Engineering,Institute of Electrical and Electronics Engineers,517,Yes,No,,EEG wavelet transform feature extraction classification
10.1016/j.eswa.2005.04.011,https://doi.org/10.1016/j.eswa.2005.04.011,Recurrent neural networks employing Lyapunov exponents for EEG signals classification,2005,Expert Systems with Applications,Elsevier BV,506,No,No,,EEG epilepsy seizure classification
10.2174/156720510792231720,https://doi.org/10.2174/156720510792231720,Diagnosis of Alzheimers Disease from EEG Signals: Where Are We Standing?,2010,Current Alzheimer Research,Bentham Science Publishers,497,No,No,,EEG signal processing Alzheimer
10.1109/tbcas.2019.2929053,https://doi.org/10.1109/tbcas.2019.2929053,Efficient Epileptic Seizure Prediction Based on Deep Learning,2019,IEEE Transactions on Biomedical Circuits and Systems,Institute of Electrical and Electronics Engineers,492,No,No,,EEG epilepsy seizure classification; EEG neurological disease classification; EEG preprocessing neurological disease
10.3389/fninf.2018.00095,https://doi.org/10.3389/fninf.2018.00095,Epileptic Seizure Detection Based on EEG Signals and CNN,2018,Frontiers in Neuroinformatics,Frontiers Media,492,Yes,No,,CHB-MIT scalp EEG database seizure; EEG epilepsy seizure classification
10.1016/j.neunet.2009.04.003,https://doi.org/10.1016/j.neunet.2009.04.003,A new supervised learning algorithm for multiple spiking neural networks with application in epilepsy and seizure detection,2009,Neural Networks,Elsevier BV,490,No,No,,EEG epilepsy seizure classification
10.7326/0003-4819-88-3-424,https://doi.org/10.7326/0003-4819-88-3-424,The <i>International Classification of Diseases</i>: Ninth Revision (ICD-9),1978,Annals of Internal Medicine,American College of Physicians,489,No,No,,graph attention network brain disease diagnosis
10.1109/tbme.2007.891945,https://doi.org/10.1109/tbme.2007.891945,Mixed-Band Wavelet-Chaos-Neural Network Methodology for Epilepsy and Epileptic Seizure Detection,2007,IEEE Transactions on Biomedical Engineering,Institute of Electrical and Electronics Engineers,472,No,No,,EEG epilepsy seizure classification
10.1212/wnl.0b013e3181e39658,https://doi.org/10.1212/wnl.0b013e3181e39658,Cognitive-behavioral therapy for psychogenic nonepileptic seizures,2010,Neurology,Lippincott Williams & Wilkins,471,No,No,,EEG epilepsy seizure classification
10.1016/j.asoc.2020.106954,https://doi.org/10.1016/j.asoc.2020.106954,EEG emotion recognition using fusion model of graph convolutional neural networks and LSTM,2020,Applied Soft Computing,Elsevier BV,469,No,No,,EEG graph convolutional network classification; EEG graph neural network
10.1016/j.yebeh.2014.06.023,https://doi.org/10.1016/j.yebeh.2014.06.023,"Seizure detection, seizure prediction, and closed-loop warning systems in epilepsy",2014,Epilepsy & Behavior,Elsevier BV,467,Yes,No,,EEG epilepsy seizure classification
10.1109/tbme.2007.905490,https://doi.org/10.1109/tbme.2007.905490,Principal Component Analysis-Enhanced Cosine Radial Basis Function Neural Network for Robust Epilepsy and Seizure Detection,2008,IEEE Transactions on Biomedical Engineering,Institute of Electrical and Electronics Engineers,466,No,No,,EEG epilepsy seizure classification
10.1186/s13634-015-0251-9,https://doi.org/10.1186/s13634-015-0251-9,A review of channel selection algorithms for EEG signal processing,2015,EURASIP Journal on Advances in Signal Processing,Springer Science+Business Media,458,Yes,No,,EEG wavelet transform feature extraction classification
10.1016/j.cmpb.2011.11.005,https://doi.org/10.1016/j.cmpb.2011.11.005,Automated sleep stage identification system based on time–frequency analysis of a single EEG channel and random forest classifier,2011,Computer Methods and Programs in Biomedicine,Elsevier BV,436,No,No,,EEG wavelet transform feature extraction classification
10.1016/j.jneumeth.2010.05.020,https://doi.org/10.1016/j.jneumeth.2010.05.020,Automatic epileptic seizure detection in EEGs based on line length feature and artificial neural networks,2010,Journal of Neuroscience Methods,Elsevier BV,434,No,No,,EEG epilepsy seizure classification
10.1186/s40708-020-00105-1,https://doi.org/10.1186/s40708-020-00105-1,A review of epileptic seizure detection using machine learning classifiers,2020,Brain Informatics,Springer Science+Business Media,429,Yes,No,,EEG epilepsy seizure classification
10.1109/tbme.2017.2650259,https://doi.org/10.1109/tbme.2017.2650259,A Multivariate Approach for Patient-Specific EEG Seizure Detection Using Empirical Wavelet Transform,2017,IEEE Transactions on Biomedical Engineering,Institute of Electrical and Electronics Engineers,425,No,No,,CHB-MIT scalp EEG database seizure
10.3233/ica-2007-14301,https://doi.org/10.3233/ica-2007-14301,Improved spiking neural networks for EEG classification and epilepsy and seizure detection,2007,Integrated Computer-Aided Engineering,IOS Press,418,No,No,,EEG epilepsy seizure classification
10.1016/j.bspc.2017.07.022,https://doi.org/10.1016/j.bspc.2017.07.022,"Performance evaluation of empirical mode decomposition, discrete wavelet transform, and wavelet packed decomposition for automated epileptic seizure detection and prediction",2017,Biomedical Signal Processing and Control,Elsevier BV,413,No,No,,CHB-MIT scalp EEG database seizure
10.1186/1471-2202-10-101,https://doi.org/10.1186/1471-2202-10-101,Functional neural network analysis in frontotemporal dementia and Alzheimer's disease using EEG and graph theory,2009,BMC Neuroscience,BioMed Central,408,Yes,Yes,SELECTED,EEG graph neural network
10.1016/j.jneumeth.2010.08.030,https://doi.org/10.1016/j.jneumeth.2010.08.030,Epileptic seizure detection using multiwavelet transform based approximate entropy and artificial neural networks,2010,Journal of Neuroscience Methods,Elsevier BV,402,No,No,,EEG epilepsy seizure classification
10.1212/wnl.59.4.490,https://doi.org/10.1212/wnl.59.4.490,Practice parameter: Evaluation of children and adolescents with recurrent headaches,2002,Neurology,Lippincott Williams & Wilkins,398,Yes,No,,EEG epilepsy seizure classification; EEG neurological disease classification
10.1016/j.cmpb.2023.107660,https://doi.org/10.1016/j.cmpb.2023.107660,ResNet and its application to medical image processing: Research progress and challenges,2023,Computer Methods and Programs in Biomedicine,Elsevier BV,396,No,No,,graph attention network brain disease diagnosis
10.1016/j.neunet.2020.01.017,https://doi.org/10.1016/j.neunet.2020.01.017,EEG based multi-class seizure type classification using convolutional neural network and transfer learning,2020,Neural Networks,Elsevier BV,383,Yes,No,,EEG epilepsy seizure classification; EEG spectrogram convolutional neural network classification
10.1111/j.1528-1157.1970.tb03903.x,https://doi.org/10.1111/j.1528-1157.1970.tb03903.x,Factors Related to the Occurrence of Typical Paroxysmal Abnormalities in the EEG Records of Epileptic Patients,1970,Epilepsia,Wiley,371,No,No,,EEG epilepsy seizure classification
10.1111/j.1528-1167.2005.00309.x,https://doi.org/10.1111/j.1528-1167.2005.00309.x,Epidemiology of Idiopathic Generalized Epilepsies,2005,Epilepsia,Wiley,367,No,No,,EEG epilepsy seizure classification
10.1109/tnsre.2015.2441835,https://doi.org/10.1109/tnsre.2015.2441835,EMD-Based Temporal and Spectral Features for the Classification of EEG Signals Using Supervised Learning,2015,IEEE Transactions on Neural Systems and Rehabilitation Engineering,Institute of Electrical and Electronics Engineers,361,Yes,No,,EEG epilepsy seizure classification
10.1007/s13246-015-0333-x,https://doi.org/10.1007/s13246-015-0333-x,Feature extraction and classification for EEG signals using wavelet transform and machine learning techniques,2015,Australasian Physical & Engineering Sciences in Medicine,Springer Science+Business Media,352,No,No,,EEG wavelet transform feature extraction classification
10.1111/epi.16815,https://doi.org/10.1111/epi.16815,The ILAE classification of seizures and the epilepsies: Modification for seizures in the neonate. Position paper by the ILAE Task Force on Neonatal Seizures,2021,Epilepsia,Wiley,350,Yes,No,,EEG epilepsy seizure classification
10.1109/tbme.2004.826702,https://doi.org/10.1109/tbme.2004.826702,BCI Competition 2003—Data Sets Ib and IIb: Feature Extraction From Event-Related Brain Potentials With the Continuous Wavelet Transform and the&amp;lt;tex&amp;gt;$hboxtt t$&amp;lt;/tex&amp;gt;-Value S,2004,IEEE Transactions on Biomedical Engineering,Institute of Electrical and Electronics Engineers,349,No,No,,EEG wavelet transform feature extraction classification
10.1002/hep.23216,https://doi.org/10.1002/hep.23216,Spectrum of neurocognitive impairment in cirrhosis,2009,Hepatology,Lippincott Williams & Wilkins,346,No,No,,EEG neurological disease classification
10.1016/j.neunet.2019.12.006,https://doi.org/10.1016/j.neunet.2019.12.006,A novel multi-modal machine learning based approach for automatic classification of EEG recordings in dementia,2019,Neural Networks,Elsevier BV,333,No,Yes,SELECTED,EEG neurological disease classification
10.1016/s0165-1684(97)00038-8,https://doi.org/10.1016/s0165-1684(97)00038-8,Classification of EEG signals using the wavelet transform,1997,Signal Processing,Elsevier BV,330,No,No,,EEG wavelet transform feature extraction classification
10.1142/s0129065711002808,https://doi.org/10.1142/s0129065711002808,APPLICATION OF RECURRENCE QUANTIFICATION ANALYSIS FOR THE AUTOMATED IDENTIFICATION OF EPILEPTIC EEG SIGNALS,2011,International Journal of Neural Systems,World Scientific,326,No,No,,EEG epilepsy seizure classification; EEG graph neural network
10.1007/s00702-010-0450-3,https://doi.org/10.1007/s00702-010-0450-3,New diagnostic EEG markers of the Alzheimer’s disease using visibility graph,2010,Journal of Neural Transmission,Springer Science+Business Media,324,No,No,,EEG graph neural network
10.1142/s0129065712500025,https://doi.org/10.1142/s0129065712500025,APPLICATION OF NON-LINEAR AND WAVELET BASED FEATURES FOR THE AUTOMATED IDENTIFICATION OF EPILEPTIC EEG SIGNALS,2012,International Journal of Neural Systems,World Scientific,322,No,No,,EEG epilepsy seizure classification
10.3389/fnhum.2012.00339,https://doi.org/10.3389/fnhum.2012.00339,Dynamic BOLD functional connectivity in humans and its electrophysiological correlates,2012,Frontiers in Human Neuroscience,Frontiers Media,310,Yes,No,,EEG graph neural network
10.1109/tnsre.2022.3194600,https://doi.org/10.1109/tnsre.2022.3194600,A Transformer-Based Approach Combining Deep Learning Network and Spatial-Temporal Information for Raw EEG Classification,2022,IEEE Transactions on Neural Systems and Rehabilitation Engineering,Institute of Electrical and Electronics Engineers,309,Yes,No,,EEG transformer classification
10.1093/brain/119.1.17,https://doi.org/10.1093/brain/119.1.17,An analysis of clinical seizure patterns and their localizing value in frontal and temporal lobe epilepsies,1996,Brain,Oxford University Press,307,Yes,No,,EEG epilepsy seizure classification
10.1016/j.neucom.2013.11.009,https://doi.org/10.1016/j.neucom.2013.11.009,Epileptic seizure detection using DWT based fuzzy approximate entropy and support vector machine,2014,Neurocomputing,Elsevier BV,306,No,No,,EEG epilepsy seizure classification
10.1111/j.1528-1167.2009.02075.x,https://doi.org/10.1111/j.1528-1167.2009.02075.x,Guidelines for imaging infants and children with recent‐onset epilepsy,2009,Epilepsia,Wiley,302,Yes,No,,EEG epilepsy seizure classification
10.1002/hbm.21297,https://doi.org/10.1002/hbm.21297,Functional brain network efficiency predicts intelligence,2011,Human Brain Mapping,Wiley,294,Yes,No,,EEG graph neural network
10.1109/tnsre.2012.2206054,https://doi.org/10.1109/tnsre.2012.2206054,Automatic Seizure Detection Using Wavelet Transform and SVM in Long-Term Intracranial EEG,2012,IEEE Transactions on Neural Systems and Rehabilitation Engineering,Institute of Electrical and Electronics Engineers,286,No,No,,EEG epilepsy seizure classification
10.1155/2017/8317357,https://doi.org/10.1155/2017/8317357,Emotion Recognition from EEG Signals Using Multidimensional Information in EMD Domain,2017,BioMed Research International,Hindawi Publishing Corporation,286,Yes,No,,EEG wavelet transform feature extraction classification
10.1016/j.neulet.2006.04.006,https://doi.org/10.1016/j.neulet.2006.04.006,Using graph theoretical analysis of multi channel EEG to evaluate the neural efficiency hypothesis,2006,Neuroscience Letters,Elsevier BV,284,No,No,,EEG graph neural network
10.1111/j.1528-1167.2012.03610.x,https://doi.org/10.1111/j.1528-1167.2012.03610.x,Hippocampal sclerosis—Origins and imaging,2012,Epilepsia,Wiley,272,Yes,No,,EEG epilepsy seizure classification
10.1016/j.dsp.2008.07.004,https://doi.org/10.1016/j.dsp.2008.07.004,Combined neural network model employing wavelet coefficients for EEG signals classification,2008,Digital Signal Processing,Elsevier BV,272,No,No,,EEG epilepsy seizure classification
10.1016/j.cmpb.2013.11.014,https://doi.org/10.1016/j.cmpb.2013.11.014,Epileptic seizure classification in EEG signals using second-order difference plot of intrinsic mode functions,2013,Computer Methods and Programs in Biomedicine,Elsevier BV,272,No,No,,EEG epilepsy seizure classification
10.1016/j.eswa.2011.05.096,https://doi.org/10.1016/j.eswa.2011.05.096,Best basis-based wavelet packet entropy feature extraction and hierarchical EEG classification for epileptic detection,2011,Expert Systems with Applications,Elsevier BV,272,No,No,,EEG epilepsy seizure classification
10.3390/e19060222,https://doi.org/10.3390/e19060222,Automatic Epileptic Seizure Detection in EEG Signals Using Multi-Domain Feature Extraction and Nonlinear Analysis,2017,Entropy,Multidisciplinary Digital Publishing Institute,269,Yes,No,,EEG epilepsy seizure classification
10.3390/ijerph16040599,https://doi.org/10.3390/ijerph16040599,A Deep Learning Model for Automated Sleep Stages Classification Using PSG Signals,2019,International Journal of Environmental Research and Public Health,Multidisciplinary Digital Publishing Institute,263,Yes,No,,EEG neurological disease classification
10.1109/tnsre.2021.3110665,https://doi.org/10.1109/tnsre.2021.3110665,Multi-View Spatial-Temporal Graph Convolutional Networks With Domain Generalization for Sleep Stage Classification,2021,IEEE Transactions on Neural Systems and Rehabilitation Engineering,Institute of Electrical and Electronics Engineers,262,Yes,Yes,,graph attention network brain disease diagnosis
10.3390/data8060095,https://doi.org/10.3390/data8060095,"A Dataset of Scalp EEG Recordings of Alzheimer’s Disease, Frontotemporal Dementia and Healthy Subjects from Routine EEG",2023,Data,Multidisciplinary Digital Publishing Institute,259,Yes,Yes,SELECTED,targeted-lookup
10.1016/j.eswa.2018.03.053,https://doi.org/10.1016/j.eswa.2018.03.053,EEG signal classification using universum support vector machine,2018,Expert Systems with Applications,Elsevier BV,257,No,No,,EEG epilepsy seizure classification
10.1007/s11760-012-0362-9,https://doi.org/10.1007/s11760-012-0362-9,Epileptic seizures detection in EEG using DWT-based ApEn and artificial neural network,2012,Signal Image and Video Processing,Springer Science+Business Media,255,No,No,,EEG epilepsy seizure classification
10.1093/brain/awab162,https://doi.org/10.1093/brain/awab162,"Early childhood epilepsies: epidemiology, classification, aetiology, and socio-economic determinants",2021,Brain,Oxford University Press,254,Yes,No,,EEG epilepsy seizure classification
10.1109/jbhi.2012.2237409,https://doi.org/10.1109/jbhi.2012.2237409,Detection of Seizure and Epilepsy Using Higher Order Statistics in the EMD Domain,2013,IEEE Journal of Biomedical and Health Informatics,Institute of Electrical and Electronics Engineers,252,No,No,,EEG epilepsy seizure classification
10.2307/1422455,https://doi.org/10.2307/1422455,Self-Regulation of the Brain and Behavior,1985,The American Journal of Psychology,University of Illinois Press,251,No,No,,EEG epilepsy seizure classification
10.1109/tnsre.2017.2697920,https://doi.org/10.1109/tnsre.2017.2697920,Real-Time Epileptic Seizure Detection Using EEG,2017,IEEE Transactions on Neural Systems and Rehabilitation Engineering,Institute of Electrical and Electronics Engineers,251,No,No,,EEG wavelet transform feature extraction classification
10.1212/nxg.0000000000000096,https://doi.org/10.1212/nxg.0000000000000096,<i>KCNQ2</i> encephalopathy,2016,Neurology Genetics,Wolters Kluwer,244,Yes,No,,EEG epilepsy seizure classification
10.1016/j.compbiomed.2020.104096,https://doi.org/10.1016/j.compbiomed.2020.104096,Hi-GCN: A hierarchical graph convolution network for graph embedding learning of brain network and brain disorders prediction,2020,Computers in Biology and Medicine,Elsevier BV,243,No,No,,graph attention network brain disease diagnosis
10.1142/s012906571250027x,https://doi.org/10.1142/s012906571250027x,APPLICATION OF EMPIRICAL MODE DECOMPOSITION (EMD) FOR AUTOMATED DETECTION OF EPILEPSY USING EEG SIGNALS,2012,International Journal of Neural Systems,World Scientific,241,No,No,,EEG epilepsy seizure classification
10.1109/access.2020.2976866,https://doi.org/10.1109/access.2020.2976866,Epileptic Seizures Prediction Using Deep Learning Techniques,2020,IEEE Access,Institute of Electrical and Electronics Engineers,238,Yes,No,,EEG neurological disease classification; EEG preprocessing neurological disease
10.1016/j.dsp.2007.05.009,https://doi.org/10.1016/j.dsp.2007.05.009,"Wavelet transform feature extraction from human PPG, ECG, and EEG signal responses to ELF PEMF exposures: A pilot study",2007,Digital Signal Processing,Elsevier BV,228,Yes,No,,EEG wavelet transform feature extraction classification
10.1109/access.2019.2927768,https://doi.org/10.1109/access.2019.2927768,Phase-Locking Value Based Graph Convolutional Neural Networks for Emotion Recognition,2019,IEEE Access,Institute of Electrical and Electronics Engineers,214,Yes,No,,EEG graph convolutional network classification; EEG graph neural network
10.1007/s11571-020-09626-1,https://doi.org/10.1007/s11571-020-09626-1,Complex networks and deep learning for EEG signal analysis,2020,Cognitive Neurodynamics,Springer Science+Business Media,213,Yes,No,,EEG representation learning neurological disorder
10.1016/j.eswa.2016.02.040,https://doi.org/10.1016/j.eswa.2016.02.040,A novel robust diagnostic model to detect seizures in electroencephalography,2016,Expert Systems with Applications,Elsevier BV,212,No,No,,EEG wavelet transform feature extraction classification
10.3390/s18051383,https://doi.org/10.3390/s18051383,Electroencephalography Based Fusion Two-Dimensional (2D)-Convolution Neural Networks (CNN) Model for Emotion Recognition System,2018,Sensors,Multidisciplinary Digital Publishing Institute,207,Yes,No,,EEG wavelet transform feature extraction classification
10.1109/access.2018.2889093,https://doi.org/10.1109/access.2018.2889093,Wavelet Transform Time-Frequency Image and Convolutional Network-Based Motor Imagery EEG Classification,2018,IEEE Access,Institute of Electrical and Electronics Engineers,207,Yes,No,,EEG wavelet transform feature extraction classification
10.1007/s11571-014-9325-x,https://doi.org/10.1007/s11571-014-9325-x,Power spectral density and coherence analysis of Alzheimer’s EEG,2014,Cognitive Neurodynamics,Springer Science+Business Media,203,No,No,,EEG functional connectivity disease classification
10.4061/2011/539621,https://doi.org/10.4061/2011/539621,Slowing and Loss of Complexity in Alzheimer′s EEG: Two Sides of the Same Coin?,2011,International Journal of Alzheimer s Disease,Hindawi Publishing Corporation,202,Yes,No,,EEG Alzheimer classification
10.1159/000512985,https://doi.org/10.1159/000512985,Detection of Epileptic Seizure Using Pretrained Deep Convolutional Neural Network and Transfer Learning,2020,European Neurology,Karger Publishers,202,No,No,,EEG spectrogram convolutional neural network classification
10.1109/jbhi.2020.2967128,https://doi.org/10.1109/jbhi.2020.2967128,Motor Imagery Classification via Temporal Attention Cues of Graph Embedded EEG Signals,2020,IEEE Journal of Biomedical and Health Informatics,Institute of Electrical and Electronics Engineers,199,No,No,,EEG graph convolutional network classification; EEG graph neural network
10.1109/tnsre.2019.2940485,https://doi.org/10.1109/tnsre.2019.2940485,Deep Multi-View Feature Learning for EEG-Based Epileptic Seizure Detection,2019,IEEE Transactions on Neural Systems and Rehabilitation Engineering,Institute of Electrical and Electronics Engineers,198,No,No,,EEG wavelet transform feature extraction classification
10.1186/s12984-016-0212-z,https://doi.org/10.1186/s12984-016-0212-z,A motion-classification strategy based on sEMG-EEG signal combination for upper-limb amputees,2017,Journal of NeuroEngineering and Rehabilitation,BioMed Central,197,Yes,No,,EEG neurological disease classification; EEG preprocessing neurological disease
10.1371/journal.pone.0014187,https://doi.org/10.1371/journal.pone.0014187,Defecting or Not Defecting: How to “Read” Human Behavior during Cooperative Games by EEG Measurements,2010,PLoS ONE,Public Library of Science,189,Yes,No,,EEG graph neural network
10.1109/access.2023.3294618,https://doi.org/10.1109/access.2023.3294618,DICE-Net: A Novel Convolution-Transformer Architecture for Alzheimer Detection in EEG Signals,2023,IEEE Access,Institute of Electrical and Electronics Engineers,187,Yes,Yes,SELECTED,EEG Alzheimer classification; EEG transformer classification
10.1109/tcyb.2021.3071860,https://doi.org/10.1109/tcyb.2021.3071860,Spatio-Temporal-Spectral Hierarchical Graph Convolutional Network With Semisupervised Active Learning for Patient-Specific Seizure Prediction,2021,IEEE Transactions on Cybernetics,Institute of Electrical and Electronics Engineers,186,No,No,,EEG graph neural network
10.1186/1471-2202-15-88,https://doi.org/10.1186/1471-2202-15-88,Sleep deprivation leads to a loss of functional connectivity in frontal brain regions,2014,BMC Neuroscience,BioMed Central,184,Yes,No,,EEG graph neural network
10.3390/bioengineering10030372,https://doi.org/10.3390/bioengineering10030372,Connectivity Analysis in EEG Data: A Tutorial Review of the State of the Art and Emerging Trends,2023,Bioengineering,Multidisciplinary Digital Publishing Institute,183,Yes,Yes,,EEG graph neural network
10.1016/j.physa.2012.04.025,https://doi.org/10.1016/j.physa.2012.04.025,Improved visibility graph fractality with application for the diagnosis of Autism Spectrum Disorder,2012,Physica A Statistical Mechanics and its Applications,Elsevier BV,182,No,No,,EEG graph neural network
10.1016/j.bbe.2020.01.010,https://doi.org/10.1016/j.bbe.2020.01.010,Automatic sleep stage classification using time–frequency images of CWT and transfer learning using convolution neural network,2020,Journal of Applied Biomedicine,Elsevier BV,182,No,No,,EEG wavelet transform feature extraction classification
10.1109/tim.2021.3070608,https://doi.org/10.1109/tim.2021.3070608,SPWVD-CNN for Automated Detection of Schizophrenia Patients Using EEG Signals,2021,IEEE Transactions on Instrumentation and Measurement,Institute of Electrical and Electronics Engineers,181,No,No,,EEG spectrogram convolutional neural network classification; EEG wavelet transform feature extraction classification
10.1109/taffc.2021.3051332,https://doi.org/10.1109/taffc.2021.3051332,SparseDGCNN: Recognizing Emotion From Multichannel EEG Signals,2021,IEEE Transactions on Affective Computing,Institute of Electrical and Electronics Engineers,180,Yes,No,,EEG graph neural network
10.1016/j.bbe.2017.08.006,https://doi.org/10.1016/j.bbe.2017.08.006,Electroencephalography (EEG) signal processing for epilepsy and autism spectrum disorder diagnosis,2017,Journal of Applied Biomedicine,Elsevier BV,180,No,No,,EEG wavelet transform feature extraction classification
10.1007/s11571-020-09619-0,https://doi.org/10.1007/s11571-020-09619-0,Major depressive disorder diagnosis based on effective connectivity in EEG signals: a convolutional neural network and long short-term memory approach,2020,Cognitive Neurodynamics,Springer Science+Business Media,180,Yes,No,,EEG channel spatial relationship deep learning
10.1109/tnnls.2023.3236635,https://doi.org/10.1109/tnnls.2023.3236635,LGGNet: Learning From Local-Global-Graph Representations for Brain–Computer Interface,2023,IEEE Transactions on Neural Networks and Learning Systems,Institute of Electrical and Electronics Engineers,179,Yes,No,,EEG graph convolutional network classification; EEG graph neural network
10.1016/j.bbr.2015.10.036,https://doi.org/10.1016/j.bbr.2015.10.036,Brain functional connectivity patterns for emotional state classification in Parkinson’s disease patients without dementia,2015,Behavioural Brain Research,Elsevier BV,177,No,No,,EEG functional connectivity disease classification
10.3390/s20092505,https://doi.org/10.3390/s20092505,EEG Signal Analysis for Diagnosing Neurological Disorders Using Discrete Wavelet Transform and Intelligent Techniques,2020,Sensors,Multidisciplinary Digital Publishing Institute,176,Yes,No,,EEG neurological disease classification; EEG wavelet transform feature extraction classification
10.1109/tifs.2019.2916403,https://doi.org/10.1109/tifs.2019.2916403,Convolutional Neural Networks Using Dynamic Functional Connectivity for EEG-Based Person Identification in Diverse Human States,2019,IEEE Transactions on Information Forensics and Security,Institute of Electrical and Electronics Engineers,176,Yes,No,,EEG graph neural network
10.1155/2014/450573,https://doi.org/10.1155/2014/450573,Detection of Epileptic Seizure Event and Onset Using EEG,2014,BioMed Research International,Hindawi Publishing Corporation,176,Yes,No,,CHB-MIT scalp EEG database seizure
10.1109/jsen.2019.2917850,https://doi.org/10.1109/jsen.2019.2917850,An Effective Hybrid Model for EEG-Based Drowsiness Detection,2019,IEEE Sensors Journal,IEEE Sensors Council,175,No,No,,EEG wavelet transform feature extraction classification
10.1016/j.bspc.2021.102648,https://doi.org/10.1016/j.bspc.2021.102648,EEG-based emotion recognition using tunable Q wavelet transform and rotation forest ensemble classifier,2021,Biomedical Signal Processing and Control,Elsevier BV,174,Yes,No,,EEG wavelet transform feature extraction classification
10.1097/wad.0b013e3181ed1160,https://doi.org/10.1097/wad.0b013e3181ed1160,Fractality and a Wavelet-chaos-Methodology for EEG-based Diagnosis of Alzheimer Disease,2010,Alzheimer Disease & Associated Disorders,Lippincott Williams & Wilkins,173,No,No,,EEG Alzheimer classification
10.1212/wnl.0b013e31820ce6bb,https://doi.org/10.1212/wnl.0b013e31820ce6bb,Intermittent theta-burst transcranial magnetic stimulation for treatment of Parkinson disease,2011,Neurology,Lippincott Williams & Wilkins,173,No,No,,EEG Parkinson classification
10.1016/j.bspc.2019.04.028,https://doi.org/10.1016/j.bspc.2019.04.028,Automatic epileptic EEG detection using convolutional neural network with improvements in time-domain,2019,Biomedical Signal Processing and Control,Elsevier BV,173,No,No,,CHB-MIT scalp EEG database seizure
10.1016/j.bspc.2017.01.001,https://doi.org/10.1016/j.bspc.2017.01.001,Detection of epileptic seizure using Kraskov entropy applied on tunable-Q wavelet transform of EEG signals,2017,Biomedical Signal Processing and Control,Elsevier BV,173,No,No,,EEG wavelet transform feature extraction classification
10.1016/j.compbiomed.2019.04.031,https://doi.org/10.1016/j.compbiomed.2019.04.031,Classification of epileptic EEG recordings using signal transforms and convolutional neural networks,2019,Computers in Biology and Medicine,Elsevier BV,173,No,No,,EEG wavelet transform feature extraction classification
10.3390/s22249859,https://doi.org/10.3390/s22249859,Explainable Artificial Intelligence Model for Stroke Prediction Using EEG Signal,2022,Sensors,Multidisciplinary Digital Publishing Institute,172,Yes,No,,EEG neurological disease classification
10.1002/wps.20227,https://doi.org/10.1002/wps.20227,The NIMH experimental medicine initiative,2015,World Psychiatry,Wiley,171,Yes,No,,EEG neurological disease classification
10.1109/tnnls.2022.3202569,https://doi.org/10.1109/tnnls.2022.3202569,GCNs-Net: A Graph Convolutional Neural Network Approach for Decoding Time-Resolved EEG Motor Imagery Signals,2022,IEEE Transactions on Neural Networks and Learning Systems,Institute of Electrical and Electronics Engineers,171,No,No,,EEG graph convolutional network classification; EEG graph neural network
10.1186/s12911-018-0613-y,https://doi.org/10.1186/s12911-018-0613-y,Combining EEG signal processing with supervised methods for Alzheimer’s patients classification,2018,BMC Medical Informatics and Decision Making,BioMed Central,171,Yes,Yes,,EEG wavelet transform feature extraction classification
10.1016/j.neuroimage.2015.03.057,https://doi.org/10.1016/j.neuroimage.2015.03.057,Dynamic reorganization of brain functional networks during cognition,2015,NeuroImage,Elsevier BV,170,No,No,,EEG graph neural network
10.1016/j.neuroimage.2013.09.044,https://doi.org/10.1016/j.neuroimage.2013.09.044,Function–structure associations of the brain: Evidence from multimodal connectivity and covariance studies,2013,NeuroImage,Elsevier BV,170,No,No,,EEG functional connectivity disease classification
10.1093/brain/awv200,https://doi.org/10.1093/brain/awv200,Coherent neural oscillations predict future motor and language improvement after stroke,2015,Brain,Oxford University Press,166,Yes,No,,EEG graph neural network
10.1038/s41598-019-42693-x,https://doi.org/10.1038/s41598-019-42693-x,Pulsed Near Infrared Transcranial and Intranasal Photobiomodulation Significantly Modulates Neural Oscillations: a pilot exploratory study,2019,Scientific Reports,Nature Portfolio,164,Yes,No,,EEG graph neural network
10.1046/j.1528-1157.2001.30600.x,https://doi.org/10.1046/j.1528-1157.2001.30600.x,Visual Sensitivity and Epilepsy: A Proposed Terminology and Classification for Clinical and EEG Phenomenology,2001,Epilepsia,Wiley,161,Yes,No,,EEG Alzheimer classification
10.1016/j.expneurol.2009.02.001,https://doi.org/10.1016/j.expneurol.2009.02.001,Indications for network regularization during absence seizures: Weighted and unweighted graph theoretical analyses,2009,Experimental Neurology,Elsevier BV,161,No,No,,EEG graph neural network
10.3389/fnins.2020.00251,https://doi.org/10.3389/fnins.2020.00251,Deep Learning Convolutional Neural Networks Discriminate Adult ADHD From Healthy Individuals on the Basis of Event-Related Spectral EEG,2020,Frontiers in Neuroscience,Frontiers Media,161,Yes,No,,EEG spectrogram convolutional neural network classification
10.1038/s41598-024-71118-7,https://doi.org/10.1038/s41598-024-71118-7,CTNet: a convolutional transformer network for EEG-based motor imagery classification,2024,Scientific Reports,Nature Portfolio,161,Yes,No,,EEG transformer classification
10.1109/jbhi.2022.3198688,https://doi.org/10.1109/jbhi.2022.3198688,EEG-Based Emotion Recognition Using Spatial-Temporal Graph Convolutional LSTM With Attention Mechanism,2022,IEEE Journal of Biomedical and Health Informatics,Institute of Electrical and Electronics Engineers,159,No,No,,EEG channel spatial relationship deep learning
10.1111/j.1528-1167.2008.01706_3.x,https://doi.org/10.1111/j.1528-1167.2008.01706_3.x,The drug treatment of status epilepticus in Europe: Consensus document from a workshop at the first London Colloquium on Status Epilepticus,2008,Epilepsia,Wiley,158,Yes,No,,EEG neurological disease classification
10.1109/access.2019.2939623,https://doi.org/10.1109/access.2019.2939623,Motor Imagery EEG Signals Classification Based on Mode Amplitude and Frequency Components Using Empirical Wavelet Transform,2019,IEEE Access,Institute of Electrical and Electronics Engineers,158,Yes,No,,EEG wavelet transform feature extraction classification
10.3390/e20010035,https://doi.org/10.3390/e20010035,Automated Multiclass Classification of Spontaneous EEG Activity in Alzheimer’s Disease and Mild Cognitive Impairment,2018,Entropy,Multidisciplinary Digital Publishing Institute,157,Yes,Yes,,EEG band power spectral features classification dementia
10.1016/j.media.2016.03.003,https://doi.org/10.1016/j.media.2016.03.003,Hyper-connectivity of functional networks for brain disease diagnosis,2016,Medical Image Analysis,Elsevier BV,157,Yes,No,,graph attention network brain disease diagnosis
10.3389/frai.2022.1072801,https://doi.org/10.3389/frai.2022.1072801,Trends in EEG signal feature extraction applications,2023,Frontiers in Artificial Intelligence,Frontiers Media,156,Yes,No,,EEG neurological disease classification
10.1155/2017/1240323,https://doi.org/10.1155/2017/1240323,Epileptic Seizure Prediction Using CSP and LDA for Scalp EEG Signals,2017,Computational Intelligence and Neuroscience,Hindawi Publishing Corporation,152,Yes,No,,CHB-MIT scalp EEG database seizure
10.1016/j.bspc.2021.103417,https://doi.org/10.1016/j.bspc.2021.103417,"Detection of epileptic seizures on EEG signals using ANFIS classifier, autoencoders and fuzzy entropies",2021,Biomedical Signal Processing and Control,Elsevier BV,152,Yes,No,,EEG wavelet transform feature extraction classification
10.4236/jbise.2014.74019,https://doi.org/10.4236/jbise.2014.74019,Speech Analysis for Diagnosis of Parkinson’s Disease Using Genetic Algorithm and Support Vector Machine,2014,Journal of Biomedical Science and Engineering,Scientific Research Publishing,151,Yes,No,,EEG Parkinson classification
10.4015/s1016237214500215,https://doi.org/10.4015/s1016237214500215,CLASSIFICATION OF EEG SIGNALS FOR DETECTION OF EPILEPTIC SEIZURES BASED ON WAVELETS AND STATISTICAL PATTERN RECOGNITION,2014,Biomedical Engineering Applications Basis and Communications,World Scientific,151,Yes,No,,EEG wavelet transform feature extraction classification
10.1038/s41598-017-15082-5,https://doi.org/10.1038/s41598-017-15082-5,Network Properties in Transitions of Consciousness during Propofol-induced Sedation,2017,Scientific Reports,Nature Portfolio,148,Yes,No,,EEG graph neural network
10.1002/hbm.20662,https://doi.org/10.1002/hbm.20662,Altered sleep brain functional connectivity in acutely depressed patients,2008,Human Brain Mapping,Wiley,148,Yes,No,,EEG graph neural network
10.1109/tnsre.2019.2909100,https://doi.org/10.1109/tnsre.2019.2909100,A Dementia Classification Framework Using Frequency and Time-Frequency Features Based on EEG Signals,2019,IEEE Transactions on Neural Systems and Rehabilitation Engineering,Institute of Electrical and Electronics Engineers,147,Yes,Yes,,EEG wavelet transform feature extraction classification
10.1109/jsen.2021.3080135,https://doi.org/10.1109/jsen.2021.3080135,PDCNNet: An Automatic Framework for the Detection of Parkinson’s Disease Using EEG Signals,2021,IEEE Sensors Journal,IEEE Sensors Council,146,No,No,,EEG neurological disease classification
10.3390/electronics10141740,https://doi.org/10.3390/electronics10141740,GaborPDNet: Gabor Transformation and Deep Neural Network for Parkinson’s Disease Detection Using EEG Signals,2021,Electronics,Multidisciplinary Digital Publishing Institute,146,Yes,No,,EEG Parkinson classification; EEG spectrogram convolutional neural network classification
10.1109/tnsre.2020.2980223,https://doi.org/10.1109/tnsre.2020.2980223,How Sensitive Are EEG Results to Preprocessing Methods: A Benchmarking Study,2020,IEEE Transactions on Neural Systems and Rehabilitation Engineering,Institute of Electrical and Electronics Engineers,146,Yes,No,,EEG preprocessing comparison pipeline
10.1142/s0129065720500197,https://doi.org/10.1142/s0129065720500197,Automatic Seizure Detection using Fully Convolutional Nested LSTM,2020,International Journal of Neural Systems,World Scientific,145,No,No,,CHB-MIT scalp EEG database seizure
10.1016/j.nicl.2013.03.007,https://doi.org/10.1016/j.nicl.2013.03.007,Disturbed resting state EEG synchronization in bipolar disorder: A graph-theoretic analysis,2013,NeuroImage Clinical,Elsevier BV,144,Yes,No,,EEG graph neural network
10.1177/155005940503600303,https://doi.org/10.1177/155005940503600303,Alzheimer's Disease: Models of Computation and Analysis of EEGs,2005,Clinical EEG and Neuroscience,SAGE Publishing,140,No,No,,EEG neurological disease classification
10.1016/j.autcon.2023.104887,https://doi.org/10.1016/j.autcon.2023.104887,Identifying mental fatigue of construction workers using EEG and deep learning,2023,Automation in Construction,Elsevier BV,137,No,No,,EEG wavelet transform feature extraction classification
10.1109/jsen.2019.2956072,https://doi.org/10.1109/jsen.2019.2956072,Time-Frequency Domain Deep Convolutional Neural Network for the Classification of Focal and Non-Focal EEG Signals,2019,IEEE Sensors Journal,IEEE Sensors Council,136,No,No,,EEG neurological disease classification
10.3390/brainsci9080201,https://doi.org/10.3390/brainsci9080201,EEG Signals Feature Extraction Based on DWT and EMD Combined with Approximate Entropy,2019,Brain Sciences,Multidisciplinary Digital Publishing Institute,135,Yes,No,,EEG wavelet transform feature extraction classification
10.1371/journal.pone.0157243,https://doi.org/10.1371/journal.pone.0157243,"Choosing Wavelet Methods, Filters, and Lengths for Functional Brain Network Construction",2016,PLoS ONE,Public Library of Science,134,Yes,No,,EEG functional connectivity disease classification; EEG neurological disease classification
10.1016/j.asoc.2016.11.002,https://doi.org/10.1016/j.asoc.2016.11.002,An integrated alcoholic index using tunable-Q wavelet transform based features extracted from EEG signals for diagnosis of alcoholism,2016,Applied Soft Computing,Elsevier BV,133,No,No,,EEG wavelet transform feature extraction classification
10.1371/journal.pone.0010839,https://doi.org/10.1371/journal.pone.0010839,‘Functional Connectivity’ Is a Sensitive Predictor of Epilepsy Diagnosis after the First Seizure,2010,PLoS ONE,Public Library of Science,132,Yes,No,,EEG functional connectivity disease classification
10.1038/s41598-020-78784-3,https://doi.org/10.1038/s41598-020-78784-3,Automatic seizure detection based on imaged-EEG signals through fully convolutional networks,2020,Scientific Reports,Nature Portfolio,131,Yes,No,,CHB-MIT scalp EEG database seizure
10.1109/tmm.2024.3385676,https://doi.org/10.1109/tmm.2024.3385676,PGCN: Pyramidal Graph Convolutional Network for EEG Emotion Recognition,2024,IEEE Transactions on Multimedia,Institute of Electrical and Electronics Engineers,131,No,No,,graph attention network brain disease diagnosis
10.1109/tetc.2021.3087174,https://doi.org/10.1109/tetc.2021.3087174,Graph-Embedded Convolutional Neural Network for Image-Based EEG Emotion Recognition,2021,IEEE Transactions on Emerging Topics in Computing,Institute of Electrical and Electronics Engineers,130,No,No,,EEG graph neural network
10.1109/jbhi.2020.2971610,https://doi.org/10.1109/jbhi.2020.2971610,Adversarial Representation Learning for Robust Patient-Independent Epileptic Seizure Detection,2020,IEEE Journal of Biomedical and Health Informatics,Institute of Electrical and Electronics Engineers,130,No,No,,EEG representation learning neurological disorder
10.1109/tmi.2022.3187141,https://doi.org/10.1109/tmi.2022.3187141,Multicenter and Multichannel Pooling GCN for Early AD Diagnosis Based on Dual-Modality Fused Brain Network,2022,IEEE Transactions on Medical Imaging,Institute of Electrical and Electronics Engineers,130,No,No,,graph attention network brain disease diagnosis
10.1016/j.patrec.2017.03.017,https://doi.org/10.1016/j.patrec.2017.03.017,Automated detection of focal EEG signals using features extracted from flexible analytic wavelet transform,2017,Pattern Recognition Letters,Elsevier BV,129,No,No,,EEG neurological disease classification
10.1016/j.jneumeth.2010.08.027,https://doi.org/10.1016/j.jneumeth.2010.08.027,Tracking brain dynamics via time-dependent network analysis,2010,Journal of Neuroscience Methods,Elsevier BV,129,No,No,,EEG graph neural network
10.1111/j.1528-1167.2008.01777.x,https://doi.org/10.1111/j.1528-1167.2008.01777.x,Typical absence seizures and related epileptic syndromes: Assessment of current state and directions for future research,2008,Epilepsia,Wiley,127,Yes,No,,EEG neurological disease classification
10.3390/s20164485,https://doi.org/10.3390/s20164485,Data Augmentation for Motor Imagery Signal Classification Based on a Hybrid Neural Network,2020,Sensors,Multidisciplinary Digital Publishing Institute,127,Yes,No,,EEG spectrogram convolutional neural network classification
10.1109/tase.2021.3088897,https://doi.org/10.1109/tase.2021.3088897,A Temporal–Spatial Deep Learning Approach for Driver Distraction Detection Based on EEG Signals,2021,IEEE Transactions on Automation Science and Engineering,Institute of Electrical and Electronics Engineers,127,No,No,,EEG channel spatial relationship deep learning
10.1016/j.neuroscience.2015.12.036,https://doi.org/10.1016/j.neuroscience.2015.12.036,Cortical connectivity and memory performance in cognitive decline: A study via graph theory from EEG data,2015,Neuroscience,Elsevier BV,126,No,No,,EEG graph neural network
10.1109/tnsre.2022.3204913,https://doi.org/10.1109/tnsre.2022.3204913,EEG-Based Graph Neural Network Classification of Alzheimer’s Disease: An Empirical Evaluation of Functional Connectivity Methods,2022,IEEE Transactions on Neural Systems and Rehabilitation Engineering,Institute of Electrical and Electronics Engineers,126,Yes,Yes,SELECTED,EEG functional connectivity disease classification; EEG graph convolutional network classification; EEG graph neural network
10.1016/j.neuroimage.2019.116341,https://doi.org/10.1016/j.neuroimage.2019.116341,Emotional valence modulates the topology of the parent-infant inter-brain network,2019,NeuroImage,Elsevier BV,126,Yes,No,,EEG graph neural network
10.1016/j.jneumeth.2008.09.014,https://doi.org/10.1016/j.jneumeth.2008.09.014,EEG-based motor imagery analysis using weighted wavelet transform features,2008,Journal of Neuroscience Methods,Elsevier BV,126,No,No,,EEG wavelet transform feature extraction classification
10.1109/access.2019.2959234,https://doi.org/10.1109/access.2019.2959234,Detection of Epilepsy Seizures in Neo-Natal EEG Using LSTM Architecture,2019,IEEE Access,Institute of Electrical and Electronics Engineers,125,Yes,No,,EEG neurological disease classification
10.3233/jad-2005-7301,https://doi.org/10.3233/jad-2005-7301,"Alzheimer's disease and models of computation: Imaging, classification, and neural models",2005,Journal of Alzheimer s Disease,IOS Press,125,No,No,,EEG neurological disease classification
10.1109/taffc.2022.3199075,https://doi.org/10.1109/taffc.2022.3199075,A Dual-Branch Dynamic Graph Convolution Based Adaptive TransFormer Feature Fusion Network for EEG Emotion Recognition,2022,IEEE Transactions on Affective Computing,Institute of Electrical and Electronics Engineers,124,No,No,,EEG graph convolutional network classification; EEG graph neural network; EEG transformer classification
10.1016/j.neunet.2023.04.045,https://doi.org/10.1016/j.neunet.2023.04.045,A transformer-based deep neural network model for SSVEP classification,2023,Neural Networks,Elsevier BV,124,No,No,,EEG transformer classification
10.1093/ilar.41.2.72,https://doi.org/10.1093/ilar.41.2.72,Defining the Moribund Condition as an Experimental Endpoint for Animal Research,2000,ILAR Journal,Oxford University Press,123,Yes,No,,EEG neurological disease classification
10.1109/tnsre.2022.3143540,https://doi.org/10.1109/tnsre.2022.3143540,Epileptic Seizure Detection Based on Bidirectional Gated Recurrent Unit Network,2022,IEEE Transactions on Neural Systems and Rehabilitation Engineering,Institute of Electrical and Electronics Engineers,122,Yes,No,,CHB-MIT scalp EEG database seizure
10.1016/j.compbiomed.2022.105242,https://doi.org/10.1016/j.compbiomed.2022.105242,Exploiting pretrained CNN models for the development of an EEG-based robust BCI framework,2022,Computers in Biology and Medicine,Elsevier BV,122,No,No,,EEG wavelet transform feature extraction classification
10.1109/jbhi.2025.3530922,https://doi.org/10.1109/jbhi.2025.3530922,Neural Manifold Decoder for Acupuncture Stimulations With Representation Learning: An Acupuncture-Brain Interface,2025,IEEE Journal of Biomedical and Health Informatics,Institute of Electrical and Electronics Engineers,121,No,No,,EEG representation learning neurological disorder
10.18280/ts.370209,https://doi.org/10.18280/ts.370209,Automatic Detection of Schizophrenia by Applying Deep Learning over Spectrogram Images of EEG Signals,2020,Traitement du signal,International Information and Engineering Technology Association,121,Yes,No,,EEG spectrogram convolutional neural network classification
10.1371/journal.pone.0253094,https://doi.org/10.1371/journal.pone.0253094,A spectrogram image based intelligent technique for automatic detection of autism spectrum disorder from EEG,2021,PLoS ONE,Public Library of Science,120,Yes,No,,EEG spectrogram convolutional neural network classification
10.1016/j.jocs.2023.101943,https://doi.org/10.1016/j.jocs.2023.101943,Multiple classification of EEG signals and epileptic seizure diagnosis with combined deep learning,2023,Journal of Computational Science,Elsevier BV,119,No,No,,EEG neurological disease classification
10.1109/tnsre.2008.2009784,https://doi.org/10.1109/tnsre.2008.2009784,Neural Basis for Brain Responses to TV Commercials: A High-Resolution EEG Study,2008,IEEE Transactions on Neural Systems and Rehabilitation Engineering,Institute of Electrical and Electronics Engineers,119,No,No,,EEG graph neural network
10.1109/tbme.2018.2850959,https://doi.org/10.1109/tbme.2018.2850959,Detecting Abnormal Pattern of Epileptic Seizures via Temporal Synchronization of EEG Signals,2018,IEEE Transactions on Biomedical Engineering,Institute of Electrical and Electronics Engineers,119,No,No,,CHB-MIT scalp EEG database seizure
10.1109/jssc.2022.3204508,https://doi.org/10.1109/jssc.2022.3204508,NeuralTree: A 256-Channel 0.227-μJ/Class Versatile Neural Activity Classification and Closed-Loop Neuromodulation SoC,2022,IEEE Journal of Solid-State Circuits,Institute of Electrical and Electronics Engineers,118,Yes,No,,EEG neurological disease classification
10.1212/wnl.53.9.2064,https://doi.org/10.1212/wnl.53.9.2064,Prevalence of epilepsy in rural Bolivia,1999,Neurology,Lippincott Williams & Wilkins,118,No,No,,EEG Parkinson classification; EEG neurological disease classification
10.1016/j.cmpb.2023.107380,https://doi.org/10.1016/j.cmpb.2023.107380,EEG emotion recognition using improved graph neural network with channel selection,2023,Computer Methods and Programs in Biomedicine,Elsevier BV,118,No,No,,EEG graph convolutional network classification; EEG graph neural network
10.3389/fnins.2021.611653,https://doi.org/10.3389/fnins.2021.611653,Cross-Subject EEG Emotion Recognition With Self-Organized Graph Neural Network,2021,Frontiers in Neuroscience,Frontiers Media,117,Yes,No,,EEG graph neural network
10.1016/j.cmpb.2008.02.005,https://doi.org/10.1016/j.cmpb.2008.02.005,Epileptic EEG detection using neural networks and post-classification,2008,Computer Methods and Programs in Biomedicine,Elsevier BV,117,No,No,,EEG wavelet transform feature extraction classification
10.1186/s12911-023-02180-w,https://doi.org/10.1186/s12911-023-02180-w,An automated detection of epileptic seizures EEG using CNN classifier based on feature fusion with high accuracy,2023,BMC Medical Informatics and Decision Making,BioMed Central,117,Yes,No,,EEG wavelet transform feature extraction classification
10.1109/tnsre.2024.3355750,https://doi.org/10.1109/tnsre.2024.3355750,Graph Neural Network-Based EEG Classification: A Survey,2024,IEEE Transactions on Neural Systems and Rehabilitation Engineering,Institute of Electrical and Electronics Engineers,116,Yes,Yes,SELECTED,EEG graph convolutional network classification; EEG graph neural network; EEG neurological disease classification
10.1016/j.jksuci.2013.01.001,https://doi.org/10.1016/j.jksuci.2013.01.001,Classification of EEG Signals using adaptive weighted distance nearest neighbor algorithm,2013,Journal of King Saud University - Computer and Information Sciences,Elsevier BV,115,Yes,No,,EEG Alzheimer classification
10.3389/fneur.2019.00806,https://doi.org/10.3389/fneur.2019.00806,Deep Learning With EEG Spectrograms in Rapid Eye Movement Behavior Disorder,2019,Frontiers in Neurology,Frontiers Media,115,Yes,No,,EEG spectrogram convolutional neural network classification
10.1016/j.compbiomed.2022.106463,https://doi.org/10.1016/j.compbiomed.2022.106463,TC-Net: A Transformer Capsule Network for EEG-based emotion recognition,2022,Computers in Biology and Medicine,Elsevier BV,115,No,No,,EEG channel spatial relationship deep learning
10.1038/srep39688,https://doi.org/10.1038/srep39688,The Fall of Sleep K-Complex in Alzheimer Disease,2017,Scientific Reports,Nature Portfolio,112,Yes,No,,EEG Alzheimer classification
10.1016/s0011-5029(03)00065-8,https://doi.org/10.1016/s0011-5029(03)00065-8,Epilepsy,2003,Disease-a-Month,Elsevier BV,111,No,No,,EEG neurological disease classification
10.1109/access.2022.3198988,https://doi.org/10.1109/access.2022.3198988,EEG Signal Processing for Alzheimer’s Disorders Using Discrete Wavelet Transform and Machine Learning Approaches,2022,IEEE Access,Institute of Electrical and Electronics Engineers,111,Yes,Yes,,EEG neurological disease classification
10.1016/j.compbiomed.2021.105048,https://doi.org/10.1016/j.compbiomed.2021.105048,An adversarial discriminative temporal convolutional network for EEG-based cross-domain emotion recognition,2021,Computers in Biology and Medicine,Elsevier BV,111,Yes,No,,EEG graph convolutional network classification
10.1016/j.nbd.2022.105918,https://doi.org/10.1016/j.nbd.2022.105918,Genuine high-order interactions in brain networks and neurodegeneration,2022,Neurobiology of Disease,Elsevier BV,111,Yes,No,,EEG functional connectivity disease classification
10.1016/j.jneumeth.2020.108618,https://doi.org/10.1016/j.jneumeth.2020.108618,An EEG-fNIRS hybridization technique in the four-class classification of alzheimer’s disease,2020,Journal of Neuroscience Methods,Elsevier BV,110,Yes,No,,EEG neurological disease classification
10.1109/jbhi.2016.2544061,https://doi.org/10.1109/jbhi.2016.2544061,The Reorganization of Human Brain Networks Modulated by Driving Mental Fatigue,2016,IEEE Journal of Biomedical and Health Informatics,Institute of Electrical and Electronics Engineers,110,No,No,,EEG graph neural network
10.1016/j.ejrad.2023.110934,https://doi.org/10.1016/j.ejrad.2023.110934,Artificial intelligence-based diagnosis of Alzheimer's disease with brain MRI images,2023,European Journal of Radiology,Elsevier BV,110,Yes,No,,neurological disorder classification deep learning limitations
10.1109/tcds.2019.2936441,https://doi.org/10.1109/tcds.2019.2936441,Epileptic Signal Classification With Deep EEG Features by Stacked CNNs,2019,IEEE Transactions on Cognitive and Developmental Systems,Institute of Electrical and Electronics Engineers,110,No,No,,CHB-MIT scalp EEG database seizure
10.1038/nm1297-1329,https://doi.org/10.1038/nm1297-1329,Regeneration in the adult central nervous system: Experimental repair strategies,1997,Nature Medicine,Nature Portfolio,109,No,No,,EEG Alzheimer classification; EEG functional connectivity disease classification; EEG neurological disease classification
10.1109/lsp.2022.3179946,https://doi.org/10.1109/lsp.2022.3179946,EEG-GCN: Spatio-Temporal and Self-Adaptive Graph Convolutional Networks for Single and Multi-View EEG-Based Emotion Recognition,2022,IEEE Signal Processing Letters,Institute of Electrical and Electronics Engineers,109,No,No,,EEG graph neural network
10.1016/j.bspc.2021.102591,https://doi.org/10.1016/j.bspc.2021.102591,EEG-based driving fatigue detection using multilevel feature extraction and iterative hybrid feature selection,2021,Biomedical Signal Processing and Control,Elsevier BV,109,Yes,No,,EEG wavelet transform feature extraction classification
10.3389/fnins.2016.00047,https://doi.org/10.3389/fnins.2016.00047,Classification of Single Normal and Alzheimer's Disease Individuals from Cortical Sources of Resting State EEG Rhythms,2016,Frontiers in Neuroscience,Frontiers Media,108,Yes,No,,EEG functional connectivity disease classification
10.1016/j.knosys.2016.11.023,https://doi.org/10.1016/j.knosys.2016.11.023,Epileptic seizure detection in long-term EEG records using sparse rational decomposition and local Gabor binary patterns feature extraction,2016,Knowledge-Based Systems,Elsevier BV,108,No,No,,CHB-MIT scalp EEG database seizure
10.1016/j.bspc.2023.104799,https://doi.org/10.1016/j.bspc.2023.104799,GLFANet: A global to local feature aggregation network for EEG emotion recognition,2023,Biomedical Signal Processing and Control,Elsevier BV,108,No,No,,EEG channel spatial relationship deep learning
10.1016/j.seizure.2007.05.017,https://doi.org/10.1016/j.seizure.2007.05.017,Frequency of seizures and epilepsy in neurological HIV-infected patients,2007,Seizure,Elsevier BV,107,No,No,,EEG neurological disease classification
10.1542/peds.2012-3886,https://doi.org/10.1542/peds.2012-3886,Racial and Ethnic Differences in Subspecialty Service Use by Children With Autism,2013,PEDIATRICS,American Academy of Pediatrics,107,No,No,,EEG neurological disease classification
10.1016/j.clinph.2008.04.294,https://doi.org/10.1016/j.clinph.2008.04.294,The functional connectivity of different EEG bands moves towards small-world network organization during sleep,2008,Clinical Neurophysiology,Elsevier BV,107,No,No,,EEG graph neural network
10.1016/j.neuroimage.2009.10.049,https://doi.org/10.1016/j.neuroimage.2009.10.049,The relationship between structural and functional connectivity: Graph theoretical analysis of an EEG neural mass model,2009,NeuroImage,Elsevier BV,107,No,No,,EEG graph neural network
10.1016/j.neuroimage.2020.116795,https://doi.org/10.1016/j.neuroimage.2020.116795,A comparison of resting state EEG and structural MRI for classifying Alzheimer’s disease and mild cognitive impairment,2020,NeuroImage,Elsevier BV,107,Yes,Yes,,EEG functional connectivity disease classification
10.1016/j.clinph.2016.10.002,https://doi.org/10.1016/j.clinph.2016.10.002,Functional and effective brain connectivity for discrimination between Alzheimer’s patients and healthy individuals: A study on resting state EEG rhythms,2016,Clinical Neurophysiology,Elsevier BV,106,No,Yes,,EEG functional connectivity disease classification
10.1016/j.eswa.2017.07.020,https://doi.org/10.1016/j.eswa.2017.07.020,Classification of EEG signals for epileptic seizures using hybrid artificial neural networks based wavelet transforms and fuzzy relations,2017,Expert Systems with Applications,Elsevier BV,105,No,No,,EEG wavelet transform feature extraction classification
10.1016/j.patcog.2022.108757,https://doi.org/10.1016/j.patcog.2022.108757,EEG-ConvTransformer for single-trial EEG-based visual stimulus classification,2022,Pattern Recognition,Elsevier BV,105,No,No,,EEG transformer classification
10.1111/exsy.12773,https://doi.org/10.1111/exsy.12773,Decision support system for major depression detection using spectrogram and convolution neural network with <scp>EEG</scp> signals,2021,Expert Systems,Wiley,104,No,No,,EEG spectrogram convolutional neural network classification
10.3389/fnins.2023.1148855,https://doi.org/10.3389/fnins.2023.1148855,EEGformer: A transformer–based brain activity classification method using EEG signal,2023,Frontiers in Neuroscience,Frontiers Media,104,Yes,No,,EEG transformer classification
10.4103/0019-5545.224472,https://doi.org/10.4103/0019-5545.224472,Clinical practice guidelines for management of dementia,2018,Indian Journal of Psychiatry,Medknow,103,Yes,No,,EEG Parkinson classification; EEG neurological disease classification
10.1002/mds.27528,https://doi.org/10.1002/mds.27528,Electroencephalography‐based machine learning for cognitive profiling in Parkinson's disease: Preliminary results,2018,Movement Disorders,Wiley,103,Yes,No,,EEG Parkinson classification
10.1016/j.cmpb.2021.106277,https://doi.org/10.1016/j.cmpb.2021.106277,EEG-Based Seizure detection using linear graph convolution network with focal loss,2021,Computer Methods and Programs in Biomedicine,Elsevier BV,103,No,Yes,,EEG graph neural network
10.1109/tim.2020.3047502,https://doi.org/10.1109/tim.2020.3047502,Linking Attention-Based Multiscale CNN With Dynamical GCN for Driving Fatigue Detection,2020,IEEE Transactions on Instrumentation and Measurement,Institute of Electrical and Electronics Engineers,103,No,No,,EEG graph convolutional network classification; EEG graph neural network
10.1007/s00521-016-2236-5,https://doi.org/10.1007/s00521-016-2236-5,PSO-based feature selection and neighborhood rough set-based classification for BCI multiclass motor imagery task,2016,Neural Computing and Applications,Springer Science+Business Media,103,No,No,,EEG wavelet transform feature extraction classification
10.1016/s0140-6736(96)08077-4,https://doi.org/10.1016/s0140-6736(96)08077-4,Diagnosis of Creutzfeldt-Jakob disease by two-dimensional gel electrophoresis of cerebrospinal fluid,1996,The Lancet,Elsevier BV,102,No,No,,EEG neurological disease classification
10.1109/tnsre.2023.3246989,https://doi.org/10.1109/tnsre.2023.3246989,A Spiking Neural Network With Adaptive Graph Convolution and LSTM for EEG-Based Brain-Computer Interfaces,2023,IEEE Transactions on Neural Systems and Rehabilitation Engineering,Institute of Electrical and Electronics Engineers,102,Yes,No,,EEG graph convolutional network classification; EEG graph neural network
10.1109/jsen.2021.3070373,https://doi.org/10.1109/jsen.2021.3070373,Exploring Deep Learning Features for Automatic Classification of Human Emotion Using EEG Rhythms,2021,IEEE Sensors Journal,IEEE Sensors Council,102,No,No,,EEG wavelet transform feature extraction classification
10.1097/psy.0b013e31802e4297,https://doi.org/10.1097/psy.0b013e31802e4297,Imaging Repressed Memories in Motor Conversion Disorder,2007,Psychosomatic Medicine,Lippincott Williams & Wilkins,101,No,No,,EEG neurological disease classification
10.1109/tii.2022.3227736,https://doi.org/10.1109/tii.2022.3227736,Graph Convolution Neural Network Based End-to-End Channel Selection and Classification for Motor Imagery Brain–Computer Interfaces,2022,IEEE Transactions on Industrial Informatics,Institute of Electrical and Electronics Engineers,101,Yes,No,,EEG graph convolutional network classification; EEG graph neural network
10.1186/s12868-016-0283-6,https://doi.org/10.1186/s12868-016-0283-6,25th Annual Computational Neuroscience Meeting: CNS-2016,2016,BMC Neuroscience,BioMed Central,101,Yes,No,,EEG graph neural network
10.1016/j.compbiomed.2021.104867,https://doi.org/10.1016/j.compbiomed.2021.104867,PrimePatNet87: Prime pattern and tunable q-factor wavelet transform techniques for automated accurate EEG emotion recognition,2021,Computers in Biology and Medicine,Elsevier BV,100,No,No,,EEG wavelet transform feature extraction classification
10.3390/ijerph19106322,https://doi.org/10.3390/ijerph19106322,A Deep Learning Method Approach for Sleep Stage Classification with EEG Spectrogram,2022,International Journal of Environmental Research and Public Health,Multidisciplinary Digital Publishing Institute,100,Yes,No,,EEG spectrogram convolutional neural network classification
10.3389/fnhum.2022.867281,https://doi.org/10.3389/fnhum.2022.867281,A State-of-the-Art Review of EEG-Based Imagined Speech Decoding,2022,Frontiers in Human Neuroscience,Frontiers Media,99,Yes,No,,EEG neurological disease classification
10.3389/fnhum.2020.00284,https://doi.org/10.3389/fnhum.2020.00284,Machine Learning Approaches for MDD Detection and Emotion Decoding Using EEG Signals,2020,Frontiers in Human Neuroscience,Frontiers Media,99,Yes,No,,EEG functional connectivity disease classification
10.1007/s00521-018-3531-0,https://doi.org/10.1007/s00521-018-3531-0,Motor imagery tasks-based EEG signals classification using tunable-Q wavelet transform,2018,Neural Computing and Applications,Springer Science+Business Media,98,No,No,,EEG wavelet transform feature extraction classification
10.1046/j.1528-1157.2001.39800.x,https://doi.org/10.1046/j.1528-1157.2001.39800.x,Generalized Epileptic Disorders: An Update,2001,Epilepsia,Wiley,97,Yes,No,,EEG neurological disease classification
10.3390/s25051293,https://doi.org/10.3390/s25051293,"Transformers in EEG Analysis: A Review of Architectures and Applications in Motor Imagery, Seizure, and Emotion Classification",2025,Sensors,Multidisciplinary Digital Publishing Institute,97,Yes,No,,EEG transformer classification
10.1016/j.bspc.2021.103462,https://doi.org/10.1016/j.bspc.2021.103462,Classification of epileptic seizures from electroencephalogram (EEG) data using bidirectional short-term memory (Bi-LSTM) network architecture,2021,Biomedical Signal Processing and Control,Elsevier BV,96,No,No,,EEG neurological disease classification
10.1109/tnsre.2021.3055276,https://doi.org/10.1109/tnsre.2021.3055276,Seizure Onset Detection Using Empirical Mode Decomposition and Common Spatial Pattern,2021,IEEE Transactions on Neural Systems and Rehabilitation Engineering,Institute of Electrical and Electronics Engineers,96,Yes,No,,CHB-MIT scalp EEG database seizure
10.1007/s11571-022-09859-2,https://doi.org/10.1007/s11571-022-09859-2,Primate brain pattern-based automated Alzheimer's disease detection model using EEG signals,2022,Cognitive Neurodynamics,Springer Science+Business Media,96,Yes,Yes,,EEG wavelet transform feature extraction classification
10.1016/j.patrec.2019.10.034,https://doi.org/10.1016/j.patrec.2019.10.034,Epileptic seizure detection and prediction using stacked bidirectional long short term memory,2019,Pattern Recognition Letters,Elsevier BV,95,No,No,,EEG neurological disease classification
10.3389/fnhum.2016.00080,https://doi.org/10.3389/fnhum.2016.00080,Seizure Prediction and Detection via Phase and Amplitude Lock Values,2016,Frontiers in Human Neuroscience,Frontiers Media,94,Yes,No,,CHB-MIT scalp EEG database seizure
10.1109/tsmc.2020.2969686,https://doi.org/10.1109/tsmc.2020.2969686,Emotion Classification Using EEG Brain Signals and the Broad Learning System,2020,IEEE Transactions on Systems Man and Cybernetics Systems,Institute of Electrical and Electronics Engineers,94,No,No,,EEG wavelet transform feature extraction classification
10.1016/j.inffus.2023.03.022,https://doi.org/10.1016/j.inffus.2023.03.022,Epilepsy detection in 121 patient populations using hypercube pattern from EEG signals,2023,Information Fusion,Elsevier BV,94,No,No,,EEG wavelet transform feature extraction classification
10.1007/s40708-016-0039-1,https://doi.org/10.1007/s40708-016-0039-1,Classification of epileptic EEG signals based on simple random sampling and sequential feature selection,2016,Brain Informatics,Springer Science+Business Media,92,Yes,No,,EEG Alzheimer classification
10.1002/ana.25289,https://doi.org/10.1002/ana.25289,Sustainable method for Alzheimer dementia prediction in mild cognitive impairment: Electroencephalographic connectivity and graph theory combined with apolipoprotein E,2018,Annals of Neurology,Wiley,92,Yes,No,,brain network graph theory Alzheimer EEG
10.1109/tits.2023.3348517,https://doi.org/10.1109/tits.2023.3348517,EEG-Based Driver Fatigue Detection Using Spatio-Temporal Fusion Network With Brain Region Partitioning Strategy,2024,IEEE Transactions on Intelligent Transportation Systems,Institute of Electrical and Electronics Engineers,91,No,No,,EEG graph convolutional network classification
10.3389/fpsyt.2020.00255,https://doi.org/10.3389/fpsyt.2020.00255,Classification Methods Based on Complexity and Synchronization of Electroencephalography Signals in Alzheimer’s Disease,2020,Frontiers in Psychiatry,Frontiers Media,91,Yes,No,,EEG functional connectivity disease classification
10.1016/j.compbiomed.2023.107312,https://doi.org/10.1016/j.compbiomed.2023.107312,EpilepsyNet: Novel automated detection of epilepsy using transformer model with EEG signals from 121 patient population,2023,Computers in Biology and Medicine,Elsevier BV,91,Yes,No,,EEG transformer classification
10.1109/tnsre.2023.3304660,https://doi.org/10.1109/tnsre.2023.3304660,MSFR-GCN: A Multi-Scale Feature Reconstruction Graph Convolutional Network for EEG Emotion and Cognition Recognition,2023,IEEE Transactions on Neural Systems and Rehabilitation Engineering,Institute of Electrical and Electronics Engineers,90,Yes,No,,EEG graph convolutional network classification
10.1016/j.neurobiolaging.2017.12.023,https://doi.org/10.1016/j.neurobiolaging.2017.12.023,Abnormalities of resting-state functional cortical connectivity in patients with dementia due to Alzheimer's and Lewy body diseases: an EEG study,2017,Neurobiology of Aging,Elsevier BV,90,Yes,No,,EEG functional connectivity disease classification
10.1109/tnsre.2020.3038718,https://doi.org/10.1109/tnsre.2020.3038718,Convolutional Correlation Analysis for Enhancing the Performance of SSVEP-Based Brain-Computer Interface,2020,IEEE Transactions on Neural Systems and Rehabilitation Engineering,Institute of Electrical and Electronics Engineers,90,No,No,,EEG channel spatial relationship deep learning
10.3390/brainsci11070900,https://doi.org/10.3390/brainsci11070900,Quantitative Evaluation of Task-Induced Neurological Outcome after Stroke,2021,Brain Sciences,Multidisciplinary Digital Publishing Institute,89,Yes,No,,EEG neurological disease classification
10.1111/j.1600-0404.1979.tb02933.x,https://doi.org/10.1111/j.1600-0404.1979.tb02933.x,EEG and cognitive impairment in presenile dementia,1979,Acta Neurologica Scandinavica,Wiley,89,No,No,,EEG Alzheimer classification
10.1016/j.jksuci.2021.08.021,https://doi.org/10.1016/j.jksuci.2021.08.021,CNN based efficient approach for emotion recognition,2021,Journal of King Saud University - Computer and Information Sciences,Elsevier BV,89,Yes,No,,EEG wavelet transform feature extraction classification
10.1002/alz.12645,https://doi.org/10.1002/alz.12645,"Early dementia diagnosis, MCI‐to‐dementia risk prediction, and the role of machine learning methods for feature extraction from integrated biomarkers, in particular for EEG signal analysis",2022,Alzheimer s & Dementia,Wiley,89,Yes,Yes,,graph attention network brain disease diagnosis
10.1016/j.bspc.2023.104811,https://doi.org/10.1016/j.bspc.2023.104811,Wavelet transforms for feature engineering in EEG data processing: An application on Schizophrenia,2023,Biomedical Signal Processing and Control,Elsevier BV,88,No,No,,EEG neurological disease classification; EEG wavelet transform feature extraction classification
10.1038/jp.2010.93,https://doi.org/10.1038/jp.2010.93,Using amplitude-integrated EEG in neonatal intensive care,2010,Journal of Perinatology,Springer Nature,88,No,No,,EEG neurological disease classification
10.1016/0022-510x(92)90008-9,https://doi.org/10.1016/0022-510x(92)90008-9,Quantitative EEG mapping and PET in Alzheimer's disease,1992,Journal of the Neurological Sciences,Elsevier BV,88,No,No,,EEG Alzheimer classification
10.1016/j.physa.2022.127700,https://doi.org/10.1016/j.physa.2022.127700,A Transformer based neural network for emotion recognition and visualizations of crucial EEG channels,2022,Physica A Statistical Mechanics and its Applications,Elsevier BV,88,No,No,,EEG transformer classification
10.1007/s40747-021-00408-8,https://doi.org/10.1007/s40747-021-00408-8,A novel automated autism spectrum disorder detection system,2021,Complex & Intelligent Systems,Springer Science+Business Media,87,Yes,No,,EEG neurological disease classification
10.1109/access.2024.3409581,https://doi.org/10.1109/access.2024.3409581,Epileptic Seizure Detection in EEG Signals Using Machine Learning and Deep Learning Techniques,2024,IEEE Access,Institute of Electrical and Electronics Engineers,87,Yes,No,,EEG neurological disease classification; EEG preprocessing neurological disease
10.1016/j.neunet.2020.06.018,https://doi.org/10.1016/j.neunet.2020.06.018,Dynamical system based compact deep hybrid network for classification of Parkinson disease related EEG signals,2020,Neural Networks,Elsevier BV,87,No,No,,EEG Parkinson classification
10.3390/s21227710,https://doi.org/10.3390/s21227710,Epileptic Seizures Detection in EEG Signals Using Fusion Handcrafted and Deep Learning Features,2021,Sensors,Multidisciplinary Digital Publishing Institute,87,Yes,No,,EEG wavelet transform feature extraction classification
10.1109/jetcas.2019.2951232,https://doi.org/10.1109/jetcas.2019.2951232,Development and Validation of an EEG-Based Real-Time Emotion Recognition System Using Edge AI Computing Platform With Convolutional Neural Network System-on-Chip Design,2019,IEEE Journal on Emerging and Selected Topics in Circuits and Systems,Institute of Electrical and Electronics Engineers,87,No,No,,EEG spectrogram convolutional neural network classification
10.1038/s41598-023-32664-8,https://doi.org/10.1038/s41598-023-32664-8,Computational methods of EEG signals analysis for Alzheimer’s disease classification,2023,Scientific Reports,Nature Portfolio,86,Yes,Yes,,EEG neurological disease classification
10.1016/j.irbm.2020.11.002,https://doi.org/10.1016/j.irbm.2020.11.002,Detection of Focal and Non-focal Epileptic Seizure Using Continuous Wavelet Transform-Based Scalogram Images and Pre-trained Deep Neural Networks,2020,IRBM,Elsevier BV,86,Yes,No,,EEG neurological disease classification
10.1016/j.jneumeth.2007.02.004,https://doi.org/10.1016/j.jneumeth.2007.02.004,Wavelet-based fractal features with active segment selection: Application to single-trial EEG data,2007,Journal of Neuroscience Methods,Elsevier BV,86,No,No,,EEG wavelet transform feature extraction classification
10.1016/j.apacoust.2020.107224,https://doi.org/10.1016/j.apacoust.2020.107224,Feature extraction method for classification of alertness and drowsiness states EEG signals,2020,Applied Acoustics,Elsevier BV,86,No,No,,EEG wavelet transform feature extraction classification
10.3414/me09-01-0054,https://doi.org/10.3414/me09-01-0054,Classification of Sleep Stages Using Multi-wavelet Time Frequency Entropy and LDA,2010,Methods of Information in Medicine,Thieme Medical Publishers (Germany),86,No,No,,EEG wavelet transform feature extraction classification
10.1016/j.aej.2022.10.014,https://doi.org/10.1016/j.aej.2022.10.014,An efficient CNN based epileptic seizures detection framework using encrypted EEG signals for secure telemedicine applications,2022,Alexandria Engineering Journal,Elsevier BV,86,Yes,No,,EEG spectrogram convolutional neural network classification
10.1016/j.bspc.2014.07.005,https://doi.org/10.1016/j.bspc.2014.07.005,Detection of emotions in Parkinson's disease using higher order spectral features from brain's electrical activity,2014,Biomedical Signal Processing and Control,Elsevier BV,85,No,No,,EEG neurological disease classification
10.1093/ndt/gfz051,https://doi.org/10.1093/ndt/gfz051,Mild cognitive impairment and kidney disease: clinical aspects,2019,Nephrology Dialysis Transplantation,Oxford University Press,85,Yes,No,,EEG functional connectivity disease classification; EEG neurological disease classification; neurological disorder classification deep learning limitations
10.1016/j.neucom.2023.126262,https://doi.org/10.1016/j.neucom.2023.126262,Progressive graph convolution network for EEG emotion recognition,2023,Neurocomputing,Elsevier BV,85,No,No,,EEG graph convolutional network classification
10.1046/j.1528-1157.2001.36400.x,https://doi.org/10.1046/j.1528-1157.2001.36400.x,Idiopathic Generalized Epilepsy with Generalized and Other Seizures in Adolescence,2001,Epilepsia,Wiley,84,Yes,No,,EEG neurological disease classification
10.1016/j.compbiomed.2023.107254,https://doi.org/10.1016/j.compbiomed.2023.107254,A shallow mirror transformer for subject-independent motor imagery BCI,2023,Computers in Biology and Medicine,Elsevier BV,84,No,No,,EEG transformer classification
10.1016/j.media.2023.102932,https://doi.org/10.1016/j.media.2023.102932,A-GCL: Adversarial graph contrastive learning for fMRI analysis to diagnose neurodevelopmental disorders,2023,Medical Image Analysis,Elsevier BV,84,No,No,,graph attention network brain disease diagnosis
10.1016/j.neuroimage.2020.116797,https://doi.org/10.1016/j.neuroimage.2020.116797,Comparison of beamformer implementations for MEG source localization,2020,NeuroImage,Elsevier BV,83,Yes,No,,EEG preprocessing comparison pipeline
10.3390/app12094158,https://doi.org/10.3390/app12094158,Seizure Prediction Based on Transformer Using Scalp Electroencephalogram,2022,Applied Sciences,Multidisciplinary Digital Publishing Institute,83,Yes,No,,EEG transformer classification
10.1109/tnsre.2020.2987888,https://doi.org/10.1109/tnsre.2020.2987888,Merging fNIRS-EEG Brain Monitoring and Body Motion Capture to Distinguish Parkinsons Disease,2020,IEEE Transactions on Neural Systems and Rehabilitation Engineering,Institute of Electrical and Electronics Engineers,82,Yes,No,,EEG Parkinson classification; EEG functional connectivity disease classification
10.1016/j.neunet.2023.06.005,https://doi.org/10.1016/j.neunet.2023.06.005,MI-CAT: A transformer-based domain adaptation network for motor imagery classification,2023,Neural Networks,Elsevier BV,82,No,No,,EEG transformer classification
10.1109/tmi.2020.2973650,https://doi.org/10.1109/tmi.2020.2973650,Attention-Diffusion-Bilinear Neural Network for Brain Network Analysis,2020,IEEE Transactions on Medical Imaging,Institute of Electrical and Electronics Engineers,82,No,No,,graph attention network brain disease diagnosis
10.1088/1741-2552/acb79e,https://doi.org/10.1088/1741-2552/acb79e,Emotion recognition using spatial-temporal EEG features through convolutional graph attention network,2023,Journal of Neural Engineering,IOP Publishing,80,Yes,No,,EEG graph convolutional network classification
10.1109/tcds.2022.3147839,https://doi.org/10.1109/tcds.2022.3147839,Residual GCB-Net: Residual Graph Convolutional Broad Network on Emotion Recognition,2022,IEEE Transactions on Cognitive and Developmental Systems,Institute of Electrical and Electronics Engineers,80,Yes,No,,EEG graph convolutional network classification
10.1016/j.cmpb.2024.108196,https://doi.org/10.1016/j.cmpb.2024.108196,Autism spectrum disorder diagnosis with EEG signals using time series maps of brain functional connectivity and a combined CNN–LSTM model,2024,Computer Methods and Programs in Biomedicine,Elsevier BV,80,Yes,No,,EEG functional connectivity disease classification
10.1016/j.cmpb.2020.105472,https://doi.org/10.1016/j.cmpb.2020.105472,Unsupervised automatic seizure detection for focal-onset seizures recorded with behind-the-ear EEG using an anomaly-detecting generative adversarial network,2020,Computer Methods and Programs in Biomedicine,Elsevier BV,80,No,No,,EEG representation learning neurological disorder
10.1016/j.compbiomed.2021.104963,https://doi.org/10.1016/j.compbiomed.2021.104963,Autism spectrum disorder diagnosis using graph attention network based on spatial-constrained sparse functional brain networks,2021,Computers in Biology and Medicine,Elsevier BV,80,No,No,,graph attention network brain disease diagnosis
10.1016/j.eswa.2020.114533,https://doi.org/10.1016/j.eswa.2020.114533,Dynamic learning framework for epileptic seizure prediction using sparsity based EEG Reconstruction with Optimized CNN classifier,2020,Expert Systems with Applications,Elsevier BV,78,No,No,,CHB-MIT scalp EEG database seizure
10.1109/jbhi.2023.3292452,https://doi.org/10.1109/jbhi.2023.3292452,EEG-Based Parkinson's Disease Recognition via Attention-Based Sparse Graph Convolutional Neural Network,2023,IEEE Journal of Biomedical and Health Informatics,Institute of Electrical and Electronics Engineers,78,No,Yes,,graph attention network brain disease diagnosis
10.1016/j.jbi.2014.02.005,https://doi.org/10.1016/j.jbi.2014.02.005,Automated patient-specific classification of long-term Electroencephalography,2014,Journal of Biomedical Informatics,Elsevier BV,77,No,No,,CHB-MIT scalp EEG database seizure
10.1109/tts.2023.3239526,https://doi.org/10.1109/tts.2023.3239526,Automatic and Efficient Framework for Identifying Multiple Neurological Disorders From EEG Signals,2023,IEEE Transactions on Technology and Society,Institute of Electrical and Electronics Engineers,76,Yes,No,,EEG spectrogram convolutional neural network classification
10.1088/1741-2552/ab260c,https://doi.org/10.1088/1741-2552/ab260c,Deep learning-based electroencephalography analysis: a systematic review,2019,Journal of Neural Engineering,IOP Publishing,76,Yes,Yes,,targeted-lookup
10.1016/j.bspc.2023.105130,https://doi.org/10.1016/j.bspc.2023.105130,Classification of EEG signals using Transformer based deep learning and ensemble models,2023,Biomedical Signal Processing and Control,Elsevier BV,75,No,No,,EEG transformer classification
10.1038/s41598-024-82705-z,https://doi.org/10.1038/s41598-024-82705-z,EEG-based emotion recognition using multi-scale dynamic CNN and gated transformer,2024,Scientific Reports,Nature Portfolio,75,Yes,No,,EEG transformer classification
10.1002/hbm.25994,https://doi.org/10.1002/hbm.25994,<scp>Spatial–temporal</scp> graph convolutional network for Alzheimer classification based on brain functional connectivity imaging of electroencephalogram,2022,Human Brain Mapping,Wiley,74,Yes,Yes,SELECTED,EEG Alzheimer classification; EEG functional connectivity disease classification; EEG graph convolutional network classification
10.1007/s10470-021-01805-2,https://doi.org/10.1007/s10470-021-01805-2,An automated classification of EEG signals based on spectrogram and CNN for epilepsy diagnosis,2021,Analog Integrated Circuits and Signal Processing,Springer Science+Business Media,74,No,No,,EEG spectrogram convolutional neural network classification
10.3390/biomedicines10071551,https://doi.org/10.3390/biomedicines10071551,Multi-Channel Vision Transformer for Epileptic Seizure Prediction,2022,Biomedicines,Multidisciplinary Digital Publishing Institute,74,Yes,No,,EEG transformer classification
10.1109/tcds.2020.3012278,https://doi.org/10.1109/tcds.2020.3012278,Hierarchy Graph Convolution Network and Tree Classification for Epileptic Detection on Electroencephalography Signals,2020,IEEE Transactions on Cognitive and Developmental Systems,Institute of Electrical and Electronics Engineers,73,No,No,,EEG graph convolutional network classification
10.1142/s0129065721500519,https://doi.org/10.1142/s0129065721500519,Patient-Independent Seizure Detection Based on Channel-Perturbation Convolutional Neural Network and Bidirectional Long Short-Term Memory,2021,International Journal of Neural Systems,World Scientific,73,No,No,,CHB-MIT scalp EEG database seizure
10.1016/j.ins.2023.119160,https://doi.org/10.1016/j.ins.2023.119160,Adaptive neural decision tree for EEG based emotion recognition,2023,Information Sciences,Elsevier BV,73,No,No,,EEG transformer classification
10.1038/s41598-017-04204-8,https://doi.org/10.1038/s41598-017-04204-8,Towards affordable biomarkers of frontotemporal dementia: A classification study via network’s information sharing,2017,Scientific Reports,Nature Portfolio,72,Yes,No,,EEG functional connectivity disease classification
10.1186/s12967-024-05678-7,https://doi.org/10.1186/s12967-024-05678-7,Epileptic seizure prediction via multidimensional transformer and recurrent neural network fusion,2024,Journal of Translational Medicine,BioMed Central,72,Yes,No,,EEG transformer classification
10.3389/fnins.2023.1272834,https://doi.org/10.3389/fnins.2023.1272834,Multi-feature fusion learning for Alzheimer's disease prediction using EEG signals in resting state,2023,Frontiers in Neuroscience,Frontiers Media,72,Yes,Yes,,EEG transformer classification
10.1109/tnsre.2023.3244045,https://doi.org/10.1109/tnsre.2023.3244045,Exploring the Applicability of Transfer Learning and Feature Engineering in Epilepsy Prediction Using Hybrid Transformer Model,2023,IEEE Transactions on Neural Systems and Rehabilitation Engineering,Institute of Electrical and Electronics Engineers,71,Yes,No,,CHB-MIT scalp EEG database seizure
10.1109/tnsre.2022.3229330,https://doi.org/10.1109/tnsre.2022.3229330,Multiscale Convolutional Transformer for EEG Classification of Mental Imagery in Different Modalities,2022,IEEE Transactions on Neural Systems and Rehabilitation Engineering,Institute of Electrical and Electronics Engineers,71,Yes,No,,EEG transformer classification
10.1016/j.compbiomed.2022.105823,https://doi.org/10.1016/j.compbiomed.2022.105823,MAMF-GCN: Multi-scale adaptive multi-channel fusion deep graph convolutional network for predicting mental disorder,2022,Computers in Biology and Medicine,Elsevier BV,71,No,No,,graph attention network brain disease diagnosis
10.3389/fnhum.2023.1169949,https://doi.org/10.3389/fnhum.2023.1169949,STGATE: Spatial-temporal graph attention network with a transformer encoder for EEG-based emotion recognition,2023,Frontiers in Human Neuroscience,Frontiers Media,70,Yes,No,,EEG transformer classification
10.1109/51.956817,https://doi.org/10.1109/51.956817,Preprocessing and time-frequency analysis of newborn EEG seizures,2001,IEEE Engineering in Medicine and Biology Magazine,IEEE Engineering in Medicine and Biology Society,69,No,No,,EEG preprocessing neurological disease
10.1109/jbhi.2023.3242090,https://doi.org/10.1109/jbhi.2023.3242090,A Domain Generative Graph Network for EEG-Based Emotion Recognition,2023,IEEE Journal of Biomedical and Health Informatics,Institute of Electrical and Electronics Engineers,69,No,No,,EEG graph convolutional network classification
10.1111/j.1528-1167.2006.00674_1.x,https://doi.org/10.1111/j.1528-1167.2006.00674_1.x,Models of Pediatric Epilepsies: Strategies and Opportunities,2006,Epilepsia,Wiley,69,Yes,No,,EEG representation learning neurological disorder
10.1109/jbhi.2024.3450753,https://doi.org/10.1109/jbhi.2024.3450753,MSVTNet: Multi-Scale Vision Transformer Neural Network for EEG-Based Motor Imagery Decoding,2024,IEEE Journal of Biomedical and Health Informatics,Institute of Electrical and Electronics Engineers,69,No,No,,EEG transformer classification
10.1038/s41598-022-23656-1,https://doi.org/10.1038/s41598-022-23656-1,Graph-generative neural network for EEG-based epileptic seizure detection via discovery of dynamic brain functional connectivity,2022,Scientific Reports,Nature Portfolio,68,Yes,No,,EEG graph convolutional network classification; EEG transformer classification
10.1109/tcsii.2020.3014514,https://doi.org/10.1109/tcsii.2020.3014514,A Graph-Temporal Fused Dual-Input Convolutional Neural Network for Detecting Sleep Stages from EEG Signals,2020,IEEE Transactions on Circuits & Systems II Express Briefs,Institute of Electrical and Electronics Engineers,68,Yes,No,,EEG graph convolutional network classification
10.1016/j.compbiomed.2022.105311,https://doi.org/10.1016/j.compbiomed.2022.105311,"Accurate detection of autism using Douglas-Peucker algorithm, sparse coding based feature mapping and convolutional neural network techniques with EEG signals",2022,Computers in Biology and Medicine,Elsevier BV,68,No,No,,EEG representation learning neurological disorder
10.3389/fnins.2024.1320645,https://doi.org/10.3389/fnins.2024.1320645,ERTNet: an interpretable transformer-based framework for EEG emotion recognition,2024,Frontiers in Neuroscience,Frontiers Media,68,Yes,No,,EEG transformer classification
10.1159/000117446,https://doi.org/10.1159/000117446,Quantitative EEG and Statistical Mapping of Wakefulness and REM Sleep in the Evaluation of Mild to Moderate Alzheimer’s Disease,2008,European Neurology,Karger Publishers,67,No,No,,EEG Alzheimer classification
10.53730/ijhs.v6ns1.7801,https://doi.org/10.53730/ijhs.v6ns1.7801,Epileptic seizure detection using deep learning through min max scaler normalization,2022,International Journal of Health Sciences,,67,Yes,No,,CHB-MIT scalp EEG database seizure
10.1007/s12539-018-0292-5,https://doi.org/10.1007/s12539-018-0292-5,Study on Feature Selection Methods for Depression Detection Using Three-Electrode EEG Data,2018,Interdisciplinary Sciences Computational Life Sciences,Springer Science+Business Media,67,No,No,,EEG Hjorth parameters entropy features classification
10.1016/j.bspc.2023.105488,https://doi.org/10.1016/j.bspc.2023.105488,Efficacy of transformer networks for classification of EEG data,2023,Biomedical Signal Processing and Control,Elsevier BV,67,No,No,,EEG transformer classification
10.1186/s13195-024-01582-w,https://doi.org/10.1186/s13195-024-01582-w,EEG biomarkers in Alzheimer’s and prodromal Alzheimer’s: a comprehensive analysis of spectral and connectivity features,2024,Alzheimer s Research & Therapy,BioMed Central,66,Yes,Yes,,EEG preprocessing comparison pipeline
10.7555/jbr.34.20190043,https://doi.org/10.7555/jbr.34.20190043,Deep learning approach to detect seizure using reconstructed phase space images,2020,Journal of Biomedical Research,Elsevier BV,66,Yes,No,,EEG representation learning neurological disorder
10.1109/jbhi.2022.3223970,https://doi.org/10.1109/jbhi.2022.3223970,LightSeizureNet: A Lightweight Deep Learning Model for Real-Time Epileptic Seizure Detection,2022,IEEE Journal of Biomedical and Health Informatics,Institute of Electrical and Electronics Engineers,64,No,No,,CHB-MIT scalp EEG database seizure
10.1088/1741-2552/acb96e,https://doi.org/10.1088/1741-2552/acb96e,An attention-based deep learning approach for the classification of subjective cognitive decline and mild cognitive impairment using resting-state EEG,2023,Journal of Neural Engineering,IOP Publishing,64,Yes,Yes,,EEG transformer classification
10.1016/j.knosys.2024.112599,https://doi.org/10.1016/j.knosys.2024.112599,MAS-DGAT-Net: A dynamic graph attention network with multibranch feature extraction and staged fusion for EEG emotion recognition,2024,Knowledge-Based Systems,Elsevier BV,63,No,No,,EEG graph convolutional network classification
10.21037/qims-21-430,https://doi.org/10.21037/qims-21-430,Fully automated discrimination of Alzheimer’s disease using resting-state electroencephalography signals,2021,Quantitative Imaging in Medicine and Surgery,AME Publishing Company,63,Yes,No,,EEG functional connectivity disease classification
10.1007/bf02229172,https://doi.org/10.1007/bf02229172,"Brain electrical activity (quantitative EEG and bit-mapping neurocognitive CNV components), psychometrics and clinical findings in presenile subjects with initial mild cognitive decline or probable Al",1995,Neurological Sciences,Springer Science+Business Media,62,No,No,,EEG Alzheimer classification
10.1109/access.2023.3275024,https://doi.org/10.1109/access.2023.3275024,DepCap: A Smart Healthcare Framework for EEG Based Depression Detection Using Time-Frequency Response and Deep Neural Network,2023,IEEE Access,Institute of Electrical and Electronics Engineers,62,Yes,No,,EEG spectrogram convolutional neural network classification
10.1016/j.bspc.2022.104441,https://doi.org/10.1016/j.bspc.2022.104441,Interactive local and global feature coupling for EEG-based epileptic seizure detection,2022,Biomedical Signal Processing and Control,Elsevier BV,62,No,No,,EEG transformer classification
10.1016/j.compbiomed.2023.106537,https://doi.org/10.1016/j.compbiomed.2023.106537,Temporal relative transformer encoding cooperating with channel attention for EEG emotion analysis,2023,Computers in Biology and Medicine,Elsevier BV,62,No,No,,EEG transformer classification
10.1016/j.bspc.2023.105266,https://doi.org/10.1016/j.bspc.2023.105266,Identification of Alzheimer’s disease from central lobe EEG signals utilizing machine learning and residual neural network,2023,Biomedical Signal Processing and Control,Elsevier BV,61,No,Yes,,EEG preprocessing neurological disease
10.3389/fnins.2022.967116,https://doi.org/10.3389/fnins.2022.967116,Efficient graph convolutional networks for seizure prediction using scalp EEG,2022,Frontiers in Neuroscience,Frontiers Media,61,Yes,No,,EEG graph convolutional network classification
10.1109/tnnls.2025.3552603,https://doi.org/10.1109/tnnls.2025.3552603,EmT: A Novel Transformer for Generalized Cross-Subject EEG Emotion Recognition,2025,IEEE Transactions on Neural Networks and Learning Systems,Institute of Electrical and Electronics Engineers,61,Yes,No,,EEG graph convolutional network classification; EEG transformer classification
10.3389/fnins.2020.00051,https://doi.org/10.3389/fnins.2020.00051,Functional Integration and Segregation in Multiplex Brain Networks for Alzheimer's Disease,2020,Frontiers in Neuroscience,Frontiers Media,61,Yes,No,,EEG functional connectivity disease classification
10.1016/j.engappai.2023.106401,https://doi.org/10.1016/j.engappai.2023.106401,EEG-based seizure prediction via hybrid vision transformer and data uncertainty learning,2023,Engineering Applications of Artificial Intelligence,Elsevier BV,61,No,No,,EEG transformer classification
10.1016/j.compbiomed.2022.106521,https://doi.org/10.1016/j.compbiomed.2022.106521,BrainTGL: A dynamic graph representation learning model for brain network analysis,2023,Computers in Biology and Medicine,Elsevier BV,61,No,No,,graph attention network brain disease diagnosis
10.48550/arxiv.2104.08336,https://doi.org/10.48550/arxiv.2104.08336,Self-Supervised Graph Neural Networks for Improved Electroencephalographic Seizure Analysis,2021,arXiv (Cornell University),Cornell University,61,Yes,Yes,,targeted-lookup
10.1109/tnsre.2021.3105669,https://doi.org/10.1109/tnsre.2021.3105669,"Classification of First-Episode Schizophrenia, Chronic Schizophrenia and Healthy Control Based on Brain Network of Mismatch Negativity by Graph Neural Network",2021,IEEE Transactions on Neural Systems and Rehabilitation Engineering,Institute of Electrical and Electronics Engineers,60,Yes,No,,EEG functional connectivity disease classification
10.1109/tnsre.2023.3285309,https://doi.org/10.1109/tnsre.2023.3285309,Global Adaptive Transformer for Cross-Subject Enhanced EEG Classification,2023,IEEE Transactions on Neural Systems and Rehabilitation Engineering,Institute of Electrical and Electronics Engineers,60,Yes,No,,EEG transformer classification
10.1016/j.compbiomed.2024.108705,https://doi.org/10.1016/j.compbiomed.2024.108705,Exploring the frontier: Transformer-based models in EEG signal analysis for brain-computer interfaces,2024,Computers in Biology and Medicine,Elsevier BV,60,Yes,No,,EEG transformer classification
10.1109/tnsre.2022.3172974,https://doi.org/10.1109/tnsre.2022.3172974,Wearable Supernumerary Robotic Limb System Using a Hybrid Control Approach Based on Motor Imagery and Object Detection,2022,IEEE Transactions on Neural Systems and Rehabilitation Engineering,Institute of Electrical and Electronics Engineers,59,Yes,No,,EEG graph convolutional network classification
10.1109/tnsre.2022.3176004,https://doi.org/10.1109/tnsre.2022.3176004,Jumping Knowledge Based Spatial-Temporal Graph Convolutional Networks for Automatic Sleep Stage Classification,2022,IEEE Transactions on Neural Systems and Rehabilitation Engineering,Institute of Electrical and Electronics Engineers,59,Yes,No,,EEG graph convolutional network classification
10.3389/fdgth.2020.608920,https://doi.org/10.3389/fdgth.2020.608920,Unsupervised EEG Artifact Detection and Correction,2021,Frontiers in Digital Health,Frontiers Media,59,Yes,No,,EEG representation learning neurological disorder
10.3390/diagnostics11081402,https://doi.org/10.3390/diagnostics11081402,Application of Artificial Intelligence in the MRI Classification Task of Human Brain Neurological and Psychiatric Diseases: A Scoping Review,2021,Diagnostics,Multidisciplinary Digital Publishing Institute,59,Yes,No,,neurological disorder classification deep learning limitations
10.1007/s13246-024-01425-w,https://doi.org/10.1007/s13246-024-01425-w,LCADNet: a novel light CNN architecture for EEG-based Alzheimer disease detection,2024,Physical and Engineering Sciences in Medicine,Springer Nature,58,No,Yes,,EEG Alzheimer classification
10.1016/j.measen.2023.100749,https://doi.org/10.1016/j.measen.2023.100749,Prediction and classification of Alzheimer Disease categories using Integrated Deep Transfer Learning Approach,2023,Measurement Sensors,Elsevier BV,58,Yes,No,,EEG Alzheimer classification
10.1109/lsp.2021.3049683,https://doi.org/10.1109/lsp.2021.3049683,Adaptive Spatiotemporal Graph Convolutional Networks for Motor Imagery Classification,2021,IEEE Signal Processing Letters,Institute of Electrical and Electronics Engineers,58,No,No,,EEG graph convolutional network classification
10.1109/jtehm.2018.2861882,https://doi.org/10.1109/jtehm.2018.2861882,An Ultra-Low Power Smart Headband for Real-Time Epileptic Seizure Detection,2018,IEEE Journal of Translational Engineering in Health and Medicine,Institute of Electrical and Electronics Engineers,58,Yes,No,,CHB-MIT scalp EEG database seizure
10.1016/j.compbiomed.2023.107649,https://doi.org/10.1016/j.compbiomed.2023.107649,ConTraNet: A hybrid network for improving the classification of EEG and EMG signals with limited training data,2023,Computers in Biology and Medicine,Elsevier BV,58,Yes,No,,EEG transformer classification
10.1002/mds.27190,https://doi.org/10.1002/mds.27190,Prediction of cognitive worsening in de novo Parkinson's disease: Clinical use of biomarkers,2017,Movement Disorders,Wiley,57,No,No,,EEG Parkinson classification
10.1113/jp273900,https://doi.org/10.1113/jp273900,CrossTalk opposing view: dynamic cerebral autoregulation should be quantified using induced (rather than spontaneous) blood pressure fluctuations,2017,The Journal of Physiology,Wiley,57,Yes,No,,EEG signal processing Alzheimer
10.1016/j.asoc.2025.114097,https://doi.org/10.1016/j.asoc.2025.114097,Driver fatigue detection using EEG-based graph attention convolutional neural networks: An end-to-end learning approach with mutual information-driven connectivity,2025,Applied Soft Computing,Elsevier BV,57,No,No,,EEG graph convolutional network classification
10.1016/j.cmpb.2019.04.004,https://doi.org/10.1016/j.cmpb.2019.04.004,Comparative analysis of different characteristics of automatic sleep stages,2019,Computer Methods and Programs in Biomedicine,Elsevier BV,57,No,No,,EEG Hjorth parameters entropy features classification
10.1088/1741-2552/abf473,https://doi.org/10.1088/1741-2552/abf473,Edge deep learning for neural implants: a case study of seizure detection and prediction,2021,Journal of Neural Engineering,IOP Publishing,56,Yes,No,,CHB-MIT scalp EEG database seizure; neurological disorder classification deep learning limitations
10.1142/s0129065722500320,https://doi.org/10.1142/s0129065722500320,Epileptic Seizure Prediction Using Deep Neural Networks Via Transfer Learning and Multi-Feature Fusion,2022,International Journal of Neural Systems,World Scientific,56,No,No,,CHB-MIT scalp EEG database seizure
10.3390/brainsci14030268,https://doi.org/10.3390/brainsci14030268,Emotion Classification Based on Transformer and CNN for EEG Spatial–Temporal Feature Learning,2024,Brain Sciences,Multidisciplinary Digital Publishing Institute,56,Yes,No,,EEG transformer classification
10.1016/j.compmedimag.2016.04.004,https://doi.org/10.1016/j.compmedimag.2016.04.004,Network-based classification of ADHD patients using discriminative subnetwork selection and graph kernel PCA,2016,Computerized Medical Imaging and Graphics,Elsevier BV,56,No,No,,graph attention network brain disease diagnosis
10.3390/app122111255,https://doi.org/10.3390/app122111255,EEG-Based Emotion Recognition Using Convolutional Recurrent Neural Network with Multi-Head Self-Attention,2022,Applied Sciences,Multidisciplinary Digital Publishing Institute,55,Yes,No,,EEG graph convolutional network classification
10.1109/tnsre.2022.3173724,https://doi.org/10.1109/tnsre.2022.3173724,Multiscale Temporal Self-Attention and Dynamical Graph Convolution Hybrid Network for EEG-Based Stereogram Recognition,2022,IEEE Transactions on Neural Systems and Rehabilitation Engineering,Institute of Electrical and Electronics Engineers,55,Yes,No,,EEG graph convolutional network classification
10.1007/s40846-020-00538-3,https://doi.org/10.1007/s40846-020-00538-3,Multiclass Classification of Spatially Filtered Motor Imagery EEG Signals Using Convolutional Neural Network for BCI Based Applications,2020,Journal of Medical and Biological Engineering,Springer Science+Business Media,55,No,No,,EEG spectrogram convolutional neural network classification
10.1109/access.2023.3266117,https://doi.org/10.1109/access.2023.3266117,Bi-Branch Vision Transformer Network for EEG Emotion Recognition,2023,IEEE Access,Institute of Electrical and Electronics Engineers,55,Yes,No,,EEG transformer classification
10.3390/ijms25010498,https://doi.org/10.3390/ijms25010498,Pathobiology of Cognitive Impairment in Parkinson Disease: Challenges and Outlooks,2023,International Journal of Molecular Sciences,Multidisciplinary Digital Publishing Institute,55,Yes,No,,targeted-lookup
10.3390/s23010423,https://doi.org/10.3390/s23010423,Epileptic Seizure Prediction Based on Hybrid Seek Optimization Tuned Ensemble Classifier Using EEG Signals,2022,Sensors,Multidisciplinary Digital Publishing Institute,54,Yes,No,,CHB-MIT scalp EEG database seizure
10.1109/tcds.2022.3175538,https://doi.org/10.1109/tcds.2022.3175538,Causal Graph Convolutional Neural Network for Emotion Recognition,2022,IEEE Transactions on Cognitive and Developmental Systems,Institute of Electrical and Electronics Engineers,53,No,No,,EEG graph convolutional network classification
10.1007/s00521-024-09809-5,https://doi.org/10.1007/s00521-024-09809-5,A review on evaluating mental stress by deep learning using EEG signals,2024,Neural Computing and Applications,Springer Science+Business Media,53,Yes,No,,EEG graph convolutional network classification
10.1049/iet-smt.2017.0232,https://doi.org/10.1049/iet-smt.2017.0232,Rhythm‐based identification of alcohol EEG signals,2017,IET Science Measurement & Technology,Institution of Engineering and Technology,53,No,No,,EEG representation learning neurological disorder
10.3390/s22083066,https://doi.org/10.3390/s22083066,Evaluation of Feature Selection Methods for Classification of Epileptic Seizure EEG Signals,2022,Sensors,Multidisciplinary Digital Publishing Institute,53,Yes,No,,CHB-MIT scalp EEG database seizure
10.1109/tmi.2024.3363014,https://doi.org/10.1109/tmi.2024.3363014,Spatio-Temporal Graph Hubness Propagation Model for Dynamic Brain Network Classification,2024,IEEE Transactions on Medical Imaging,Institute of Electrical and Electronics Engineers,53,No,No,,graph attention network brain disease diagnosis
10.1109/tbme.2018.2834546,https://doi.org/10.1109/tbme.2018.2834546,Biomarkers for Alzheimer's Disease Defined by a Novel Brain Functional Network Measure,2018,IEEE Transactions on Biomedical Engineering,Institute of Electrical and Electronics Engineers,52,No,No,,EEG functional connectivity disease classification
10.1111/epi.17570,https://doi.org/10.1111/epi.17570,Are <scp>AI</scp> language models such as <scp>ChatGPT</scp> ready to improve the care of individuals with epilepsy?,2023,Epilepsia,Wiley,52,Yes,No,,EEG representation learning neurological disorder
10.1109/tnsre.2023.3322275,https://doi.org/10.1109/tnsre.2023.3322275,CLEP: Contrastive Learning for Epileptic Seizure Prediction Using a Spatio-Temporal-Spectral Network,2023,IEEE Transactions on Neural Systems and Rehabilitation Engineering,Institute of Electrical and Electronics Engineers,52,Yes,No,,CHB-MIT scalp EEG database seizure
10.1063/1.4906038,https://doi.org/10.1063/1.4906038,Multiple feature extraction and classification of electroencephalograph signal for Alzheimers' with spectrum and bispectrum,2015,Chaos An Interdisciplinary Journal of Nonlinear Science,American Institute of Physics,51,No,No,,EEG Alzheimer classification
10.3390/diagnostics13030477,https://doi.org/10.3390/diagnostics13030477,An Approach toward Artificial Intelligence Alzheimer’s Disease Diagnosis Using Brain Signals,2023,Diagnostics,Multidisciplinary Digital Publishing Institute,51,Yes,Yes,,EEG functional connectivity disease classification
10.1109/tcds.2021.3064228,https://doi.org/10.1109/tcds.2021.3064228,Epileptic Classification With Deep-Transfer-Learning-Based Feature Fusion Algorithm,2021,IEEE Transactions on Cognitive and Developmental Systems,Institute of Electrical and Electronics Engineers,51,No,No,,CHB-MIT scalp EEG database seizure
10.1038/s41598-025-96611-5,https://doi.org/10.1038/s41598-025-96611-5,Multi-scale convolutional transformer network for motor imagery brain-computer interface,2025,Scientific Reports,Nature Portfolio,51,Yes,No,,EEG transformer classification
10.3390/bioengineering9040141,https://doi.org/10.3390/bioengineering9040141,Smart-Data-Driven System for Alzheimer Disease Detection through Electroencephalographic Signals,2022,Bioengineering,Multidisciplinary Digital Publishing Institute,50,Yes,No,,EEG Alzheimer classification
10.1007/s004060170027,https://doi.org/10.1007/s004060170027,Dynamic regulation of EEG power and coherence is lost early and globally in probable DAT,2001,European Archives of Psychiatry and Clinical Neuroscience,Springer Science+Business Media,50,No,No,,EEG Alzheimer classification
10.3390/electronics11142265,https://doi.org/10.3390/electronics11142265,EEG-Based Schizophrenia Diagnosis through Time Series Image Conversion and Deep Learning,2022,Electronics,Multidisciplinary Digital Publishing Institute,50,Yes,No,,EEG graph convolutional network classification
10.1002/da.20540,https://doi.org/10.1002/da.20540,Treatment-resistant depression: recent developments and future directions,2008,Depression and Anxiety,Wiley,50,Yes,No,,EEG functional connectivity disease classification
10.3389/fncom.2024.1340251,https://doi.org/10.3389/fncom.2024.1340251,Novel deep learning framework for detection of epileptic seizures using EEG signals,2024,Frontiers in Computational Neuroscience,Frontiers Media,50,Yes,No,,neurological disorder classification deep learning limitations
10.1142/s0129065724500126,https://doi.org/10.1142/s0129065724500126,Epileptic Seizure Detection with an End-to-End Temporal Convolutional Network and Bidirectional Long Short-Term Memory Model,2023,International Journal of Neural Systems,World Scientific,50,No,No,,CHB-MIT scalp EEG database seizure
10.3390/ijerph191811326,https://doi.org/10.3390/ijerph191811326,Epilepsy Seizures Prediction Based on Nonlinear Features of EEG Signal and Gradient Boosting Decision Tree,2022,International Journal of Environmental Research and Public Health,Multidisciplinary Digital Publishing Institute,50,Yes,No,,CHB-MIT scalp EEG database seizure
10.1155/2024/9898333,https://doi.org/10.1155/2024/9898333,A Hybrid Deep Neural Network Approach to Recognize Driving Fatigue Based on EEG Signals,2024,International Journal of Intelligent Systems,Wiley,50,Yes,No,,EEG spectrogram convolutional neural network classification
10.1038/s41380-023-02395-3,https://doi.org/10.1038/s41380-023-02395-3,"Resting-state EEG dynamic functional connectivity distinguishes non-psychotic major depression, psychotic major depression and schizophrenia",2024,Molecular Psychiatry,Springer Nature,49,No,No,,EEG functional connectivity disease classification
10.1007/s11042-024-18918-1,https://doi.org/10.1007/s11042-024-18918-1,Deep learning-based multi-head self-attention model for human epilepsy identification from EEG signal for biomedical traits,2024,Multimedia Tools and Applications,Springer Science+Business Media,49,No,No,,CHB-MIT scalp EEG database seizure
10.1016/j.bspc.2021.102963,https://doi.org/10.1016/j.bspc.2021.102963,Patient-specific method of sleep electroencephalography using wavelet packet transform and Bi-LSTM for epileptic seizure prediction,2021,Biomedical Signal Processing and Control,Elsevier BV,49,No,No,,CHB-MIT scalp EEG database seizure
10.1016/j.inffus.2023.102006,https://doi.org/10.1016/j.inffus.2023.102006,Finger pinching and imagination classification: A fusion of CNN architectures for IoMT-enabled BCI applications,2023,Information Fusion,Elsevier BV,49,No,No,,EEG spectrogram convolutional neural network classification
10.1109/taffc.2025.3551330,https://doi.org/10.1109/taffc.2025.3551330,Identifying Stable EEG Patterns in Manipulation Task for Negative Emotion Recognition,2025,IEEE Transactions on Affective Computing,Institute of Electrical and Electronics Engineers,49,No,No,,EEG transformer classification
10.1016/j.bspc.2023.105359,https://doi.org/10.1016/j.bspc.2023.105359,Temporal–spatial transformer based motor imagery classification for BCI using independent component analysis,2023,Biomedical Signal Processing and Control,Elsevier BV,49,No,No,,EEG transformer classification
10.1007/s41870-018-0165-5,https://doi.org/10.1007/s41870-018-0165-5,EEG signal analysis for early diagnosis of Alzheimer disease using spectral and wavelet based features,2018,International Journal of Information Technology,Springer Nature,48,No,No,,EEG Alzheimer classification
10.1038/s41746-023-00983-9,https://doi.org/10.1038/s41746-023-00983-9,An interpretable model based on graph learning for diagnosis of Parkinson’s disease with voice-related EEG,2024,npj Digital Medicine,Nature Portfolio,48,Yes,Yes,SELECTED,EEG graph convolutional network classification
10.3390/s21061988,https://doi.org/10.3390/s21061988,EEG-Based Sleep Staging Analysis with Functional Connectivity,2021,Sensors,Multidisciplinary Digital Publishing Institute,48,Yes,No,,EEG functional connectivity disease classification
10.1142/s0129065723500466,https://doi.org/10.1142/s0129065723500466,A Class-Imbalance Aware and Explainable Spatio-Temporal Graph Attention Network for Neonatal Seizure Detection,2023,International Journal of Neural Systems,World Scientific,48,Yes,No,,EEG representation learning neurological disorder
10.3390/diagnostics11081380,https://doi.org/10.3390/diagnostics11081380,Automated Characterization of Cyclic Alternating Pattern Using Wavelet-Based Features and Ensemble Learning Techniques with EEG Signals,2021,Diagnostics,Multidisciplinary Digital Publishing Institute,48,Yes,No,,EEG Hjorth parameters entropy features classification
10.2174/156720510790691137,https://doi.org/10.2174/156720510790691137,The I.F.A.S.T. Model Allows the Prediction of Conversion to Alzheimer Disease in Patients with Mild Cognitive Impairment with High Degree of Accuracy,2010,Current Alzheimer Research,Bentham Science Publishers,47,No,No,,EEG Alzheimer classification
10.3390/s21237972,https://doi.org/10.3390/s21237972,A Novel Permutation Entropy-Based EEG Channel Selection for Improving Epileptic Seizure Prediction,2021,Sensors,Multidisciplinary Digital Publishing Institute,47,Yes,No,,CHB-MIT scalp EEG database seizure
10.1016/j.knosys.2020.106152,https://doi.org/10.1016/j.knosys.2020.106152,A unified multi-level spectral–temporal feature learning framework for patient-specific seizure onset detection in EEG signals,2020,Knowledge-Based Systems,Elsevier BV,47,No,No,,CHB-MIT scalp EEG database seizure
10.1109/tnsre.2023.3297654,https://doi.org/10.1109/tnsre.2023.3297654,A Novel Algorithmic Structure of EEG Channel Attention Combined With Swin Transformer for Motor Patterns Classification,2023,IEEE Transactions on Neural Systems and Rehabilitation Engineering,Institute of Electrical and Electronics Engineers,47,Yes,No,,EEG transformer classification
10.1007/s10462-021-10062-8,https://doi.org/10.1007/s10462-021-10062-8,Neurological abnormality detection from electroencephalography data: a review,2021,Artificial Intelligence Review,Springer Science+Business Media,46,No,No,,EEG Alzheimer classification; EEG Parkinson classification; EEG signal processing Alzheimer
10.1097/jcma.0000000000001188,https://doi.org/10.1097/jcma.0000000000001188,Comparison of machine learning algorithms for automatic prediction of Alzheimer disease,2024,Journal of the Chinese Medical Association,Lippincott Williams & Wilkins,46,Yes,No,,EEG signal processing Alzheimer
10.1109/tnsre.2023.3309542,https://doi.org/10.1109/tnsre.2023.3309542,3DSleepNet: A Multi-Channel Bio-Signal Based Sleep Stages Classification Method Using Deep Learning,2023,IEEE Transactions on Neural Systems and Rehabilitation Engineering,Institute of Electrical and Electronics Engineers,46,Yes,No,,EEG graph convolutional network classification
10.3389/fpubh.2020.584387,https://doi.org/10.3389/fpubh.2020.584387,Alzheimer's Disease Classification With a Cascade Neural Network,2020,Frontiers in Public Health,Frontiers Media,46,Yes,No,,EEG graph convolutional network classification; graph attention network brain disease diagnosis
10.1109/tnsre.2023.3321634,https://doi.org/10.1109/tnsre.2023.3321634,Adaptive Gated Graph Convolutional Network for Explainable Diagnosis of Alzheimer’s Disease Using EEG Data,2023,IEEE Transactions on Neural Systems and Rehabilitation Engineering,Institute of Electrical and Electronics Engineers,46,Yes,Yes,SELECTED,EEG functional connectivity disease classification; EEG graph convolutional network classification
10.3389/fnagi.2017.00304,https://doi.org/10.3389/fnagi.2017.00304,"Changes of Functional and Directed Resting-State Connectivity Are Associated with Neuronal Oscillations, ApoE Genotype and Amyloid Deposition in Mild Cognitive Impairment",2017,Frontiers in Aging Neuroscience,Frontiers Media,46,Yes,No,,EEG functional connectivity disease classification
10.5121/ijesa.2012.2309,https://doi.org/10.5121/ijesa.2012.2309,Automatic Detection of Seizure ONSET in Pediatric EEG,2012,International Journal of Embedded Systems and Applications,,46,Yes,No,,CHB-MIT scalp EEG database seizure
10.1016/j.bspc.2023.105487,https://doi.org/10.1016/j.bspc.2023.105487,A spatiotemporal symmetrical transformer structure for EEG emotion recognition,2023,Biomedical Signal Processing and Control,Elsevier BV,46,No,No,,EEG transformer classification
10.1111/j.1532-5415.1994.tb06571.x,https://doi.org/10.1111/j.1532-5415.1994.tb06571.x,THE EFFECTS OF SODIUM VALPROATE ON DISTURBED BEHAVIOR IN DEMENTIA,1994,Journal of the American Geriatrics Society,Wiley,45,Yes,No,,EEG Alzheimer classification
10.3390/bioengineering11080782,https://doi.org/10.3390/bioengineering11080782,Emotion Detection from EEG Signals Using Machine Deep Learning Models,2024,Bioengineering,Multidisciplinary Digital Publishing Institute,45,Yes,No,,EEG graph convolutional network classification
10.1016/j.bbe.2022.08.003,https://doi.org/10.1016/j.bbe.2022.08.003,EEG_GENet: A feature-level graph embedding method for motor imagery classification based on EEG signals,2022,Journal of Applied Biomedicine,Elsevier BV,45,No,No,,EEG graph convolutional network classification
10.1109/tmi.2019.2953584,https://doi.org/10.1109/tmi.2019.2953584,Imaging of Nonlinear and Dynamic Functional Brain Connectivity Based on EEG Recordings With the Application on the Diagnosis of Alzheimer’s Disease,2019,IEEE Transactions on Medical Imaging,Institute of Electrical and Electronics Engineers,45,Yes,No,,EEG functional connectivity disease classification
10.5755/j01.eie.24.4.21469,https://doi.org/10.5755/j01.eie.24.4.21469,Automatic Classification of Motor Impairment Neural Disorders from EEG Signals Using Deep Convolutional Neural Networks,2018,Elektronika ir Elektrotechnika,Kaunas University of Technology,45,Yes,No,,EEG spectrogram convolutional neural network classification
10.1016/j.patcog.2024.110450,https://doi.org/10.1016/j.patcog.2024.110450,Interpretable medical deep framework by logits-constraint attention guiding graph-based multi-scale fusion for Alzheimer’s disease analysis,2024,Pattern Recognition,Elsevier BV,45,Yes,No,,graph attention network brain disease diagnosis
10.1212/wnl.0000000000009977,https://doi.org/10.1212/wnl.0000000000009977,Diagnostic and prognostic value of EEG in prodromal dementia with Lewy bodies,2020,Neurology,Lippincott Williams & Wilkins,44,Yes,No,,EEG Alzheimer classification
10.1016/j.physa.2017.08.009,https://doi.org/10.1016/j.physa.2017.08.009,DCCA cross-correlation coefficients reveals the change of both synchronization and oscillation in EEG of Alzheimer disease patients,2017,Physica A Statistical Mechanics and its Applications,Elsevier BV,44,No,No,,EEG Alzheimer classification
10.1109/tnnls.2023.3307470,https://doi.org/10.1109/tnnls.2023.3307470,Graph Neural Networks on SPD Manifolds for Motor Imagery Classification: A Perspective From the Time–Frequency Analysis,2023,IEEE Transactions on Neural Networks and Learning Systems,Institute of Electrical and Electronics Engineers,44,Yes,No,,EEG graph convolutional network classification
10.1016/j.bspc.2021.102542,https://doi.org/10.1016/j.bspc.2021.102542,Transfer learning and SpecAugment applied to SSVEP based BCI classification,2021,Biomedical Signal Processing and Control,Elsevier BV,44,Yes,No,,EEG spectrogram convolutional neural network classification
10.3390/jpm12020136,https://doi.org/10.3390/jpm12020136,Deep Learning Application to Clinical Decision Support System in Sleep Stage Classification,2022,Journal of Personalized Medicine,Multidisciplinary Digital Publishing Institute,44,Yes,No,,EEG transformer classification
10.1016/j.compbiomed.2023.107126,https://doi.org/10.1016/j.compbiomed.2023.107126,A multi-head residual connection GCN for EEG emotion recognition,2023,Computers in Biology and Medicine,Elsevier BV,43,No,No,,EEG graph convolutional network classification
10.1109/tnnls.2023.3252569,https://doi.org/10.1109/tnnls.2023.3252569,SSGCNet: A Sparse Spectra Graph Convolutional Network for Epileptic EEG Signal Classification,2023,IEEE Transactions on Neural Networks and Learning Systems,Institute of Electrical and Electronics Engineers,43,Yes,No,,EEG graph convolutional network classification
10.1016/j.clinph.2024.12.008,https://doi.org/10.1016/j.clinph.2024.12.008,Time-Frequency functional connectivity alterations in Alzheimer’s disease and frontotemporal dementia: An EEG analysis using machine learning,2024,Clinical Neurophysiology,Elsevier BV,43,No,No,,EEG functional connectivity disease classification
10.3389/fninf.2023.1067095,https://doi.org/10.3389/fninf.2023.1067095,A systematic comparison of deep learning methods for EEG time series analysis,2023,Frontiers in Neuroinformatics,Frontiers Media,43,Yes,No,,EEG preprocessing comparison pipeline
10.1109/access.2020.3002459,https://doi.org/10.1109/access.2020.3002459,Motor Imagery Classification for Brain Computer Interface Using Deep Metric Learning,2020,IEEE Access,Institute of Electrical and Electronics Engineers,43,Yes,No,,EEG preprocessing comparison pipeline
10.1109/taffc.2019.2942587,https://doi.org/10.1109/taffc.2019.2942587,ICA-Evolution Based Data Augmentation with Ensemble Deep Neural Networks Using Time and Frequency Kernels for Emotion Recognition from EEG-Data,2019,IEEE Transactions on Affective Computing,Institute of Electrical and Electronics Engineers,43,No,No,,EEG spectrogram convolutional neural network classification
10.1002/cnm.3573,https://doi.org/10.1002/cnm.3573,Deep‐learning‐based seizure detection and prediction from electroencephalography signals,2022,International Journal for Numerical Methods in Biomedical Engineering,Wiley,43,No,No,,EEG spectrogram convolutional neural network classification
10.3389/fncom.2018.00031,https://doi.org/10.3389/fncom.2018.00031,"Classification of Alzheimer's Disease, Mild Cognitive Impairment, and Normal Controls With Subnetwork Selection and Graph Kernel Principal Component Analysis Based on Minimum Spanning Tree Brain Funct",2018,Frontiers in Computational Neuroscience,Frontiers Media,43,Yes,No,,graph attention network brain disease diagnosis
10.1016/j.jneumeth.2018.12.012,https://doi.org/10.1016/j.jneumeth.2018.12.012,A survey on applications and analysis methods of functional magnetic resonance imaging for Alzheimer’s disease,2018,Journal of Neuroscience Methods,Elsevier BV,43,No,No,,graph attention network brain disease diagnosis
10.1155/2023/3198066,https://doi.org/10.1155/2023/3198066,Using CNN Saliency Maps and EEG Modulation Spectra for Improved and More Interpretable Machine Learning‐Based Alzheimer’s Disease Diagnosis,2023,Computational Intelligence and Neuroscience,Hindawi Publishing Corporation,42,Yes,No,,EEG spectrogram convolutional neural network classification
10.1016/j.compbiomed.2024.108973,https://doi.org/10.1016/j.compbiomed.2024.108973,Temporal aware Mixed Attention-based Convolution and Transformer Network for cross-subject EEG emotion recognition,2024,Computers in Biology and Medicine,Elsevier BV,42,No,No,,EEG transformer classification
10.1093/schbul/sbn046,https://doi.org/10.1093/schbul/sbn046,Making Progress in Schizophrenia Research,2007,Schizophrenia Bulletin,Oxford University Press,42,Yes,No,,graph attention network brain disease diagnosis
10.3389/fbioe.2021.706229,https://doi.org/10.3389/fbioe.2021.706229,Deep Feature Mining via the Attention-Based Bidirectional Long Short Term Memory Graph Convolutional Neural Network for Human Motor Imagery Recognition,2022,Frontiers in Bioengineering and Biotechnology,Frontiers Media,41,Yes,No,,EEG graph convolutional network classification
10.1142/s0129065723500314,https://doi.org/10.1142/s0129065723500314,Hybrid Attention Network for Epileptic EEG Classification,2023,International Journal of Neural Systems,World Scientific,41,No,No,,EEG transformer classification
10.1016/j.bspc.2023.105312,https://doi.org/10.1016/j.bspc.2023.105312,A novel caps-EEGNet combined with channel selection for EEG-based emotion recognition,2023,Biomedical Signal Processing and Control,Elsevier BV,41,No,No,,EEG channel spatial relationship deep learning
10.1109/jbhi.2022.3229465,https://doi.org/10.1109/jbhi.2022.3229465,Multi-Graph Attention Networks With Bilinear Convolution for Diagnosis of Schizophrenia,2023,IEEE Journal of Biomedical and Health Informatics,Institute of Electrical and Electronics Engineers,41,No,No,,graph attention network brain disease diagnosis
10.3390/app14093883,https://doi.org/10.3390/app14093883,Bridging Modalities: A Multimodal Machine Learning Approach for Parkinson’s Disease Diagnosis Using EEG and MRI Data,2024,Applied Sciences,Multidisciplinary Digital Publishing Institute,40,Yes,No,,EEG preprocessing neurological disease
10.1109/jbhi.2022.3208314,https://doi.org/10.1109/jbhi.2022.3208314,MVF-SleepNet: Multi-View Fusion Network for Sleep Stage Classification,2022,IEEE Journal of Biomedical and Health Informatics,Institute of Electrical and Electronics Engineers,40,No,No,,EEG graph convolutional network classification
10.1109/access.2020.3027289,https://doi.org/10.1109/access.2020.3027289,Transfer Learning Convolutional Neural Network for Sleep Stage Classification Using Two-Stage Data Fusion Framework,2020,IEEE Access,Institute of Electrical and Electronics Engineers,40,Yes,No,,EEG graph convolutional network classification
10.1038/s41598-022-14217-7,https://doi.org/10.1038/s41598-022-14217-7,Accurate emotion recognition using Bayesian model based EEG sources as dynamic graph convolutional neural network nodes,2022,Scientific Reports,Nature Portfolio,40,Yes,No,,EEG graph convolutional network classification
10.1007/s10772-021-09855-7,https://doi.org/10.1007/s10772-021-09855-7,Machine learning based classification of EEG signal for detection of child epileptic seizure without snipping,2021,International Journal of Speech Technology,Springer Science+Business Media,40,No,No,,CHB-MIT scalp EEG database seizure
10.32604/cmc.2021.015976,https://doi.org/10.32604/cmc.2021.015976,Ensemble Machine Learning Based Identification of Pediatric Epilepsy,2021,"Computers, materials & continua/Computers, materials & continua (Print)",,40,Yes,No,,CHB-MIT scalp EEG database seizure
10.1016/j.bspc.2021.102981,https://doi.org/10.1016/j.bspc.2021.102981,"An EEG spectrogram-based automatic sleep stage scoring method via data augmentation, ensemble convolution neural network, and expert knowledge",2021,Biomedical Signal Processing and Control,Elsevier BV,40,No,No,,EEG spectrogram convolutional neural network classification
10.1016/j.cmpb.2020.105722,https://doi.org/10.1016/j.cmpb.2020.105722,A facile and flexible motor imagery classification using electroencephalogram signals,2020,Computer Methods and Programs in Biomedicine,Elsevier BV,40,No,No,,EEG Hjorth parameters entropy features classification
10.1260/2040-2295.6.1.55,https://doi.org/10.1260/2040-2295.6.1.55,Discrimination of Mild Cognitive Impairment and Alzheimer′s Disease Using Transfer Entropy Measures of Scalp EEG,2015,Journal of Healthcare Engineering,Hindawi Publishing Corporation,39,Yes,No,,EEG Alzheimer classification
10.1002/ima.22565,https://doi.org/10.1002/ima.22565,RETRACTED: Implementation of deep neural networks for classifying electroencephalogram signal using fractional <scp>S‐transform</scp> for epileptic seizure detection,2021,International Journal of Imaging Systems and Technology,Wiley,39,No,No,,EEG preprocessing neurological disease
10.1016/j.bspc.2023.105318,https://doi.org/10.1016/j.bspc.2023.105318,EEGAlzheimer’sNet: Development of transformer-based attention long short term memory network for detecting Alzheimer disease using EEG signal,2023,Biomedical Signal Processing and Control,Elsevier BV,39,No,No,,EEG signal processing Alzheimer
10.1016/j.neuroimage.2021.118407,https://doi.org/10.1016/j.neuroimage.2021.118407,Spontaneous transient brain states in EEG source space in disorders of consciousness,2021,NeuroImage,Elsevier BV,39,Yes,No,,EEG functional connectivity disease classification
10.1109/tcds.2020.3009020,https://doi.org/10.1109/tcds.2020.3009020,Epileptic Signal Classification Based on Synthetic Minority Oversampling and Blending Algorithm,2020,IEEE Transactions on Cognitive and Developmental Systems,Institute of Electrical and Electronics Engineers,39,No,No,,CHB-MIT scalp EEG database seizure
10.1002/dac.4685,https://doi.org/10.1002/dac.4685,Biosignal classification for human identification based on convolutional neural networks,2021,International Journal of Communication Systems,Wiley,39,No,No,,EEG spectrogram convolutional neural network classification
10.1093/cercor/bhaa242,https://doi.org/10.1093/cercor/bhaa242,A Whole-Brain and Cross-Diagnostic Perspective on Functional Brain Network Dysfunction,2020,Cerebral Cortex,Oxford University Press,39,Yes,No,,graph attention network brain disease diagnosis
10.1007/s13534-018-0082-3,https://doi.org/10.1007/s13534-018-0082-3,The earth mover’s distance and Bayesian linear discriminant analysis for epileptic seizure detection in scalp EEG,2018,Biomedical Engineering Letters,Springer Science+Business Media,38,Yes,No,,CHB-MIT scalp EEG database seizure
10.3389/fnins.2023.1191683,https://doi.org/10.3389/fnins.2023.1191683,Epileptic seizures detection and the analysis of optimal seizure prediction horizon based on frequency and phase analysis,2023,Frontiers in Neuroscience,Frontiers Media,38,Yes,No,,CHB-MIT scalp EEG database seizure
10.1016/j.neuroscience.2023.07.020,https://doi.org/10.1016/j.neuroscience.2023.07.020,Classification Algorithm for Electroencephalogram-based Motor Imagery Using Hybrid Neural Network with Spatio-temporal Convolution and Multi-head Attention Mechanism,2023,Neuroscience,Elsevier BV,38,No,No,,EEG transformer classification
10.1016/j.measurement.2024.114157,https://doi.org/10.1016/j.measurement.2024.114157,CTCNet: A CNN Transformer capsule network for sleep stage classification,2024,Measurement,Elsevier BV,38,No,No,,EEG transformer classification
10.1016/j.neunet.2022.09.016,https://doi.org/10.1016/j.neunet.2022.09.016,EEG decoding method based on multi-feature information fusion for spinal cord injury,2022,Neural Networks,Elsevier BV,38,Yes,No,,EEG channel spatial relationship deep learning
10.1109/access.2025.3532515,https://doi.org/10.1109/access.2025.3532515,Exploring the Effectiveness of Machine Learning and Deep Learning Techniques for EEG Signal Classification in Neurological Disorders,2025,IEEE Access,Institute of Electrical and Electronics Engineers,37,Yes,No,,EEG deep learning dementia diagnosis [recent]; EEG preprocessing neurological disease
10.1186/s12868-024-00877-w,https://doi.org/10.1186/s12868-024-00877-w,Changes of brain functional network in Alzheimer’s disease and frontotemporal dementia: a graph-theoretic analysis,2024,BMC Neuroscience,BioMed Central,37,Yes,No,,OpenNeuro EEG dataset dementia frontotemporal
10.1016/j.jneumeth.2023.109879,https://doi.org/10.1016/j.jneumeth.2023.109879,EEG rhythm based emotion recognition using multivariate decomposition and ensemble machine learning classifier,2023,Journal of Neuroscience Methods,Elsevier BV,37,No,No,,EEG Hjorth parameters entropy features classification
10.1109/tnsre.2024.3435460,https://doi.org/10.1109/tnsre.2024.3435460,"Integrating Large Language Model, EEG, and Eye-Tracking for Word-Level Neural State Classification in Reading Comprehension",2024,IEEE Transactions on Neural Systems and Rehabilitation Engineering,Institute of Electrical and Electronics Engineers,37,Yes,No,,EEG transformer classification
10.1088/1741-2552/acb089,https://doi.org/10.1088/1741-2552/acb089,Epileptic seizure detection by using interpretable machine learning models,2023,Journal of Neural Engineering,IOP Publishing,37,Yes,No,,EEG transformer classification
10.1016/j.bspc.2024.106996,https://doi.org/10.1016/j.bspc.2024.106996,MTNet: Multimodal transformer network for mild depression detection through fusion of EEG and eye tracking,2024,Biomedical Signal Processing and Control,Elsevier BV,37,No,No,,EEG transformer classification
10.1016/j.compbiomed.2024.108869,https://doi.org/10.1016/j.compbiomed.2024.108869,A novel graph neural network method for Alzheimer’s disease classification,2024,Computers in Biology and Medicine,Elsevier BV,37,No,No,,graph attention network brain disease diagnosis
10.1016/j.compbiomed.2024.108762,https://doi.org/10.1016/j.compbiomed.2024.108762,A spatiotemporal graph transformer approach for Alzheimer’s disease diagnosis with rs-fMRI,2024,Computers in Biology and Medicine,Elsevier BV,37,No,No,,graph attention network brain disease diagnosis
10.1016/j.neucom.2022.06.107,https://doi.org/10.1016/j.neucom.2022.06.107,Graph attention autoencoder inspired CNN based brain tumor classification using MRI,2022,Neurocomputing,Elsevier BV,37,No,No,,graph attention network brain disease diagnosis
10.1007/s11042-022-12702-9,https://doi.org/10.1007/s11042-022-12702-9,CNN based framework for detection of epileptic seizures,2022,Multimedia Tools and Applications,Springer Science+Business Media,36,No,No,,EEG preprocessing neurological disease
10.1109/tnsre.2023.3347032,https://doi.org/10.1109/tnsre.2023.3347032,Exploring Frequency Band-Based Biomarkers of EEG Signals for Mild Cognitive Impairment Detection,2023,IEEE Transactions on Neural Systems and Rehabilitation Engineering,Institute of Electrical and Electronics Engineers,36,Yes,No,,EEG spectrogram convolutional neural network classification
10.3390/s24010077,https://doi.org/10.3390/s24010077,Automatic Seizure Detection Based on Stockwell Transform and Transformer,2023,Sensors,Multidisciplinary Digital Publishing Institute,36,Yes,No,,EEG transformer classification
10.1002/lt.20030,https://doi.org/10.1002/lt.20030,Is minimal hepatic encephalopathy completely reversible following liver transplantation?,2004,Liver Transplantation,Lippincott Williams & Wilkins,35,Yes,No,,EEG Alzheimer classification; EEG Parkinson classification
10.1016/j.jneumeth.2021.109334,https://doi.org/10.1016/j.jneumeth.2021.109334,The diagnosis of amnestic mild cognitive impairment by combining the characteristics of brain functional network and support vector machine classifier,2021,Journal of Neuroscience Methods,Elsevier BV,35,No,No,,EEG functional connectivity disease classification
10.1002/asjc.2983,https://doi.org/10.1002/asjc.2983,Two‐phase classification: ANN and A‐SVM classifiers on motor imagery BCI,2022,Asian Journal of Control,Wiley,35,No,No,,EEG preprocessing comparison pipeline
10.1016/j.bspc.2021.102720,https://doi.org/10.1016/j.bspc.2021.102720,Classification and analysis of epileptic EEG recordings using convolutional neural network and class activation mapping,2021,Biomedical Signal Processing and Control,Elsevier BV,35,No,No,,EEG spectrogram convolutional neural network classification
10.1016/j.neunet.2024.106792,https://doi.org/10.1016/j.neunet.2024.106792,Graph neural networks for electroencephalogram analysis: Alzheimer’s disease and epilepsy use cases,2024,Neural Networks,Elsevier BV,35,Yes,No,,graph attention network brain disease diagnosis
10.1109/jtehm.2023.3285723,https://doi.org/10.1109/jtehm.2023.3285723,A Graph Convolutional Network Based on Univariate Neurodegeneration Biomarker for Alzheimer’s Disease Diagnosis,2023,IEEE Journal of Translational Engineering in Health and Medicine,Institute of Electrical and Electronics Engineers,35,Yes,No,,graph attention network brain disease diagnosis
10.1007/s42979-022-01358-9,https://doi.org/10.1007/s42979-022-01358-9,A Review on Machine Learning Approaches in Identification of Pediatric Epilepsy,2022,SN Computer Science,Springer Nature,34,Yes,No,,CHB-MIT scalp EEG database seizure
10.1007/s00500-021-06218-x,https://doi.org/10.1007/s00500-021-06218-x,Prognosis of automated sleep staging based on two-layer ensemble learning stacking model using single-channel EEG signal,2021,Soft Computing,Springer Science+Business Media,33,No,No,,EEG preprocessing neurological disease
10.1038/s41531-023-00498-w,https://doi.org/10.1038/s41531-023-00498-w,Temporal and spatial variability of dynamic microstate brain network in early Parkinson’s disease,2023,npj Parkinson s Disease,Nature Portfolio,33,Yes,No,,EEG functional connectivity disease classification
10.1109/access.2021.3054670,https://doi.org/10.1109/access.2021.3054670,EEG Classification by Factoring in Sensor Spatial Configuration,2021,IEEE Access,Institute of Electrical and Electronics Engineers,33,Yes,No,,EEG representation learning neurological disorder
10.1109/access.2021.3084635,https://doi.org/10.1109/access.2021.3084635,Early Prediction of Epileptic Seizure Based on the BNLSTM-CASA Model,2021,IEEE Access,Institute of Electrical and Electronics Engineers,32,Yes,No,,EEG preprocessing neurological disease
10.1007/s41870-023-01676-y,https://doi.org/10.1007/s41870-023-01676-y,Utilizing graph Fourier transform for automatic Alzheimer’s disease detection from EEG signals,2024,International Journal of Information Technology,Springer Nature,32,No,No,,EEG signal processing Alzheimer
10.7555/jbr.34.20190006,https://doi.org/10.7555/jbr.34.20190006,Hidden Markov model based epileptic seizure detection using tunable Q wavelet transform,2020,Journal of Biomedical Research,Elsevier BV,32,Yes,No,,EEG Hjorth parameters entropy features classification
10.1080/2326263x.2020.1801112,https://doi.org/10.1080/2326263x.2020.1801112,Effects of local and global spatial patterns in EEG motor-imagery classification using convolutional neural network,2020,Brain-Computer Interfaces,Taylor & Francis,32,No,No,,EEG channel spatial relationship deep learning
10.1016/j.bspc.2024.106401,https://doi.org/10.1016/j.bspc.2024.106401,A brain topography graph embedded convolutional neural network for EEG-based motor imagery classification,2024,Biomedical Signal Processing and Control,Elsevier BV,32,No,No,,EEG channel spatial relationship deep learning
10.1016/j.neuroimage.2021.118048,https://doi.org/10.1016/j.neuroimage.2021.118048,A unified framework for personalized regions selection and functional relation modeling for early MCI identification,2021,NeuroImage,Elsevier BV,32,Yes,No,,graph attention network brain disease diagnosis
10.3389/fnhum.2022.918969,https://doi.org/10.3389/fnhum.2022.918969,Multi-View Feature Enhancement Based on Self-Attention Mechanism Graph Convolutional Network for Autism Spectrum Disorder Diagnosis,2022,Frontiers in Human Neuroscience,Frontiers Media,32,Yes,No,,graph attention network brain disease diagnosis
10.1101/2021.06.28.450168,https://doi.org/10.1101/2021.06.28.450168,OpenNeuro: An open resource for sharing of neuroimaging data,2021,bioRxiv (Cold Spring Harbor Laboratory),Cold Spring Harbor Laboratory,32,Yes,No,,targeted-lookup
10.1002/pmrj.12976,https://doi.org/10.1002/pmrj.12976,Multidisciplinary collaborative consensus guidance statement on the assessment and treatment of neurologic sequelae in patients with post‐acute sequelae of <scp>SARS‐CoV</scp>‐2 infection (<scp>PASC</,2023,PM&R,Wiley,31,Yes,No,,neurological disorder classification deep learning limitations
10.1016/j.bspc.2024.106090,https://doi.org/10.1016/j.bspc.2024.106090,Multi-head self-attention mechanism-based global feature learning model for ASD diagnosis,2024,Biomedical Signal Processing and Control,Elsevier BV,31,No,No,,neurological disorder classification deep learning limitations
10.1016/j.cmpb.2025.108652,https://doi.org/10.1016/j.cmpb.2025.108652,EEGConvNeXt: A novel convolutional neural network model for automated detection of Alzheimer's Disease and Frontotemporal Dementia using EEG signals,2025,Computer Methods and Programs in Biomedicine,Elsevier BV,31,No,No,,EEG deep learning dementia diagnosis [recent]; EEG spectrogram convolutional neural network classification; neurological disorder classification deep learning limitations
10.1111/j.1600-0447.2009.01467.x,https://doi.org/10.1111/j.1600-0447.2009.01467.x,Remembering the lost neuroscience of pharmaco‐EEG,2010,Acta Psychiatrica Scandinavica,Wiley,30,Yes,No,,EEG Parkinson classification
10.3390/diagnostics13213382,https://doi.org/10.3390/diagnostics13213382,A Novel Prognostic Model Using Chaotic CNN with Hybridized Spoofing for Enhancing Diagnostic Accuracy in Epileptic Seizure Prediction,2023,Diagnostics,Multidisciplinary Digital Publishing Institute,30,Yes,No,,EEG spectrogram convolutional neural network classification
10.1016/j.compeleceng.2024.109178,https://doi.org/10.1016/j.compeleceng.2024.109178,EEG-ConvNet: Convolutional networks for EEG-based subject-dependent emotion recognition,2024,Computers & Electrical Engineering,Elsevier BV,30,No,No,,EEG spectrogram convolutional neural network classification
10.1007/s10548-025-01106-1,https://doi.org/10.1007/s10548-025-01106-1,Electroencephalogram (EEG) Based Fuzzy Logic and Spiking Neural Networks (FLSNN) for Advanced Multiple Neurological Disorder Diagnosis,2025,Brain Topography,Springer Science+Business Media,29,No,No,,EEG preprocessing neurological disease
10.3389/fpsyt.2024.1426155,https://doi.org/10.3389/fpsyt.2024.1426155,A short report on ADHD detection using convolutional neural networks,2024,Frontiers in Psychiatry,Frontiers Media,29,Yes,No,,EEG channel spatial relationship deep learning; EEG spectrogram convolutional neural network classification; neurological disorder classification deep learning limitations
10.1373/clinchem.2019.307512,https://doi.org/10.1373/clinchem.2019.307512,Machine Learning for Clinical Chemists,2019,Clinical Chemistry,American Association for Clinical Chemistry,29,Yes,No,,neurological disorder classification deep learning limitations
10.3390/app14020726,https://doi.org/10.3390/app14020726,EEG Emotion Classification Based on Graph Convolutional Network,2024,Applied Sciences,Multidisciplinary Digital Publishing Institute,29,Yes,No,,EEG channel spatial relationship deep learning
10.1016/j.future.2004.03.012,https://doi.org/10.1016/j.future.2004.03.012,Computerized recognition of Alzheimer disease-EEG using genetic algorithms and neural network,2004,Future Generation Computer Systems,Elsevier BV,28,No,No,,EEG Alzheimer classification
10.1109/ojemb.2022.3161837,https://doi.org/10.1109/ojemb.2022.3161837,SASDL and RBATQ: Sparse Autoencoder With Swarm Based Deep Learning and Reinforcement Based Q-Learning for EEG Classification,2022,IEEE Open Journal of Engineering in Medicine and Biology,Institute of Electrical and Electronics Engineers,28,Yes,No,,EEG Parkinson classification
10.1002/admt.202300046,https://doi.org/10.1002/admt.202300046,Deep Learning Enabled Perceptive Wearable Sensor: An Interactive Gadget for Tracking Movement Disorder,2023,Advanced Materials Technologies,Wiley,28,No,No,,neurological disorder classification deep learning limitations
10.1111/epi.17176,https://doi.org/10.1111/epi.17176,Personalized seizure signature: An interpretable approach to false alarm reduction for long‐term epileptic seizure detection,2022,Epilepsia,Wiley,28,Yes,No,,CHB-MIT scalp EEG database seizure
10.1016/j.bspc.2022.104114,https://doi.org/10.1016/j.bspc.2022.104114,Brain computer interface system based on monocular vision and motor imagery for UAV indoor space target searching,2022,Biomedical Signal Processing and Control,Elsevier BV,28,No,No,,EEG spectrogram convolutional neural network classification
10.1093/cercor/bhac513,https://doi.org/10.1093/cercor/bhac513,Brain functional activity-based classification of autism spectrum disorder using an attention-based graph neural network combined with gene expression,2022,Cerebral Cortex,Oxford University Press,28,Yes,No,,graph attention network brain disease diagnosis
10.1007/s11571-025-10253-x,https://doi.org/10.1007/s11571-025-10253-x,AI-driven early diagnosis of specific mental disorders: a comprehensive study,2025,Cognitive Neurodynamics,Springer Science+Business Media,28,Yes,No,,EEG deep learning dementia diagnosis [recent]
10.1016/j.rinp.2020.103699,https://doi.org/10.1016/j.rinp.2020.103699,Artificial EEG signal generated by a network of neurons with one and two dendrites,2020,Results in Physics,Elsevier BV,27,Yes,No,,EEG signal processing Alzheimer
10.3390/s21155145,https://doi.org/10.3390/s21155145,A Study on Seizure Detection of EEG Signals Represented in 2D,2021,Sensors,Multidisciplinary Digital Publishing Institute,27,Yes,No,,EEG representation learning neurological disorder
10.1007/s11042-023-16928-z,https://doi.org/10.1007/s11042-023-16928-z,Artificial Intelligence Techniques for the effective diagnosis of Alzheimer’s Disease: A Review,2023,Multimedia Tools and Applications,Springer Science+Business Media,27,No,No,,neurological disorder classification deep learning limitations
10.1016/j.cmpb.2023.107680,https://doi.org/10.1016/j.cmpb.2023.107680,Automatic seizure detection and classification using super-resolution superlet transform and deep neural network -A preprocessing-less method,2023,Computer Methods and Programs in Biomedicine,Elsevier BV,27,No,No,,CHB-MIT scalp EEG database seizure
10.1109/access.2022.3196004,https://doi.org/10.1109/access.2022.3196004,Seizure Detection Based on Improved Genetic Algorithm Optimized Multilayer Network,2022,IEEE Access,Institute of Electrical and Electronics Engineers,27,Yes,No,,CHB-MIT scalp EEG database seizure
10.1186/s13195-022-01046-z,https://doi.org/10.1186/s13195-022-01046-z,Investigating the power of eyes open resting state EEG for assisting in dementia diagnosis,2022,Alzheimer s Research & Therapy,BioMed Central,27,Yes,No,,EEG band power spectral features classification dementia
10.1016/j.compbiomed.2024.108701,https://doi.org/10.1016/j.compbiomed.2024.108701,Decoding visual brain representations from electroencephalography through knowledge distillation and latent diffusion models,2024,Computers in Biology and Medicine,Elsevier BV,27,Yes,No,,EEG spectrogram convolutional neural network classification
10.17485/ijst/2015/v8i28/70797,https://doi.org/10.17485/ijst/2015/v8i28/70797,Classification of Human Emotions using Multiwavelet Transform based Features and Random Forest Technique,2015,Indian Journal of Science and Technology,Indian Society for Education and Environment,27,Yes,No,,EEG Hjorth parameters entropy features classification
10.1016/0165-1781(89)90101-7,https://doi.org/10.1016/0165-1781(89)90101-7,Staging in dementia of the alzheimer type: Topography of electrical brain activity reflects the severity of the disease,1989,Psychiatry Research,Elsevier BV,26,No,No,,EEG signal processing Alzheimer
10.3390/e23111553,https://doi.org/10.3390/e23111553,A Comparative Study of Functional Connectivity Measures for Brain Network Analysis in the Context of AD Detection with EEG,2021,Entropy,Multidisciplinary Digital Publishing Institute,26,Yes,No,,EEG functional connectivity disease classification
10.1097/j.pain.0000000000003317,https://doi.org/10.1097/j.pain.0000000000003317,ENIGMA-Chronic Pain: a worldwide initiative to identify brain correlates of chronic pain,2024,Pain,Lippincott Williams & Wilkins,26,Yes,No,,EEG functional connectivity disease classification
10.1088/1741-2552/acf734,https://doi.org/10.1088/1741-2552/acf734,Analysis of functional connectivity using machine learning and deep learning in different data modalities from individuals with schizophrenia,2023,Journal of Neural Engineering,IOP Publishing,26,Yes,No,,EEG functional connectivity disease classification
10.3390/s23239572,https://doi.org/10.3390/s23239572,Robust Epileptic Seizure Detection Using Long Short-Term Memory and Feature Fusion of Compressed Time–Frequency EEG Images,2023,Sensors,Multidisciplinary Digital Publishing Institute,26,Yes,No,,neurological disorder classification deep learning limitations
10.1155/2020/1683013,https://doi.org/10.1155/2020/1683013,Instance Transfer Subject-Dependent Strategy for Motor Imagery Signal Classification Using Deep Convolutional Neural Networks,2020,Computational and Mathematical Methods in Medicine,Hindawi Publishing Corporation,26,Yes,No,,EEG spectrogram convolutional neural network classification
10.1016/j.bbe.2024.07.003,https://doi.org/10.1016/j.bbe.2024.07.003,Detection of Attention Deficit Hyperactivity Disorder based on EEG feature maps and deep learning,2024,Journal of Applied Biomedicine,Elsevier BV,26,No,No,,EEG Hjorth parameters entropy features classification
10.1016/j.bspc.2024.107112,https://doi.org/10.1016/j.bspc.2024.107112,A lightweight convolutional transformer neural network for EEG-based depression recognition,2024,Biomedical Signal Processing and Control,Elsevier BV,26,No,No,,EEG channel spatial relationship deep learning
10.1155/2022/5872401,https://doi.org/10.1155/2022/5872401,Classification of EEG Signals Using Neural Network for Predicting Consumer Choices,2022,Computational Intelligence and Neuroscience,Hindawi Publishing Corporation,25,Yes,No,,EEG Alzheimer classification; EEG signal processing Alzheimer
10.1007/s11517-021-02385-z,https://doi.org/10.1007/s11517-021-02385-z,Automatic detection of epileptic seizures using Riemannian geometry from scalp EEG recordings,2021,Medical & Biological Engineering & Computing,Springer Science+Business Media,25,No,No,,CHB-MIT scalp EEG database seizure
10.3389/fnhum.2021.793952,https://doi.org/10.3389/fnhum.2021.793952,Like/Dislike Prediction for Sport Shoes With Electroencephalography: An Application of Neuromarketing,2022,Frontiers in Human Neuroscience,Frontiers Media,25,Yes,No,,EEG Hjorth parameters entropy features classification
10.1007/s11571-024-10198-7,https://doi.org/10.1007/s11571-024-10198-7,Optimal time-frequency localized wavelet filters for identification of Alzheimer’s disease from EEG signals,2025,Cognitive Neurodynamics,Springer Science+Business Media,25,Yes,No,,EEG Hjorth parameters entropy features classification
10.1371/journal.pcbi.1008186,https://doi.org/10.1371/journal.pcbi.1008186,A new Graph Gaussian embedding method for analyzing the effects of cognitive training,2020,PLoS Computational Biology,Public Library of Science,25,Yes,No,,graph attention network brain disease diagnosis
10.5665/sleep.1256,https://doi.org/10.5665/sleep.1256,Scoring Sleep in Neurological Patients: The Need for Specific Considerations,2011,SLEEP,Oxford University Press,24,Yes,No,,EEG Parkinson classification
10.1002/dad2.12455,https://doi.org/10.1002/dad2.12455,Harmonized multi‐metric and multi‐centric assessment of EEG source space connectivity for dementia characterization,2023,Alzheimer s & Dementia Diagnosis Assessment & Disease Monitoring,Elsevier BV,24,Yes,No,,EEG functional connectivity disease classification
10.1371/journal.pone.0230099,https://doi.org/10.1371/journal.pone.0230099,Effective differentiation of mild cognitive impairment by functional brain graph analysis and computerized testing,2020,PLoS ONE,Public Library of Science,24,Yes,No,,EEG functional connectivity disease classification
10.1140/epjs/s11734-021-00380-x,https://doi.org/10.1140/epjs/s11734-021-00380-x,An efficient epileptic seizure detection based on tunable Q-wavelet transform and DCVAE-stacked Bi-LSTM model using electroencephalogram,2021,The European Physical Journal Special Topics,Springer Science+Business Media,24,No,No,,CHB-MIT scalp EEG database seizure
10.3389/fnbot.2021.692183,https://doi.org/10.3389/fnbot.2021.692183,Evaluating Convolutional Neural Networks as a Method of EEG–EMG Fusion,2021,Frontiers in Neurorobotics,Frontiers Media,24,Yes,No,,EEG spectrogram convolutional neural network classification
10.1007/s13198-023-02180-z,https://doi.org/10.1007/s13198-023-02180-z,Agglomeration of deep learning networks for classifying binary and multiclass classifications using 3D MRI images for early diagnosis of Alzheimer’s disease: a feature-node approach,2023,International Journal of Systems Assurance Engineering and Management,Springer Science+Business Media,24,No,No,,graph attention network brain disease diagnosis
10.1093/cercor/bhab507,https://doi.org/10.1093/cercor/bhab507,Multiscale functional connectome abnormality predicts cognitive outcomes in subcortical ischemic vascular disease,2022,Cerebral Cortex,Oxford University Press,24,Yes,No,,graph attention network brain disease diagnosis
10.1109/tnnls.2023.3341802,https://doi.org/10.1109/tnnls.2023.3341802,Knowledge Distillation Guided Interpretable Brain Subgraph Neural Networks for Brain Disorder Exploration,2024,IEEE Transactions on Neural Networks and Learning Systems,Institute of Electrical and Electronics Engineers,24,No,No,,graph attention network brain disease diagnosis
10.3389/fninf.2024.1354436,https://doi.org/10.3389/fninf.2024.1354436,Epileptic seizure prediction based on EEG using pseudo-three-dimensional CNN,2024,Frontiers in Neuroinformatics,Frontiers Media,23,Yes,No,,CHB-MIT scalp EEG database seizure
10.1109/access.2023.3312187,https://doi.org/10.1109/access.2023.3312187,Brain Epileptic Seizure Detection Using Joint CNN and Exhaustive Feature Selection With RNN-BLSTM Classifier,2023,IEEE Access,Institute of Electrical and Electronics Engineers,23,Yes,No,,CHB-MIT scalp EEG database seizure
10.3389/fnhum.2023.1187794,https://doi.org/10.3389/fnhum.2023.1187794,An end-to-end seizure prediction approach using long short-term memory network,2023,Frontiers in Human Neuroscience,Frontiers Media,23,Yes,No,,CHB-MIT scalp EEG database seizure
10.1007/s40846-024-00917-0,https://doi.org/10.1007/s40846-024-00917-0,Alzhemimer’s Disease is Characterized by Lower Segregation in Resting-State Eyes-Closed EEG,2024,Journal of Medical and Biological Engineering,Springer Science+Business Media,23,No,No,,OpenNeuro EEG dataset dementia frontotemporal
10.1016/j.mehy.2019.109315,https://doi.org/10.1016/j.mehy.2019.109315,Is it possible to detect cerebral dominance via EEG signals by using deep learning?,2019,Medical Hypotheses,Elsevier BV,23,No,No,,EEG spectrogram convolutional neural network classification
10.1097/corr.0000000000001679,https://doi.org/10.1097/corr.0000000000001679,"CORR Synthesis: When Should the Orthopaedic Surgeon Use Artificial Intelligence, Machine Learning, and Deep Learning?",2021,Clinical Orthopaedics and Related Research,Lippincott Williams & Wilkins,23,Yes,No,,graph attention network brain disease diagnosis
10.3389/fnagi.2021.701499,https://doi.org/10.3389/fnagi.2021.701499,Identifying Mild Cognitive Impairment in Parkinson’s Disease With Electroencephalogram Functional Connectivity,2021,Frontiers in Aging Neuroscience,Frontiers Media,22,Yes,No,,EEG functional connectivity disease classification
10.3389/fphys.2023.1227952,https://doi.org/10.3389/fphys.2023.1227952,Automatic epileptic seizure detection based on persistent homology,2023,Frontiers in Physiology,Frontiers Media,22,Yes,No,,CHB-MIT scalp EEG database seizure
10.1007/s12652-022-03737-9,https://doi.org/10.1007/s12652-022-03737-9,Epileptic seizure classification using shifting sample difference of EEG signals,2022,Journal of Ambient Intelligence and Humanized Computing,Springer Science+Business Media,22,No,No,,EEG Hjorth parameters entropy features classification
10.1109/tnsre.2023.3330643,https://doi.org/10.1109/tnsre.2023.3330643,Multi-Level Graph Neural Network With Sparsity Pooling for Recognizing Parkinson’s Disease,2023,IEEE Transactions on Neural Systems and Rehabilitation Engineering,Institute of Electrical and Electronics Engineers,22,Yes,No,,graph attention network brain disease diagnosis
10.1088/1741-2552/ad1e22,https://doi.org/10.1088/1741-2552/ad1e22,Early prediction of dementia using fMRI data with a graph convolutional network approach,2024,Journal of Neural Engineering,IOP Publishing,22,Yes,No,,graph attention network brain disease diagnosis
10.1373/clinchem.2012.194324,https://doi.org/10.1373/clinchem.2012.194324,Medicine Unplugged: The Future of Laboratory Medicine,2012,Clinical Chemistry,American Association for Clinical Chemistry,22,Yes,No,,graph attention network brain disease diagnosis
10.3390/electronics10161908,https://doi.org/10.3390/electronics10161908,Diagnosis of Alzheimer’s Disease Based on the Modified Tresnet,2021,Electronics,Multidisciplinary Digital Publishing Institute,21,Yes,No,,EEG preprocessing neurological disease
10.1155/2021/2107113,https://doi.org/10.1155/2021/2107113,A Novel Machine Learning Model for the Detection of Epilepsy and Epileptic Seizures Using Electroencephalographic Signals Based on Chaos and Fractal Theories,2021,Mathematical Problems in Engineering,Hindawi Publishing Corporation,21,Yes,No,,EEG preprocessing neurological disease
10.1016/j.clinph.2007.04.021,https://doi.org/10.1016/j.clinph.2007.04.021,On the opposition of EEG and MEG,2007,Clinical Neurophysiology,Elsevier BV,21,No,No,,EEG functional connectivity disease classification
10.1002/hbm.24889,https://doi.org/10.1002/hbm.24889,Modulation of simultaneously collected hemodynamic and electrophysiological functional connectivity by ketamine and midazolam,2019,Human Brain Mapping,Wiley,21,Yes,No,,EEG preprocessing comparison pipeline
10.1109/access.2025.3575023,https://doi.org/10.1109/access.2025.3575023,A Methodological and Structural Review of Parkinson’s Disease Detection Across Diverse Data Modalities,2025,IEEE Access,Institute of Electrical and Electronics Engineers,21,Yes,No,,EEG deep learning dementia diagnosis [recent]
10.1007/s00500-005-0499-3,https://doi.org/10.1007/s00500-005-0499-3,Learning polynomial networks for classification of clinical electroencephalograms,2005,Soft Computing,Springer Science+Business Media,20,No,No,,EEG Alzheimer classification
10.1109/tnsre.2020.3038657,https://doi.org/10.1109/tnsre.2020.3038657,Intralobular and Interlobular Parietal Functional Network Correlated to MI-BCI Performance,2020,IEEE Transactions on Neural Systems and Rehabilitation Engineering,Institute of Electrical and Electronics Engineers,20,No,No,,EEG functional connectivity disease classification
10.3390/electronics12132900,https://doi.org/10.3390/electronics12132900,A Customized ECA-CRNN Model for Emotion Recognition Based on EEG Signals,2023,Electronics,Multidisciplinary Digital Publishing Institute,20,Yes,No,,EEG channel spatial relationship deep learning
10.1016/j.neuroscience.2019.09.017,https://doi.org/10.1016/j.neuroscience.2019.09.017,Mathematical Models to Shed Light on Amyloid-Beta and Tau Protein Dependent Pathologies in Alzheimer’s Disease,2019,Neuroscience,Elsevier BV,20,No,No,,graph attention network brain disease diagnosis
10.3389/fmed.2025.1590201,https://doi.org/10.3389/fmed.2025.1590201,An explainable and efficient deep learning framework for EEG-based diagnosis of Alzheimer's disease and frontotemporal dementia,2025,Frontiers in Medicine,Frontiers Media,20,Yes,No,,EEG deep learning dementia diagnosis [recent]
10.1007/s11571-025-10232-2,https://doi.org/10.1007/s11571-025-10232-2,Classification for Alzheimer's disease and frontotemporal dementia via resting-state electroencephalography-based coherence and convolutional neural network,2025,Cognitive Neurodynamics,Springer Science+Business Media,19,Yes,Yes,SELECTED,EEG functional connectivity disease classification
10.1016/j.bspc.2023.105856,https://doi.org/10.1016/j.bspc.2023.105856,EEG-based schizophrenia classification using penalized sequential dictionary learning in the context of mobile healthcare,2023,Biomedical Signal Processing and Control,Elsevier BV,19,No,No,,EEG representation learning neurological disorder
10.1109/access.2025.3549120,https://doi.org/10.1109/access.2025.3549120,Advancement in Graph Neural Networks for EEG Signal Analysis and Application: A Review,2025,IEEE Access,Institute of Electrical and Electronics Engineers,19,Yes,No,,EEG graph neural network diagnosis [recent]; graph attention network brain disease diagnosis
10.1016/j.ipm.2022.102901,https://doi.org/10.1016/j.ipm.2022.102901,Dementia analysis from functional connectivity network with graph neural networks,2022,Information Processing & Management,Elsevier BV,19,No,No,,graph attention network brain disease diagnosis
10.1093/brain/awh720,https://doi.org/10.1093/brain/awh720,Neuropathology in the S305S tau gene mutation,2006,Brain,Oxford University Press,18,Yes,No,,EEG Alzheimer classification; EEG Parkinson classification
10.1080/21681163.2024.2304574,https://doi.org/10.1080/21681163.2024.2304574,Analysis of EEG signals and data acquisition methods: a review,2024,Computer Methods in Biomechanics and Biomedical Engineering Imaging & Visualization,Taylor & Francis,18,Yes,No,,EEG preprocessing neurological disease
10.1142/s0129065722500228,https://doi.org/10.1142/s0129065722500228,Dynamics of the “Cognitive” Brain Wave P3b at Rest for Alzheimer Dementia Prediction in Mild Cognitive Impairment,2022,International Journal of Neural Systems,World Scientific,18,Yes,No,,EEG signal processing Alzheimer
10.1109/tcss.2023.3276755,https://doi.org/10.1109/tcss.2023.3276755,A Study of Major Depressive Disorder Based on Resting-State Multilayer EEG Function Network,2023,IEEE Transactions on Computational Social Systems,Institute of Electrical and Electronics Engineers,18,No,No,,EEG functional connectivity disease classification
10.1109/access.2024.3376438,https://doi.org/10.1109/access.2024.3376438,Exploring Deep Learning and Machine Learning Approaches for Brain Hemorrhage Detection,2024,IEEE Access,Institute of Electrical and Electronics Engineers,18,Yes,No,,neurological disorder classification deep learning limitations
10.3389/fnins.2022.1046268,https://doi.org/10.3389/fnins.2022.1046268,Exploring high-order correlations with deep-broad learning for autism spectrum disorder diagnosis,2022,Frontiers in Neuroscience,Frontiers Media,18,Yes,No,,neurological disorder classification deep learning limitations
10.1007/s40031-021-00693-4,https://doi.org/10.1007/s40031-021-00693-4,Epileptic Seizure Detection using Spectral Transformation and Convolutional Neural Networks,2022,Journal of The Institution of Engineers (India) Series B,Springer Science+Business Media,18,No,No,,EEG spectrogram convolutional neural network classification
10.1016/j.knosys.2025.113703,https://doi.org/10.1016/j.knosys.2025.113703,Blockchain-integrated multi-modal LSTM-CNN fusion for high-precision epileptic seizure detection from EEG signals,2025,Knowledge-Based Systems,Elsevier BV,18,No,No,,EEG spectrogram convolutional neural network classification
10.22399/ijcesen.534,https://doi.org/10.22399/ijcesen.534,Comparative Evaluation of EEG signals for Mild Cognitive Impairment using Scalograms and Spectrograms with Deep Learning Models,2024,International Journal of Computational and Experimental Science and Engineering,Turkish Online Journal of Qualitative Inquiry (TOJQI),18,Yes,No,,EEG spectrogram convolutional neural network classification
10.1109/jbhi.2024.3457969,https://doi.org/10.1109/jbhi.2024.3457969,A Feature Fusion Model Based on Temporal Convolutional Network for Automatic Sleep Staging Using Single-Channel EEG,2024,IEEE Journal of Biomedical and Health Informatics,Institute of Electrical and Electronics Engineers,18,No,No,,EEG spectrogram convolutional neural network classification
10.1142/s0129065722500186,https://doi.org/10.1142/s0129065722500186,Classification of Depth of Coma Using Complexity Measures and Nonlinear Features of Electroencephalogram Signals,2022,International Journal of Neural Systems,World Scientific,18,No,No,,EEG Hjorth parameters entropy features classification
10.1007/s11517-024-03060-9,https://doi.org/10.1007/s11517-024-03060-9,Identification of autism spectrum disorder using multiple functional connectivity-based graph convolutional network,2024,Medical & Biological Engineering & Computing,Springer Science+Business Media,18,No,No,,graph attention network brain disease diagnosis
10.1016/j.ipm.2022.102965,https://doi.org/10.1016/j.ipm.2022.102965,Multimodality Alzheimer's Disease Analysis in Deep Riemannian Manifold,2022,Information Processing & Management,Elsevier BV,18,No,No,,graph attention network brain disease diagnosis
10.1038/s41598-023-33364-z,https://doi.org/10.1038/s41598-023-33364-z,Correlation between electroencephalographic markers in the healthy brain,2023,Scientific Reports,Nature Portfolio,17,Yes,No,,EEG functional connectivity disease classification
10.1186/s12916-017-0805-9,https://doi.org/10.1186/s12916-017-0805-9,A unique pattern of cortical connectivity characterizes patients with attention deficit disorders: a large electroencephalographic coherence study,2017,BMC Medicine,BioMed Central,17,Yes,No,,EEG functional connectivity disease classification
10.1002/cnm.3530,https://doi.org/10.1002/cnm.3530,Efficient anomaly detection from medical signals and images with convolutional neural networks for Internet of medical things (IoMT) systems,2021,International Journal for Numerical Methods in Biomedical Engineering,Wiley,17,No,No,,EEG spectrogram convolutional neural network classification
10.1109/jbhi.2024.3519600,https://doi.org/10.1109/jbhi.2024.3519600,On-Chip Mental Stress Detection: Integrating a Wearable Behind-The-Ear EEG Device With Embedded Tiny Neural Network,2024,IEEE Journal of Biomedical and Health Informatics,Institute of Electrical and Electronics Engineers,17,No,No,,EEG spectrogram convolutional neural network classification
10.22266/ijies2021.0630.15,https://doi.org/10.22266/ijies2021.0630.15,Epileptic EEG Signal Classification Using Convolutional Neural Network Based on Multi-Segment of EEG Signal,2021,International journal of intelligent engineering and systems,Intelligent Networks and Systems Society,17,Yes,No,,EEG spectrogram convolutional neural network classification
10.3390/ijms24043796,https://doi.org/10.3390/ijms24043796,Pediatric-Onset Epilepsy and Developmental Epileptic Encephalopathies Followed by Early-Onset Parkinsonism,2023,International Journal of Molecular Sciences,Multidisciplinary Digital Publishing Institute,16,Yes,No,,EEG Parkinson classification
10.11113/jt.v72.3886,https://doi.org/10.11113/jt.v72.3886,Analysis Methods of EEG Signals: A Review in EEG Application for Brain Disorder,2015,Jurnal Teknologi,Muhammadiyah University of Jakarta,16,Yes,No,,EEG Parkinson classification
10.1007/s12559-023-10188-7,https://doi.org/10.1007/s12559-023-10188-7,Assessing the Potential of Data Augmentation in EEG Functional Connectivity for Early Detection of Alzheimer’s Disease,2023,Cognitive Computation,Springer Science+Business Media,16,Yes,No,,EEG functional connectivity disease classification
10.1109/access.2024.3420125,https://doi.org/10.1109/access.2024.3420125,AttentionLUNet: A Hybrid Model for Parkinson’s Disease Detection Using MRI Brain,2024,IEEE Access,Institute of Electrical and Electronics Engineers,16,Yes,No,,neurological disorder classification deep learning limitations
10.1016/j.cmpb.2024.108506,https://doi.org/10.1016/j.cmpb.2024.108506,Deep learning techniques for automated Alzheimer's and mild cognitive impairment disease using EEG signals: A comprehensive review of the last decade (2013 - 2024),2024,Computer Methods and Programs in Biomedicine,Elsevier BV,16,Yes,No,,neurological disorder classification deep learning limitations
10.3390/s22249576,https://doi.org/10.3390/s22249576,A Denoising and Fourier Transformation-Based Spectrograms in ECG Classification Using Convolutional Neural Network,2022,Sensors,Multidisciplinary Digital Publishing Institute,16,Yes,No,,EEG spectrogram convolutional neural network classification
10.1088/1741-2552/abb5bd,https://doi.org/10.1088/1741-2552/abb5bd,A Correlation-Driven Mapping For Deep Learning application in detecting artifacts within the EEG,2020,Journal of Neural Engineering,IOP Publishing,16,Yes,No,,EEG spectrogram convolutional neural network classification
10.1142/s2424922x18400065,https://doi.org/10.1142/s2424922x18400065,Deep Learning of EEG Time–Frequency Representations for Identifying Eye States,2018,Advances in Data Science and Adaptive Analysis,World Scientific,16,No,No,,EEG spectrogram convolutional neural network classification
10.1109/tcyb.2025.3550191,https://doi.org/10.1109/tcyb.2025.3550191,AdamGraph: Adaptive Attention-Modulated Graph Network for EEG Emotion Recognition,2025,IEEE Transactions on Cybernetics,Institute of Electrical and Electronics Engineers,16,No,No,,EEG channel spatial relationship deep learning
10.1109/tase.2024.3425949,https://doi.org/10.1109/tase.2024.3425949,BDHT: Generative AI Enables Causality Analysis for Mild Cognitive Impairment,2024,IEEE Transactions on Automation Science and Engineering,Institute of Electrical and Electronics Engineers,16,No,No,,graph attention network brain disease diagnosis
10.1016/j.jneumeth.2021.109219,https://doi.org/10.1016/j.jneumeth.2021.109219,Dynamic theta/beta ratio of clinical EEG in Alzheimer's disease,2021,Journal of Neuroscience Methods,Elsevier BV,15,No,No,,EEG Alzheimer classification
10.18535/ijsrm/v13i04.mp02,https://doi.org/10.18535/ijsrm/v13i04.mp02,Early Disease Detection Using AI: A Deep Learning Approach to Predicting Cancer and Neurological Disorders,2025,International Journal of Scientific Research and Management (IJSRM),,15,Yes,No,,EEG preprocessing neurological disease
10.1080/00051144.2023.2297481,https://doi.org/10.1080/00051144.2023.2297481,Optimized machine learning model for Alzheimer and epilepsy detection from EEG signals,2024,Automatika,Taylor & Francis,15,Yes,No,,EEG signal processing Alzheimer
10.1016/j.clinph.2021.06.011,https://doi.org/10.1016/j.clinph.2021.06.011,Differentiating ictal/subclinical spikes and waves in childhood absence epilepsy by spectral and network analyses: A pilot study,2021,Clinical Neurophysiology,Elsevier BV,15,No,No,,EEG functional connectivity disease classification
10.3389/fnins.2018.00236,https://doi.org/10.3389/fnins.2018.00236,Computational Testing for Automated Preprocessing 2: Practical Demonstration of a System for Scientific Data-Processing Workflow Management for High-Volume EEG,2018,Frontiers in Neuroscience,Frontiers Media,15,Yes,No,,EEG preprocessing comparison pipeline
10.1007/s10548-024-01098-4,https://doi.org/10.1007/s10548-024-01098-4,How does Independent Component Analysis Preprocessing Affect EEG Microstates?,2025,Brain Topography,Springer Science+Business Media,15,Yes,No,,EEG preprocessing comparison pipeline
10.1038/s41598-025-92378-x,https://doi.org/10.1038/s41598-025-92378-x,Recurrent and convolutional neural networks in classification of EEG signal for guided imagery and mental workload detection,2025,Scientific Reports,Nature Portfolio,15,Yes,No,,EEG preprocessing comparison pipeline
10.3389/fnins.2022.1033379,https://doi.org/10.3389/fnins.2022.1033379,Novel quantitative electroencephalogram feature image adapted for deep learning: Verification through classification of Alzheimer’s disease dementia,2022,Frontiers in Neuroscience,Frontiers Media,15,Yes,No,,EEG representation learning neurological disorder
10.7717/peerj-cs.1663,https://doi.org/10.7717/peerj-cs.1663,A novel automated Parkinson’s disease identification approach using deep learning and EEG,2023,PeerJ Computer Science,"PeerJ, Inc.",15,Yes,No,,EEG representation learning neurological disorder
10.1016/j.compbiolchem.2025.108586,https://doi.org/10.1016/j.compbiolchem.2025.108586,RETRACTED: Revolutionizing medical imaging: A cutting-edge AI framework with vision transformers and perceiver IO for multi-disease diagnosis,2025,Computational Biology and Chemistry,Elsevier BV,15,Yes,No,,neurological disorder classification deep learning limitations
10.1093/braincomms/fcae227,https://doi.org/10.1093/braincomms/fcae227,Data-driven retrieval of population-level EEG features and their role in neurodegenerative diseases,2024,Brain Communications,Oxford University Press,15,Yes,No,,EEG band power spectral features classification dementia
10.1109/jsen.2022.3159475,https://doi.org/10.1109/jsen.2022.3159475,An Interpretable Convolutional Neural Network for P300 Detection: Analysis of Time Frequency Features for Limited Data,2022,IEEE Sensors Journal,IEEE Sensors Council,15,Yes,No,,EEG spectrogram convolutional neural network classification
10.1007/s11517-023-02843-w,https://doi.org/10.1007/s11517-023-02843-w,Automated diagnosis of EEG abnormalities with different classification techniques,2023,Medical & Biological Engineering & Computing,Springer Science+Business Media,15,No,No,,EEG spectrogram convolutional neural network classification
10.1016/j.cmpb.2022.107324,https://doi.org/10.1016/j.cmpb.2022.107324,An efficient deep learning framework for P300 evoked related potential detection in EEG signal,2022,Computer Methods and Programs in Biomedicine,Elsevier BV,15,No,No,,EEG spectrogram convolutional neural network classification
10.1007/s10548-025-01100-7,https://doi.org/10.1007/s10548-025-01100-7,Classification of Imagined Speech Signals Using Functional Connectivity Graphs and Machine Learning Models,2025,Brain Topography,Springer Science+Business Media,15,No,No,,EEG functional connectivity graph classification [recent]
10.1038/s41598-025-00292-z,https://doi.org/10.1038/s41598-025-00292-z,EEG-based neurodegenerative disease diagnosis: comparative analysis of conventional methods and deep learning models,2025,Scientific Reports,Nature Portfolio,15,Yes,No,,EEG deep learning dementia diagnosis [recent]
10.1017/s1041610217000758,https://doi.org/10.1017/s1041610217000758,EEG beta 2 power as surrogate marker for memory impairment: a pilot study,2017,International Psychogeriatrics,Cambridge University Press,14,Yes,No,,EEG Alzheimer classification
10.1007/s13246-025-01521-5,https://doi.org/10.1007/s13246-025-01521-5,"Significance of gender, brain region and EEG band complexity analysis for Parkinson’s disease classification using recurrence plots and machine learning algorithms",2025,Physical and Engineering Sciences in Medicine,Springer Nature,14,No,No,,EEG Parkinson classification
10.1016/j.neuroscience.2023.04.008,https://doi.org/10.1016/j.neuroscience.2023.04.008,Cross-Frequency Multilayer Network Analysis with Bispectrum-based Functional Connectivity: A Study of Alzheimer’s Disease,2023,Neuroscience,Elsevier BV,14,Yes,No,,EEG functional connectivity disease classification
10.1016/j.bspc.2023.105438,https://doi.org/10.1016/j.bspc.2023.105438,Using chemosensory-induced EEG signals to identify patients with de novo Parkinson’s disease,2023,Biomedical Signal Processing and Control,Elsevier BV,14,No,No,,EEG functional connectivity disease classification
10.3390/data10050064,https://doi.org/10.3390/data10050064,"A Complementary Dataset of Scalp EEG Recordings Featuring Participants with Alzheimer’s Disease, Frontotemporal Dementia, and Healthy Controls, Obtained from Photostimulation EEG",2025,Data,Multidisciplinary Digital Publishing Institute,14,Yes,No,,EEG preprocessing comparison pipeline
10.1038/s41598-025-00824-7,https://doi.org/10.1038/s41598-025-00824-7,Motor imagery EEG signal classification using novel deep learning algorithm,2025,Scientific Reports,Nature Portfolio,14,Yes,No,,neurological disorder classification deep learning limitations
10.1038/s41514-025-00243-y,https://doi.org/10.1038/s41514-025-00243-y,Evaluating EEG complexity and spectral signatures in Alzheimer’s disease and frontotemporal dementia: evidence for rostrocaudal asymmetry,2025,npj Aging,,14,Yes,Yes,SELECTED,EEG band power spectral features classification dementia
10.1007/s11357-023-00733-5,https://doi.org/10.1007/s11357-023-00733-5,The combination of hyperventilation test and graph theory parameters to characterize EEG changes in mild cognitive impairment (MCI) condition,2023,GeroScience,Springer International Publishing,14,Yes,No,,brain network graph theory Alzheimer EEG
10.1002/jmri.28469,https://doi.org/10.1002/jmri.28469,"Quantitative Assessment of Resting‐State Functional Connectivity <scp>MRI</scp> to Differentiate Amnestic Mild Cognitive Impairment, Late‐Onset Alzheimer's Disease From Normal Subjects",2022,Journal of Magnetic Resonance Imaging,Wiley,14,No,No,,graph attention network brain disease diagnosis
10.1016/j.neunet.2024.107020,https://doi.org/10.1016/j.neunet.2024.107020,Fusion of brain imaging genetic data for alzheimer’s disease diagnosis and causal factors identification using multi-stream attention mechanisms and graph convolutional networks,2024,Neural Networks,Elsevier BV,14,No,No,,graph attention network brain disease diagnosis
10.1016/j.knosys.2024.111450,https://doi.org/10.1016/j.knosys.2024.111450,Convolutional bidirectional GRU for dynamic functional connectivity classification in brain diseases diagnosis,2024,Knowledge-Based Systems,Elsevier BV,14,No,No,,graph attention network brain disease diagnosis
10.1186/s12938-025-01361-0,https://doi.org/10.1186/s12938-025-01361-0,Identification of Alzheimer’s disease brain networks based on EEG phase synchronization,2025,BioMedical Engineering OnLine,BioMed Central,14,Yes,Yes,SELECTED,EEG functional connectivity graph classification [recent]; EEG graph neural network diagnosis [recent]
10.54216/fpa.140203,https://doi.org/10.54216/fpa.140203,"Analysis of EEG signals with the use of wavelet transform for accurate classification of Alzheimer Disease, Frontotemporal Dementia and healthy subjects using Machine Learning Models",2024,Fusion Practice and Applications,,13,No,No,,EEG Alzheimer classification
10.1002/mdc3.13616,https://doi.org/10.1002/mdc3.13616,Compensation Strategies for Gait Impairments in Parkinson's Disease: From Underlying Mechanisms to Daily Clinical Practice,2022,Movement Disorders Clinical Practice,Wiley,13,Yes,No,,EEG Parkinson classification
10.1371/journal.pone.0311958,https://doi.org/10.1371/journal.pone.0311958,Resting-state EEG microstate features for Alzheimer’s disease classification,2024,PLoS ONE,Public Library of Science,13,Yes,No,,EEG preprocessing neurological disease
10.11648/j.be.20200401.13,https://doi.org/10.11648/j.be.20200401.13,Evaluation of Early Detection Methods for Alzheimer&amp;apos;s Disease,2020,Bioprocess Engineering,Science Publishing Group,13,Yes,No,,EEG signal processing Alzheimer
10.1109/tai.2024.3406289,https://doi.org/10.1109/tai.2024.3406289,Learning Robust Global-Local Representation From EEG for Neural Epilepsy Detection,2024,IEEE Transactions on Artificial Intelligence,Institute of Electrical and Electronics Engineers,13,No,No,,EEG representation learning neurological disorder
10.1542/pir.34.2.63,https://doi.org/10.1542/pir.34.2.63,Childhood Brain Tumors,2013,Pediatrics in Review,American Academy of Pediatrics,13,No,No,,neurological disorder classification deep learning limitations
10.1542/pir.21.8.257,https://doi.org/10.1542/pir.21.8.257,Failure To Thrive: An Old Nemesis in the New Millennium,2000,Pediatrics in Review,American Academy of Pediatrics,13,No,No,,graph attention network brain disease diagnosis
10.3389/fnins.2022.1124315,https://doi.org/10.3389/fnins.2022.1124315,Identifying microbe-disease association based on graph convolutional attention network: Case study of liver cirrhosis and epilepsy,2023,Frontiers in Neuroscience,Frontiers Media,13,Yes,No,,graph attention network brain disease diagnosis
10.3389/fnins.2025.1561994,https://doi.org/10.3389/fnins.2025.1561994,ADHD detection from EEG signals using GCN based on multi-domain features,2025,Frontiers in Neuroscience,Frontiers Media,13,Yes,No,,EEG functional connectivity graph classification [recent]; EEG graph neural network diagnosis [recent]
10.1109/jsas.2025.3552546,https://doi.org/10.1109/jsas.2025.3552546,"Electroencephalogram and Event-Related Potential in Mild Cognitive Impairment: Recent Developments in Signal Processing, Machine Learning, and Deep Learning",2025,IEEE Journal of Selected Areas in Sensors,,13,Yes,No,,EEG deep learning dementia diagnosis [recent]
10.1142/s0129065723500648,https://doi.org/10.1142/s0129065723500648,Deep Learning-Based Classification of Epileptic Electroencephalography Signals Using a Concentrated Time-Frequency Approach,2023,International Journal of Neural Systems,World Scientific,12,No,No,,EEG representation learning neurological disorder
10.1093/pm/pnab231,https://doi.org/10.1093/pm/pnab231,Implementing Virtual Case-Based Learning in Dental Interprofessional Education,2021,Pain Medicine,Oxford University Press,12,Yes,No,,neurological disorder classification deep learning limitations
10.1186/s12911-025-02924-w,https://doi.org/10.1186/s12911-025-02924-w,Deep learning-based classification of dementia using image representation of subcortical signals,2025,BMC Medical Informatics and Decision Making,BioMed Central,12,Yes,Yes,,EEG deep learning dementia diagnosis [recent]
10.3389/fpsyt.2024.1485337,https://doi.org/10.3389/fpsyt.2024.1485337,"Why N,N-dimethyltryptamine matters: unique features and therapeutic potential beyond classical psychedelics",2024,Frontiers in Psychiatry,Frontiers Media,11,Yes,No,,EEG Alzheimer classification; EEG signal processing Alzheimer
10.1212/wnl.0000000000207993,https://doi.org/10.1212/wnl.0000000000207993,EEG Correlates in the 3 Variants of Primary Progressive Aphasia,2023,Neurology,Lippincott Williams & Wilkins,11,No,No,,EEG Alzheimer classification
10.1007/s00034-023-02496-y,https://doi.org/10.1007/s00034-023-02496-y,A Novel Computer-Aided Diagnostic System for Alzheimer’s Diagnosis Using Variational Mode Decomposition Method,2023,Circuits Systems and Signal Processing,Birkhäuser,11,No,No,,EEG preprocessing neurological disease
10.1093/brain/122.4.786,https://doi.org/10.1093/brain/122.4.786,DISORDERS OF BRAIN AND MIND,1999,Brain,Oxford University Press,11,Yes,No,,EEG representation learning neurological disorder
10.1016/j.bspc.2021.102996,https://doi.org/10.1016/j.bspc.2021.102996,Deep learning helps EEG signals predict different stages of visual processing in the human brain,2021,Biomedical Signal Processing and Control,Elsevier BV,11,No,No,,EEG representation learning neurological disorder
10.32890/jict2023.22.4.3,https://doi.org/10.32890/jict2023.22.4.3,A Modified Gated Recurrent Unit Approach for Epileptic Electroencephalography Classification,2023,Journal of Information and Communication Technology,,11,Yes,No,,neurological disorder classification deep learning limitations
10.23919/jcc.2022.02.007,https://doi.org/10.23919/jcc.2022.02.007,E3GCAPS: Efficient EEG-based multi-capsule framework with dynamic attention for cross-subject cognitive state detection,2022,China Communications,Institute of Electrical and Electronics Engineers,11,No,No,,EEG channel spatial relationship deep learning
10.3389/fnins.2024.1507654,https://doi.org/10.3389/fnins.2024.1507654,Toward brain-inspired foundation model for EEG signal processing: our opinion,2024,Frontiers in Neuroscience,Frontiers Media,10,Yes,No,,EEG Alzheimer classification; EEG signal processing Alzheimer
10.1109/jbhi.2025.3603022,https://doi.org/10.1109/jbhi.2025.3603022,DistilCLIP-EEG: Enhancing Epileptic Seizure Detection Through Multi-modal Learning and Knowledge Distillation,2025,IEEE Journal of Biomedical and Health Informatics,Institute of Electrical and Electronics Engineers,10,Yes,No,,EEG foundation model representation [recent]; EEG representation learning neurological disorder
10.1093/brain/awx362,https://doi.org/10.1093/brain/awx362,Historical crossroads in the conceptual delineation of apathy in Parkinson’s disease,2017,Brain,Oxford University Press,10,Yes,No,,neurological disorder classification deep learning limitations
10.3390/diagnostics14192181,https://doi.org/10.3390/diagnostics14192181,Deep Learning for Parkinson’s Disease Diagnosis: A Graph Neural Network (GNN) Based Classification Approach with Graph Wavelet Transform (GWT) Using Protein–Peptide Datasets,2024,Diagnostics,Multidisciplinary Digital Publishing Institute,10,Yes,No,,neurological disorder classification deep learning limitations
10.1016/j.neuri.2025.100252,https://doi.org/10.1016/j.neuri.2025.100252,Advances in deep learning for multimodal brain imaging: A comprehensive survey,2025,Neuroscience Informatics,Elsevier BV,10,Yes,No,,neurological disorder classification deep learning limitations
10.3390/math11173656,https://doi.org/10.3390/math11173656,Classification of Epileptic Seizure Types Using Multiscale Convolutional Neural Network and Long Short-Term Memory,2023,Mathematics,Multidisciplinary Digital Publishing Institute,10,Yes,No,,EEG channel spatial relationship deep learning
10.3390/s25041147,https://doi.org/10.3390/s25041147,Adaptive GCN and Bi-GRU-Based Dual Branch for Motor Imagery EEG Decoding,2025,Sensors,Multidisciplinary Digital Publishing Institute,10,Yes,No,,EEG functional connectivity graph classification [recent]
10.3390/neurolint17060091,https://doi.org/10.3390/neurolint17060091,A Multimodal Multi-Stage Deep Learning Model for the Diagnosis of Alzheimer’s Disease Using EEG Measurements,2025,Neurology International,PAGEPress (Italy),10,Yes,No,,EEG deep learning dementia diagnosis [recent]
10.1088/1741-2552/ae4455,https://doi.org/10.1088/1741-2552/ae4455,EEG foundation models: a critical review of current progress and future directions,2026,Journal of Neural Engineering,IOP Publishing,10,Yes,No,,EEG foundation model representation [recent]
10.1088/1741-2552/ad6189,https://doi.org/10.1088/1741-2552/ad6189,Single-trial movement intention detection estimation in patients with Parkinson’s disease: a movement-related cortical potential study,2024,Journal of Neural Engineering,IOP Publishing,9,Yes,No,,EEG Parkinson classification
10.1186/s42494-022-00117-w,https://doi.org/10.1186/s42494-022-00117-w,Detection method of absence seizures based on Resnet and bidirectional GRU,2023,Acta Epileptologica,BioMed Central,9,Yes,No,,EEG preprocessing neurological disease
10.7763/ijcte.2015.v7.958,https://doi.org/10.7763/ijcte.2015.v7.958,The Assessment of Developed Mental Stress Elicitation Protocol Based on Heart Rate and EEG Signals,2014,International Journal of Computer Theory and Engineering,,9,Yes,No,,EEG preprocessing neurological disease
10.3389/fncom.2024.1342985,https://doi.org/10.3389/fncom.2024.1342985,Rényi entropy-complexity causality space: a novel neurocomputational tool for detecting scale-free features in EEG/iEEG data,2024,Frontiers in Computational Neuroscience,Frontiers Media,9,Yes,No,,EEG representation learning neurological disorder
10.1002/mdc3.13202,https://doi.org/10.1002/mdc3.13202,Will Artificial Intelligence Outperform the Clinical Neurologist in the Near Future? Yes,2021,Movement Disorders Clinical Practice,Wiley,9,Yes,No,,neurological disorder classification deep learning limitations
10.18280/isi.280324,https://doi.org/10.18280/isi.280324,Deep Convolutional Neural Networks for Diagnosis of Parkinson’s Disease Using MRI Data,2023,Ingénierie des systèmes d information,Lavoisier publishing,9,Yes,No,,neurological disorder classification deep learning limitations
10.3390/s25185690,https://doi.org/10.3390/s25185690,"Transparent EEG Analysis: Leveraging Autoencoders, Bi-LSTMs, and SHAP for Improved Neurodegenerative Diseases Detection",2025,Sensors,Multidisciplinary Digital Publishing Institute,9,Yes,No,,EEG deep learning dementia diagnosis [recent]; OpenNeuro EEG dataset dementia frontotemporal
10.1038/s41598-025-06489-6,https://doi.org/10.1038/s41598-025-06489-6,RETRACTED ARTICLE: Spectral feature modeling with graph signal processing for brain connectivity in autism spectrum disorder,2025,Scientific Reports,Nature Portfolio,9,Yes,No,,EEG functional connectivity graph classification [recent]
10.1038/s41598-025-02018-7,https://doi.org/10.1038/s41598-025-02018-7,Translational approach for dementia subtype classification using convolutional neural network based on EEG connectome dynamics,2025,Scientific Reports,Nature Portfolio,9,Yes,Yes,SELECTED,EEG deep learning dementia diagnosis [recent]
10.1016/j.neunet.2025.107816,https://doi.org/10.1016/j.neunet.2025.107816,EEGMamba: An EEG foundation model with Mamba,2025,Neural Networks,Elsevier BV,9,No,No,,EEG foundation model representation [recent]
10.1111/ene.16424,https://doi.org/10.1111/ene.16424,Analysis of individual alpha frequency in a large cohort from a tertiary memory center,2024,European Journal of Neurology,Wiley,8,Yes,No,,EEG Alzheimer classification
10.1016/j.clinph.2022.01.086,https://doi.org/10.1016/j.clinph.2022.01.086,P 55 Functional connectivity and convolutional neural networks for automatic classification of EEG data,2022,Clinical Neurophysiology,Elsevier BV,8,No,No,,EEG Parkinson classification; EEG dataset Parkinson resting state open access
10.1016/j.ifacol.2021.10.280,https://doi.org/10.1016/j.ifacol.2021.10.280,A new Machine Learning approach for epilepsy diagnostic based on Sample Entropy,2021,IFAC-PapersOnLine,Elsevier BV,8,Yes,No,,EEG preprocessing neurological disease
10.3389/fnins.2024.1509358,https://doi.org/10.3389/fnins.2024.1509358,Toward improving reproducibility in neuroimaging deep learning studies,2024,Frontiers in Neuroscience,Frontiers Media,8,Yes,No,,EEG preprocessing comparison pipeline; EEG representation learning neurological disorder; EEG subject independent cross validation leakage
10.3390/s23167032,https://doi.org/10.3390/s23167032,LSGP-USFNet: Automated Attention Deficit Hyperactivity Disorder Detection Using Locations of Sophie Germain’s Primes on Ulam’s Spiral-Based Features with Electroencephalogram Signals,2023,Sensors,Multidisciplinary Digital Publishing Institute,8,Yes,No,,EEG representation learning neurological disorder
10.4103/0019-5545.82532,https://doi.org/10.4103/0019-5545.82532,A utilitarian concept of manas and mental health,2011,Indian Journal of Psychiatry,Medknow,8,Yes,No,,neurological disorder classification deep learning limitations
10.1054/mehy.1999.0769,https://doi.org/10.1054/mehy.1999.0769,A topological hypothesis for the functional connections of the cortex,1999,Medical Hypotheses,Elsevier BV,8,No,No,,Alzheimer EEG graph representation
10.1007/s10877-025-01294-y,https://doi.org/10.1007/s10877-025-01294-y,EEG features associated with Alzheimer’s disease and Frontotemporal dementia are not reflected by processed indices used in anesthesia monitoring,2025,Journal of Clinical Monitoring and Computing,Springer Science+Business Media,8,Yes,No,,OpenNeuro EEG dataset dementia frontotemporal
10.1016/j.yebeh.2024.109647,https://doi.org/10.1016/j.yebeh.2024.109647,Predicting the therapeutic response to valproic acid in childhood absence epilepsy through electroencephalogram analysis using machine learning,2024,Epilepsy & Behavior,Elsevier BV,8,No,No,,EEG Hjorth parameters entropy features classification
10.14419/ijet.v7i1.9.9746,https://doi.org/10.14419/ijet.v7i1.9.9746,Detection of human emotions using features based on discrete wavelet transforms of EEG signals,2018,International Journal of Engineering & Technology,,8,Yes,No,,EEG Hjorth parameters entropy features classification
10.3389/fnhum.2025.1599960,https://doi.org/10.3389/fnhum.2025.1599960,Multi-branch GAT-GRU-transformer for explainable EEG-based finger motor imagery classification,2025,Frontiers in Human Neuroscience,Frontiers Media,8,Yes,No,,EEG channel spatial relationship deep learning
10.7717/peerj-cs.2765,https://doi.org/10.7717/peerj-cs.2765,Epileptic seizures diagnosis and prognosis from EEG signals using heterogeneous graph neural network,2025,PeerJ Computer Science,"PeerJ, Inc.",8,Yes,No,,EEG graph neural network diagnosis [recent]
10.1038/s41598-025-23573-z,https://doi.org/10.1038/s41598-025-23573-z,Graph-theoretical analysis of EEG-based functional connectivity during emotional experience in virtual reality for emotion recognition,2025,Scientific Reports,Nature Portfolio,8,Yes,No,,EEG functional connectivity graph classification [recent]
10.1038/s41598-025-86192-8,https://doi.org/10.1038/s41598-025-86192-8,EEG reveals brain network alterations in chronic aphasia during natural speech listening,2025,Scientific Reports,Nature Portfolio,8,Yes,No,,EEG functional connectivity graph classification [recent]
10.1016/j.bspc.2025.107667,https://doi.org/10.1016/j.bspc.2025.107667,Investigating convolutional and transformer-based models for classifying Mild Cognitive Impairment using 2D spectral images of resting-state EEG,2025,Biomedical Signal Processing and Control,Elsevier BV,8,No,No,,EEG deep learning dementia diagnosis [recent]
10.3390/diagnostics15040448,https://doi.org/10.3390/diagnostics15040448,Early Diagnosis of Alzheimer’s Disease in Human Participants Using EEGConformer and Attention-Based LSTM During the Short Question Task,2025,Diagnostics,Multidisciplinary Digital Publishing Institute,8,Yes,Yes,,EEG deep learning dementia diagnosis [recent]
10.1038/s41598-025-12526-1,https://doi.org/10.1038/s41598-025-12526-1,Accurate deep-learning model to differentiate dementia severity and diagnosis using a portable electroencephalography device,2025,Scientific Reports,Nature Portfolio,8,Yes,Yes,,EEG deep learning dementia diagnosis [recent]
10.1016/j.bspc.2023.105364,https://doi.org/10.1016/j.bspc.2023.105364,Enhanced brain efficiency network by integrating the new causality with fMRI and its application for Alzheimer’s Disease study,2023,Biomedical Signal Processing and Control,Elsevier BV,7,No,No,,EEG Alzheimer classification; EEG signal processing Alzheimer
10.1088/1741-2552/ad6a8c,https://doi.org/10.1088/1741-2552/ad6a8c,BIDSAlign: a library for automatic merging and preprocessing of multiple EEG repositories,2024,Journal of Neural Engineering,IOP Publishing,7,Yes,No,,EEG preprocessing comparison pipeline; EEG preprocessing neurological disease
10.1038/s41598-025-17256-y,https://doi.org/10.1038/s41598-025-17256-y,A model for epileptic EEG detection and recognition based on Multi-Attention mechanism and Spatiotemporal,2025,Scientific Reports,Nature Portfolio,7,Yes,No,,EEG preprocessing neurological disease
10.1007/s11009-017-9543-x,https://doi.org/10.1007/s11009-017-9543-x,Bayesian Approach to Hurst Exponent Estimation,2017,Methodology And Computing In Applied Probability,Springer Science+Business Media,7,No,No,,EEG signal processing Alzheimer
10.3390/brainsci14040332,https://doi.org/10.3390/brainsci14040332,Changes in Cortical Activation by Transcranial Magnetic Stimulation Due to Coil Rotation Are Not Attributable to Cranial Muscle Activation,2024,Brain Sciences,Multidisciplinary Digital Publishing Institute,7,Yes,No,,EEG preprocessing comparison pipeline
10.1016/j.xkme.2021.08.004,https://doi.org/10.1016/j.xkme.2021.08.004,Nephrology Lagging Behind in Machine Learning Utilization,2021,Kidney Medicine,Elsevier BV,7,Yes,No,,neurological disorder classification deep learning limitations
10.1007/s12559-025-10447-9,https://doi.org/10.1007/s12559-025-10447-9,Investigating Brain Lobe Biomarkers to Enhance Dementia Detection Using EEG Data,2025,Cognitive Computation,Springer Science+Business Media,7,Yes,No,,OpenNeuro EEG dataset dementia frontotemporal
10.3390/biology13040203,https://doi.org/10.3390/biology13040203,"Unified Convolutional Sparse Transformer for Disease Diagnosis, Monitoring, Drug Development, and Therapeutic Effect Prediction from EEG Raw Data",2024,Biology,Multidisciplinary Digital Publishing Institute,7,Yes,No,,EEG channel spatial relationship deep learning
10.1038/s41598-025-01235-4,https://doi.org/10.1038/s41598-025-01235-4,Lightweight hybrid transformers-based dyslexia detection using cross-modality data,2025,Scientific Reports,Nature Portfolio,7,Yes,No,,EEG graph neural network diagnosis [recent]
10.1145/3742795,https://doi.org/10.1145/3742795,EEG Data Classification: Review and Taxonomy,2025,ACM Transactions on Computing for Healthcare,Association for Computing Machinery,7,Yes,No,,EEG graph neural network diagnosis [recent]
10.1109/tim.2025.3544713,https://doi.org/10.1109/tim.2025.3544713,Hardware-Based Real Time EEG Signal Analysis for Depression Detection Using Interconnected Graph-Based Features,2025,IEEE Transactions on Instrumentation and Measurement,Institute of Electrical and Electronics Engineers,7,No,No,,EEG functional connectivity graph classification [recent]
10.1016/j.bspc.2025.108419,https://doi.org/10.1016/j.bspc.2025.108419,A composite classification algorithm of motor imagery EEG signals based on PLV-GCN+LSTM model,2025,Biomedical Signal Processing and Control,Elsevier BV,7,No,No,,EEG functional connectivity graph classification [recent]
10.3389/fncom.2025.1617883,https://doi.org/10.3389/fncom.2025.1617883,Privacy–preserving dementia classification from EEG via hybrid–fusion EEGNetv4 and federated learning,2025,Frontiers in Computational Neuroscience,Frontiers Media,7,Yes,Yes,,EEG deep learning dementia diagnosis [recent]
10.1109/jiot.2025.3593907,https://doi.org/10.1109/jiot.2025.3593907,EEGMeNet: End-to-End Multitask Neural Network for Brain-Based Mental Workload Classification,2025,IEEE Internet of Things Journal,Institute of Electrical and Electronics Engineers,7,No,No,,EEG foundation model representation [recent]
10.48550/arxiv.2211.11176,https://doi.org/10.48550/arxiv.2211.11176,Modeling Multivariate Biosignals With Graph Neural Networks and Structured State Space Models,2022,arXiv (Cornell University),Cornell University,7,Yes,No,,targeted-lookup
10.1016/j.imu.2021.100537,https://doi.org/10.1016/j.imu.2021.100537,"A new method for classification of subjects with major cognitive disorder, Alzheimer type, based on electroencephalographic biomarkers",2021,Informatics in Medicine Unlocked,Elsevier BV,6,Yes,No,,EEG Alzheimer classification
10.1002/gps.6138,https://doi.org/10.1002/gps.6138,EEG Functional Connectivity Differences Predict Future Conversion to Dementia in Mild Cognitive Impairment With Lewy Body or Alzheimer Disease,2024,International Journal of Geriatric Psychiatry,Wiley,6,Yes,No,,EEG Alzheimer classification
10.1016/j.parkreldis.2024.107120,https://doi.org/10.1016/j.parkreldis.2024.107120,Resting-state EEG predicts cognitive decline in a neuropathologically diagnosed longitudinal community autopsied cohort,2024,Parkinsonism & Related Disorders,Elsevier BV,6,Yes,No,,EEG Alzheimer classification; EEG Parkinson classification
10.1002/mds.29741,https://doi.org/10.1002/mds.29741,Negative Myoclonus: Neurophysiological Study and Clinical Impact in Progressive Myoclonus Ataxia,2024,Movement Disorders,Wiley,6,Yes,No,,EEG Parkinson classification
10.1007/s00500-021-05759-5,https://doi.org/10.1007/s00500-021-05759-5,MBFerns: classification and extraction of actionable knowledge using Multi-Branch Ferns-based Naive Bayesian classifier,2021,Soft Computing,Springer Science+Business Media,6,No,No,,EEG Parkinson classification
10.14569/ijacsa.2025.01602110,https://doi.org/10.14569/ijacsa.2025.01602110,Hybrid Attention-Based Transformers-CNN Model for Seizure Prediction Through Electronic Health Records,2025,International Journal of Advanced Computer Science and Applications,Science and Information Organization,6,Yes,No,,EEG preprocessing neurological disease
10.1016/j.bspc.2024.107080,https://doi.org/10.1016/j.bspc.2024.107080,PsyneuroNet architecture for multi-class prediction of neurological disorders,2024,Biomedical Signal Processing and Control,Elsevier BV,6,No,No,,EEG preprocessing neurological disease
10.3390/diagnostics15111441,https://doi.org/10.3390/diagnostics15111441,Connectogram-COH: A Coherence-Based Time-Graph Representation for EEG-Based Alzheimer’s Disease Detection,2025,Diagnostics,Multidisciplinary Digital Publishing Institute,6,Yes,Yes,SELECTED,EEG representation learning neurological disorder
10.1007/s00521-024-10207-0,https://doi.org/10.1007/s00521-024-10207-0,KDTL: knowledge-distilled transfer learning framework for diagnosing mental disorders using EEG spectrograms,2024,Neural Computing and Applications,Springer Science+Business Media,6,No,No,,EEG representation learning neurological disorder
10.4103/indianjpsychiatry.indianjpsychiatry_493_22,https://doi.org/10.4103/indianjpsychiatry.indianjpsychiatry_493_22,Clinical Practice Guidelines for Assessment and Management of Dissociative Disorders Presenting as Psychiatric Emergencies,2023,Indian Journal of Psychiatry,Medknow,6,Yes,No,,EEG representation learning neurological disorder
10.1038/s41598-025-96052-0,https://doi.org/10.1038/s41598-025-96052-0,An enhanced CNN-Bi-transformer based framework for detection of neurological illnesses through neurocardiac data fusion,2025,Scientific Reports,Nature Portfolio,6,Yes,No,,EEG representation learning neurological disorder
10.1016/j.bspc.2026.110049,https://doi.org/10.1016/j.bspc.2026.110049,HAMD-Net: A biologically informed hybrid attention model for EEG classification of multiple neurological disorders,2026,Biomedical Signal Processing and Control,Elsevier BV,6,No,No,,EEG deep learning dementia diagnosis [recent]; neurological disorder classification deep learning limitations
10.1016/j.neunet.2024.106478,https://doi.org/10.1016/j.neunet.2024.106478,Intellectual assessment of amyotrophic lateral sclerosis using deep resemble forward neural network,2024,Neural Networks,Elsevier BV,6,No,No,,neurological disorder classification deep learning limitations
10.1016/j.compeleceng.2026.111076,https://doi.org/10.1016/j.compeleceng.2026.111076,Attention-guided electroencephalography fusion with fractal and nonlinear dynamics decodes early Alzheimer’s biomarkers,2026,Computers & Electrical Engineering,Elsevier BV,6,Yes,No,,EEG band power spectral features classification dementia; EEG deep learning dementia diagnosis [recent]
10.1088/2631-8695/ad9ceb,https://doi.org/10.1088/2631-8695/ad9ceb,Multi-modal deep learning architecture for enhanced feature extraction and classification of imagined speech words,2024,Engineering Research Express,IOP Publishing,6,No,No,,EEG channel spatial relationship deep learning
10.1155/2022/6548811,https://doi.org/10.1155/2022/6548811,Classification and Reconstruction of Biomedical Signals Based on Convolutional Neural Network,2022,Computational Intelligence and Neuroscience,Hindawi Publishing Corporation,6,Yes,No,,EEG channel spatial relationship deep learning
10.1007/s40747-025-01974-x,https://doi.org/10.1007/s40747-025-01974-x,Multi-frequency EEG and multi-functional connectivity graph convolutional network based detection method of patients with Alzheimer’s disease,2025,Complex & Intelligent Systems,Springer Science+Business Media,6,Yes,Yes,SELECTED,EEG functional connectivity graph classification [recent]
10.3390/jdad2020012,https://doi.org/10.3390/jdad2020012,Exploring Functional Brain Networks in Alzheimer’s Disease Using Resting State EEG Signals,2025,Journal of dementia and Alzheimer's disease,,6,Yes,No,,EEG functional connectivity graph classification [recent]
10.1186/s40708-025-00254-1,https://doi.org/10.1186/s40708-025-00254-1,Localization of epileptic foci from intracranial EEG using the GRU-GC algorithm,2025,Brain Informatics,Springer Science+Business Media,6,Yes,No,,EEG functional connectivity graph classification [recent]
10.1142/s0129065725500480,https://doi.org/10.1142/s0129065725500480,Graph Spectral Analysis Using Electroencephalography in Alzheimer Disease and Frontotemporal Dementia Patients,2025,International Journal of Neural Systems,World Scientific,5,No,Yes,SELECTED,EEG Alzheimer classification
10.1049/htl.2016.0022,https://doi.org/10.1049/htl.2016.0022,Fuzzy‐entropy threshold based on a complex wavelet denoising technique to diagnose Alzheimer disease,2016,Healthcare Technology Letters,Institution of Engineering and Technology,5,Yes,No,,EEG Alzheimer classification
10.1098/rsta.2008.0239,https://doi.org/10.1098/rsta.2008.0239,Introduction. Editorial on ‘Signal processing in vital rhythms and signs’,2008,Philosophical Transactions of the Royal Society A Mathematical Physical and Engineering Sciences,Royal Society,5,No,No,,EEG Alzheimer classification; EEG signal processing Alzheimer
10.56042/jsir.v80i12.43160,https://doi.org/10.56042/jsir.v80i12.43160,Effect of Data Preprocessing in the Detection of Epilepsy using Machine Learning Techniques,2021,Journal of Scientific & Industrial Research,NISCAIR,5,Yes,No,,EEG preprocessing neurological disease
10.1504/ijbet.2023.130834,https://doi.org/10.1504/ijbet.2023.130834,Early diagnosis of Alzheimer disease using EEG signals: the role of pre-processing,2023,International Journal of Biomedical Engineering and Technology,Inderscience Publishers,5,No,No,,EEG signal processing Alzheimer
10.59390/gebe4090,https://doi.org/10.59390/gebe4090,Quantitative and Qualitative Representation of Introductory and Advanced EEG Concepts: An Exploration of Different EEG Setups,2023,Journal of Undergraduate Neuroscience Education,,5,Yes,No,,EEG representation learning neurological disorder
10.1016/j.jocs.2025.102634,https://doi.org/10.1016/j.jocs.2025.102634,Convolutional neural networks can diagnose schizophrenia,2025,Journal of Computational Science,Elsevier BV,5,Yes,No,,neurological disorder classification deep learning limitations
10.1016/j.inffus.2025.103267,https://doi.org/10.1016/j.inffus.2025.103267,Attention-augmented stockwell transform and convolutional neural network framework for electroencephalogram-based multi-class classification of Frontotemporal Dementia,2025,Information Fusion,Elsevier BV,5,No,No,,OpenNeuro EEG dataset dementia frontotemporal
10.1088/1741-2552/ad788d,https://doi.org/10.1088/1741-2552/ad788d,Integrating spatial and temporal features for enhanced artifact removal in multi-channel EEG recordings,2024,Journal of Neural Engineering,IOP Publishing,5,No,No,,EEG channel spatial relationship deep learning
10.1109/tcss.2025.3567298,https://doi.org/10.1109/tcss.2025.3567298,HSA-Former: Hierarchical Spatial Aggregation Transformer for EEG-Based Emotion Recognition,2025,IEEE Transactions on Computational Social Systems,Institute of Electrical and Electronics Engineers,5,No,No,,EEG channel spatial relationship deep learning
10.1109/access.2025.3590304,https://doi.org/10.1109/access.2025.3590304,Graph Neural Network Classification in EEG-Based Biometric Identification: Evaluation of Functional Connectivity Methods Using Time-Frequency Metric,2025,IEEE Access,Institute of Electrical and Electronics Engineers,5,Yes,Yes,,EEG functional connectivity graph classification [recent]
10.1080/23279095.2025.2520476,https://doi.org/10.1080/23279095.2025.2520476,Difference between eyes-open and eyes-closed resting state quantitative electroencephalography (qEEG) for predicting cognitive impairment using deep learning,2025,Applied Neuropsychology Adult,Taylor & Francis,5,No,No,,EEG deep learning dementia diagnosis [recent]
10.3233/bme-181008,https://doi.org/10.3233/bme-181008,Improving the performance of empirical mode decomposition via Tsallis entropy: Application to Alzheimer EEG analysis,2018,Bio-Medical Materials and Engineering,IOS Press,4,No,No,,EEG Alzheimer classification; EEG signal processing Alzheimer
10.1016/j.cmpbup.2025.100213,https://doi.org/10.1016/j.cmpbup.2025.100213,SincVAE: A new semi-supervised approach to improve anomaly detection on EEG data using SincNet and variational autoencoder,2025,Computer Methods and Programs in Biomedicine Update,Elsevier BV,4,Yes,No,,EEG preprocessing neurological disease
10.1007/s11760-021-01875-9,https://doi.org/10.1007/s11760-021-01875-9,Alzheimer disease diagnostics from EEG via Wishart distribution of fractional processes,2021,Signal Image and Video Processing,Springer Science+Business Media,4,No,No,,EEG signal processing Alzheimer
10.3389/fnagi.2024.1373273,https://doi.org/10.3389/fnagi.2024.1373273,Exercise therapy of mild cognitive impairment: EEG could enhance efficiency,2024,Frontiers in Aging Neuroscience,Frontiers Media,4,Yes,No,,EEG signal processing Alzheimer
10.1504/ijbet.2023.10056074,https://doi.org/10.1504/ijbet.2023.10056074,Early diagnosis of Alzheimer disease using EEG signals: the role of pre-processing,2023,International Journal of Biomedical Engineering and Technology,Inderscience Publishers,4,No,No,,EEG signal processing Alzheimer
10.1016/j.jneumeth.2025.110389,https://doi.org/10.1016/j.jneumeth.2025.110389,ER-detect: A pipeline for robust detection of early evoked responses in BIDS-iEEG electrical stimulation data,2025,Journal of Neuroscience Methods,Elsevier BV,4,Yes,No,,EEG preprocessing comparison pipeline
10.1088/1361-6579/adaf73,https://doi.org/10.1088/1361-6579/adaf73,PhysioEx: a new Python library for explainable sleep staging through deep learning,2025,Physiological Measurement,IOP Publishing,4,Yes,No,,EEG preprocessing comparison pipeline
10.3390/e27080830,https://doi.org/10.3390/e27080830,RDPNet: A Multi-Scale Residual Dilated Pyramid Network with Entropy-Based Feature Fusion for Epileptic EEG Classification,2025,Entropy,Multidisciplinary Digital Publishing Institute,4,Yes,No,,EEG representation learning neurological disorder; neurological disorder classification deep learning limitations
10.3389/fnins.2025.1698960,https://doi.org/10.3389/fnins.2025.1698960,A deep hybrid CSAE-GRU framework with two-stage balancing for automatic epileptic seizure detection using EEG-derived features,2025,Frontiers in Neuroscience,Frontiers Media,4,Yes,No,,EEG representation learning neurological disorder
10.1093/brain/awl231,https://doi.org/10.1093/brain/awl231,"Music, motor control and the brain",2006,Brain,Oxford University Press,4,Yes,No,,EEG representation learning neurological disorder
10.1088/1741-2552/ad8d0a,https://doi.org/10.1088/1741-2552/ad8d0a,Continuous and discrete decoding of overt speech with scalp electroencephalography (EEG),2024,Journal of Neural Engineering,IOP Publishing,4,Yes,No,,EEG representation learning neurological disorder
10.3390/brainsci15090933,https://doi.org/10.3390/brainsci15090933,Deep Learning Method Based on Multivariate Variational Mode Decomposition for Classification of Epileptic Signals,2025,Brain Sciences,Multidisciplinary Digital Publishing Institute,4,Yes,No,,neurological disorder classification deep learning limitations
10.1002/viw.20250119,https://doi.org/10.1002/viw.20250119,Artificial intelligence‐assisted theranostics for brain tumors: Advancements and future perspectives,2025,Open Research (University of Surrey),Wiley,4,Yes,No,,neurological disorder classification deep learning limitations
10.1088/1361-6579/ad9661,https://doi.org/10.1088/1361-6579/ad9661,Convolution spatial-temporal attention network for EEG emotion recognition,2024,Physiological Measurement,IOP Publishing,4,No,No,,EEG channel spatial relationship deep learning
10.1038/s41598-024-59263-5,https://doi.org/10.1038/s41598-024-59263-5,Temporal-spatial cross attention network for recognizing imagined characters,2024,Scientific Reports,Nature Portfolio,4,Yes,No,,EEG channel spatial relationship deep learning
10.1016/j.clinph.2015.09.028,https://doi.org/10.1016/j.clinph.2015.09.028,20. Cortical brain connectivity evaluated by graph theory in dementia: A correlation study between functional and structural data,2016,Clinical Neurophysiology,Elsevier BV,4,No,No,,brain network graph theory Alzheimer EEG
10.1016/j.bspc.2025.108434,https://doi.org/10.1016/j.bspc.2025.108434,XTinnitusNet: Multi-view robust model ensemble for EEG-based tinnitus diagnosis with noisy labels,2025,Biomedical Signal Processing and Control,Elsevier BV,4,No,No,,EEG graph neural network diagnosis [recent]
10.3389/fnins.2025.1555657,https://doi.org/10.3389/fnins.2025.1555657,A multi-graph convolutional network method for Alzheimer’s disease diagnosis based on multi-frequency EEG data with dual-mode connectivity,2025,Frontiers in Neuroscience,Frontiers Media,4,Yes,Yes,SELECTED,EEG functional connectivity graph classification [recent]
10.1109/jbhi.2025.3601658,https://doi.org/10.1109/jbhi.2025.3601658,NeuroFormer: A Deep Learning Framework for Alzheimer's Detection Using EEG Signals,2025,IEEE Journal of Biomedical and Health Informatics,Institute of Electrical and Electronics Engineers,4,No,No,,EEG deep learning dementia diagnosis [recent]
10.1038/s41598-025-19727-8,https://doi.org/10.1038/s41598-025-19727-8,A novel approach hybrid of ensemble learning and 3-D CNN mechanism: early-stage diagnosis of Alzheimer’s disease using EEG signals,2025,Scientific Reports,Nature Portfolio,4,Yes,Yes,,EEG deep learning dementia diagnosis [recent]
10.1177/15500594251364017,https://doi.org/10.1177/15500594251364017,BiLSTM-Based Human Emotion Classification Using EEG Signal,2025,Clinical EEG and Neuroscience,SAGE Publishing,4,No,No,,EEG foundation model representation [recent]
10.1111/ejn.70376,https://doi.org/10.1111/ejn.70376,Foundation Models for Neural Signal Decoding: EEG‐Centered Perspectives Toward Unified Representations,2025,European Journal of Neuroscience,Wiley,4,No,No,,EEG foundation model representation [recent]
10.1007/s44291-026-00174-2,https://doi.org/10.1007/s44291-026-00174-2,Exploring EEG signal processing for effective filtering and classification of epileptic seizures,2026,Discover Electronics,,3,Yes,No,,EEG preprocessing neurological disease
10.1016/j.heliyon.2023.e22431,https://doi.org/10.1016/j.heliyon.2023.e22431,Patient-specific warning of epileptic seizure upon shapelets features,2023,Heliyon,Elsevier BV,3,Yes,No,,EEG preprocessing neurological disease
10.1016/j.ymeth.2025.08.003,https://doi.org/10.1016/j.ymeth.2025.08.003,DEF-DSVM: A deep ensemble feature learning and deepSVM approach for multifaceted analysis and diagnosis of Alzheimer’s disease from EEG signals,2025,Methods,Elsevier BV,3,Yes,Yes,,EEG preprocessing neurological disease
10.1109/tim.2024.3449945,https://doi.org/10.1109/tim.2024.3449945,Optimization of EEG-EMG Fusion Network for West Syndrome Seizure Detection Based on Enhanced Artificial Rabbit Algorithm,2024,IEEE Transactions on Instrumentation and Measurement,Institute of Electrical and Electronics Engineers,3,No,No,,EEG preprocessing neurological disease
10.1093/brain/awx283,https://doi.org/10.1093/brain/awx283,Voodoo surgery? The distinct challenges of functional neuroimaging in clinical neurology,2017,Brain,Oxford University Press,3,Yes,No,,EEG preprocessing neurological disease
10.52756/ijerr.2024.v43spl.003,https://doi.org/10.52756/ijerr.2024.v43spl.003,"Performance Analysis of KNN, Naïve Bayes, and Extreme Learning Machine Techniques on EEG Signals for Detection of Parkinson's Disease",2024,International Journal of experimental research and review,,3,Yes,No,,EEG preprocessing neurological disease
10.11648/j.mlr.20170204.15,https://doi.org/10.11648/j.mlr.20170204.15,"Early Assessment of Mild Alzheimer’s Disease Using Elman Neural Network, LDA and SVM Methods",2017,Machine Learning Research,Science Publishing Group,3,No,No,,EEG signal processing Alzheimer
10.1016/j.jalz.2011.05.391,https://doi.org/10.1016/j.jalz.2011.05.391,P1‐112: A brain computer interface to detect Alzheimer's disease,2011,Alzheimer s & Dementia,Wiley,3,No,No,,EEG signal processing Alzheimer
10.1016/j.cmpb.2024.108319,https://doi.org/10.1016/j.cmpb.2024.108319,Spectral changes in electroencephalography linked to neuroactive medications: A computational pipeline for data mining and analysis,2024,Computer Methods and Programs in Biomedicine,Elsevier BV,3,Yes,No,,EEG preprocessing comparison pipeline
10.1016/j.bspc.2025.108972,https://doi.org/10.1016/j.bspc.2025.108972,"Deep learning-based comparative evaluation of EEG, HRV, and EDA biomarkers for personal thermal comfort prediction",2025,Biomedical Signal Processing and Control,Elsevier BV,3,No,No,,EEG preprocessing comparison pipeline
10.1162/nol_e_00152,https://doi.org/10.1162/nol_e_00152,Small but Mighty: Ten Myths and Misunderstandings About the Cerebellum,2024,Neurobiology of Language,,3,Yes,No,,EEG representation learning neurological disorder
10.1038/s41598-025-33535-0,https://doi.org/10.1038/s41598-025-33535-0,EEG classification for neurological disorders using frequency band deciles,2025,Scientific Reports,Nature Portfolio,3,Yes,Yes,,EEG representation learning neurological disorder
10.70917/ijcisim-2025-0001,https://doi.org/10.70917/ijcisim-2025-0001,EEG-Based Epileptic Seizure Prediction Using Variants of the Long Short Term Memory Algorithm,2025,International Journal of Computer Information Systems and Industrial Management Applications,,3,Yes,No,,EEG representation learning neurological disorder
10.1109/jsen.2025.3631004,https://doi.org/10.1109/jsen.2025.3631004,Deep Feature-Based Framework for Automated Epileptic Seizure Detection Using EEG Signals,2025,IEEE Sensors Journal,IEEE Sensors Council,3,No,No,,EEG representation learning neurological disorder
10.1016/j.biopsycho.2026.109232,https://doi.org/10.1016/j.biopsycho.2026.109232,EEG-based biomarkers for psychosis: Comparative performance of support vector machines and deep neural networks,2026,Biological Psychology,Elsevier BV,3,No,No,,EEG Hjorth parameters entropy features classification
10.3390/s25041222,https://doi.org/10.3390/s25041222,Bridging Neuroscience and Machine Learning: A Gender-Based Electroencephalogram Framework for Guilt Emotion Identification,2025,Sensors,Multidisciplinary Digital Publishing Institute,3,Yes,No,,EEG Hjorth parameters entropy features classification
10.14569/ijacsa.2023.0140525,https://doi.org/10.14569/ijacsa.2023.0140525,An Adaptive Channel Selection and Graph ResNet Based Algorithm for Motor Imagery Classification,2023,International Journal of Advanced Computer Science and Applications,Science and Information Organization,3,Yes,No,,EEG channel spatial relationship deep learning
10.1016/j.neucom.2025.131561,https://doi.org/10.1016/j.neucom.2025.131561,LGFCNN: A synergistic framework integrating graph-based spatial filter and lightweight CNN for SSVEP recognition,2025,Neurocomputing,Elsevier BV,3,Yes,No,,EEG channel spatial relationship deep learning
10.1038/s41598-024-84497-8,https://doi.org/10.1038/s41598-024-84497-8,Schizophrenia recognition based on three-dimensional adaptive graph convolutional neural network,2025,Scientific Reports,Nature Portfolio,3,Yes,No,,EEG graph neural network diagnosis [recent]
10.52783/jisem.v10i2s.210,https://doi.org/10.52783/jisem.v10i2s.210,An Effective Epileptic Seizure Detection Using Graph Neural Networks,2025,Journal of Information Systems Engineering & Management,Lectito Journals,3,Yes,No,,EEG graph neural network diagnosis [recent]
10.1002/trc2.70194,https://doi.org/10.1002/trc2.70194,Electroencephalography‐based signatures of cognitive resilience in individuals with stable mild cognitive impairment despite carrying a high‐risk for progression to dementia,2025,Alzheimer s & Dementia Translational Research & Clinical Interventions,Elsevier BV,3,Yes,No,,EEG graph neural network diagnosis [recent]
10.11113/humentech.v4n1.98,https://doi.org/10.11113/humentech.v4n1.98,Review on Fundamental of Electroencephalography and Detection Techniques in Substance and Behavioral Addiction,2025,Journal of Human Centered Technology,,3,Yes,No,,EEG graph neural network diagnosis [recent]
10.1109/tim.2025.3552448,https://doi.org/10.1109/tim.2025.3552448,EEG Rhythm-Based Functional Brain Connectivity for Automated Detection of Schizophrenia Employing Deep Learning,2025,IEEE Transactions on Instrumentation and Measurement,Institute of Electrical and Electronics Engineers,3,No,No,,EEG functional connectivity graph classification [recent]
10.1016/j.brainresbull.2025.111420,https://doi.org/10.1016/j.brainresbull.2025.111420,A multimodal functional structure-based graph neural network for fatigue detection,2025,Brain Research Bulletin,Elsevier BV,3,Yes,No,,EEG functional connectivity graph classification [recent]
10.1002/cns.70943,https://doi.org/10.1002/cns.70943,Stability‐Driven Selection of <scp>EEG</scp> Connectivity Features for Psychosis Classification: A Network‐Based Machine Learning Approach,2026,CNS Neuroscience & Therapeutics,Wiley,3,Yes,No,,EEG functional connectivity graph classification [recent]
10.1016/j.bspc.2025.108556,https://doi.org/10.1016/j.bspc.2025.108556,Graph Filtering-Based Multi-Granularity Spatial-Frequency Convolutional Attention Fusion Network for emotion recognition,2025,Biomedical Signal Processing and Control,Elsevier BV,3,No,No,,EEG functional connectivity graph classification [recent]
10.1109/tim.2025.3566816,https://doi.org/10.1109/tim.2025.3566816,Graph-Weighted High-Dimensional Information-Based Similarity for Detecting Altered Brain Functional Connectivity in Sleep Apnea Patients,2025,IEEE Transactions on Instrumentation and Measurement,Institute of Electrical and Electronics Engineers,3,No,No,,EEG functional connectivity graph classification [recent]
10.1186/s40708-025-00272-z,https://doi.org/10.1186/s40708-025-00272-z,A hybrid neuromarketing approach exploiting EEG graph signal processing and gaze dynamic patterning,2025,Brain Informatics,Springer Science+Business Media,3,Yes,No,,EEG functional connectivity graph classification [recent]
10.3390/sym17020243,https://doi.org/10.3390/sym17020243,Spatial Cognitive Electroencephalogram Network Topological Features Extraction Based on Cross Fuzzy Entropy Network Graph,2025,Symmetry,Multidisciplinary Digital Publishing Institute,3,Yes,No,,EEG functional connectivity graph classification [recent]
10.1038/s41598-026-35184-3,https://doi.org/10.1038/s41598-026-35184-3,AI-driven framework for accurate detection of Alzheimer’s disease in EEG,2026,Scientific Reports,Nature Portfolio,3,Yes,No,,EEG deep learning dementia diagnosis [recent]
10.1016/j.patcog.2025.112775,https://doi.org/10.1016/j.patcog.2025.112775,EmoEEG: A transferable generalist framework for EEG emotion recognition via information bottleneck theory,2025,Pattern Recognition,Elsevier BV,3,No,No,,EEG foundation model representation [recent]
10.1016/j.bspc.2025.109068,https://doi.org/10.1016/j.bspc.2025.109068,From local to global: A hierarchical spatial-frequency Bi-patch Mamba network for EEG-based emotion recognition,2025,Biomedical Signal Processing and Control,Elsevier BV,3,No,No,,EEG foundation model representation [recent]
10.1016/j.ibmed.2025.100310,https://doi.org/10.1016/j.ibmed.2025.100310,Efficient multi-modal fusion framework with advanced AI-driven approaches for automated Parkinson's disease detection,2025,Intelligence-Based Medicine,Elsevier BV,2,Yes,No,,EEG Parkinson classification; Parkinson EEG deep learning classification [recent]; neurological disorder classification deep learning limitations
10.3389/fnins.2024.1476730,https://doi.org/10.3389/fnins.2024.1476730,Combining motion performance with EEG for diagnosis of mild cognitive impairment: a new perspective,2024,Frontiers in Neuroscience,Frontiers Media,2,Yes,No,,EEG Parkinson classification; EEG band power spectral features classification dementia
10.1007/s10791-025-09534-0,https://doi.org/10.1007/s10791-025-09534-0,Fuzzy relevance vector machine-based segmentation and adaptive network-based fuzzy inference systems for Parkinson’s disease detection and classification,2025,Discover Computing,,2,Yes,No,,EEG preprocessing neurological disease
10.1080/1206212x.2025.2450247,https://doi.org/10.1080/1206212x.2025.2450247,A microservices architecture for processing large electroencephalogram studies,2025,International Journal of Computers and Applications,Taylor & Francis,2,No,No,,EEG preprocessing neurological disease
10.1002/epi.70079,https://doi.org/10.1002/epi.70079,"Spatial transcriptomics in epilepsy research: Early successes, opportunities, and challenges",2026,Epilepsia,Wiley,2,Yes,No,,EEG signal processing Alzheimer
10.1016/j.bspc.2025.108360,https://doi.org/10.1016/j.bspc.2025.108360,Advanced EEG-based brain monitoring for early detection of harmful neural activities using EfficientNet architecture,2025,Biomedical Signal Processing and Control,Elsevier BV,2,No,No,,EEG foundation model representation [recent]; EEG representation learning neurological disorder
10.1016/j.engappai.2025.113056,https://doi.org/10.1016/j.engappai.2025.113056,Dynamic multi-prototype guided domain incremental learning for Electroencephalogram-based disease classification,2025,Engineering Applications of Artificial Intelligence,Elsevier BV,2,Yes,No,,EEG representation learning neurological disorder
10.1109/jbhi.2025.3607766,https://doi.org/10.1109/jbhi.2025.3607766,Enhancing Automated Seizure Detection via Self-Calibrating Spatial-Temporal EEG Features with SC-LSTM,2025,IEEE Journal of Biomedical and Health Informatics,Institute of Electrical and Electronics Engineers,2,No,No,,EEG representation learning neurological disorder
10.1044/nnsld13.1.3,https://doi.org/10.1044/nnsld13.1.3,"Electrophysiological Measures of Hearing, Speech and Language",2003,Perspectives on Neurophysiology and Neurogenic Speech and Language Disorders,,2,No,No,,EEG representation learning neurological disorder
10.1038/s41598-025-95119-2,https://doi.org/10.1038/s41598-025-95119-2,"A synergistic approach for enhanced eye blink detection using wavelet analysis, autoencoding and Crow-Search optimized k-NN algorithm",2025,Scientific Reports,Nature Portfolio,2,Yes,No,,EEG representation learning neurological disorder
10.52214/vib.v10i.12504,https://doi.org/10.52214/vib.v10i.12504,"Brain Organoids, the Path Forward?",2024,Voices in Bioethics,Columbia University Libraries,2,Yes,No,,EEG representation learning neurological disorder
10.1016/j.icte.2025.06.004,https://doi.org/10.1016/j.icte.2025.06.004,CoCL: EEG connectivity-guided contrastive learning for seizure detection,2025,ICT Express,Elsevier BV,2,Yes,No,,EEG representation learning neurological disorder
10.30574/wjarr.2024.24.1.3224,https://doi.org/10.30574/wjarr.2024.24.1.3224,Machine learning techniques for diagnosis of rare diseases from medical images,2024,World Journal of Advanced Research and Reviews,GSC Online Press,2,Yes,No,,neurological disorder classification deep learning limitations
10.1109/access.2025.3555521,https://doi.org/10.1109/access.2025.3555521,Predicting and Understanding Disorders of Consciousness of Sleep Patients Through Multimodal Data Fusion and Temporal Attention Mechanisms,2025,IEEE Access,Institute of Electrical and Electronics Engineers,2,Yes,No,,neurological disorder classification deep learning limitations
10.4103/3333-5555.380637,https://doi.org/10.4103/3333-5555.380637,CIDSCON 2023 Selected Abstracts,2023,Journal of Clinical Infectious Disease Society,,2,Yes,No,,neurological disorder classification deep learning limitations
10.26634/jip.12.2.21905,https://doi.org/10.26634/jip.12.2.21905,A CNN-LSTM hybrid model for parkinson's disease detection from handwritten spirals using transfer learning,2025,i-manager’s Journal on Image Processing,i-manager Publications,2,No,No,,neurological disorder classification deep learning limitations
10.2174/011570159x353595250303064846,https://doi.org/10.2174/011570159x353595250303064846,Advancing Alzheimer's Diagnosis with AI-Enhanced MRI: A Review of Challenges and Implications,2025,Current Neuropharmacology,Bentham Science Publishers,2,Yes,No,,neurological disorder classification deep learning limitations
10.1016/j.neuri.2026.100263,https://doi.org/10.1016/j.neuri.2026.100263,From epilepsy seizure classification to detection: A deep learning-based approach for raw EEG signals,2026,Neuroscience Informatics,Elsevier BV,2,Yes,No,,neurological disorder classification deep learning limitations
10.1007/s11760-025-04852-8,https://doi.org/10.1007/s11760-025-04852-8,EEG-based biometric authentication: advancing security through motor imagery and deep learning,2025,Signal Image and Video Processing,Springer Science+Business Media,2,No,No,,EEG channel spatial relationship deep learning
10.1016/j.ipm.2025.104597,https://doi.org/10.1016/j.ipm.2025.104597,Dual-stream spatiotemporal graph convolutional networks for EEG-based human emotion recognition,2026,Information Processing & Management,Elsevier BV,2,No,No,,EEG channel spatial relationship deep learning
10.1109/jsen.2025.3574141,https://doi.org/10.1109/jsen.2025.3574141,EEGCMCNet: A Hybrid Network for Sleep-Stage Classification,2025,IEEE Sensors Journal,IEEE Sensors Council,2,No,No,,EEG channel spatial relationship deep learning
10.3390/jcm15093441,https://doi.org/10.3390/jcm15093441,Are AI Neuroimaging Models Ready for Clinical Use? A Systematic Methodological Review,2026,Journal of Clinical Medicine,Multidisciplinary Digital Publishing Institute,2,Yes,No,,data leakage machine learning neuroimaging evaluation
10.56578/ataiml040304,https://doi.org/10.56578/ataiml040304,"Artificial Intelligence in Electroencephalography: A Comprehensive Survey of Methods, Challenges, and Applications",2025,Acadlore Transactions on AI and Machine Learning,,2,Yes,No,,EEG graph neural network diagnosis [recent]
10.1016/j.compbiomed.2025.111041,https://doi.org/10.1016/j.compbiomed.2025.111041,Muti-band Morlet mutual information functional connectivity for classifying Alzheimer's disease and frontotemporal dementia with a deep learning technique,2025,Computers in Biology and Medicine,Elsevier BV,2,Yes,Yes,SELECTED,EEG deep learning dementia diagnosis [recent]; EEG functional connectivity graph classification [recent]; EEG graph neural network diagnosis [recent]
10.1109/tii.2025.3586037,https://doi.org/10.1109/tii.2025.3586037,Multimodal Time-Series Recognition With Spatio–Temporal Dynamic Graph Spike Neural Networks,2025,IEEE Transactions on Industrial Informatics,Institute of Electrical and Electronics Engineers,2,No,No,,EEG graph neural network diagnosis [recent]
10.1016/j.jestch.2025.102116,https://doi.org/10.1016/j.jestch.2025.102116,EEG-SymNet: multi-channel EEG signal-based schizophrenia diagnosis using channel recalibration and symmetric spatial temporal transformer network,2025,Engineering Science and Technology an International Journal,Elsevier BV,2,Yes,No,,EEG graph neural network diagnosis [recent]
10.3389/fnhum.2025.1526554,https://doi.org/10.3389/fnhum.2025.1526554,The use of low-density EEG for the classification of PPA and MCI,2025,Frontiers in Human Neuroscience,Frontiers Media,2,Yes,Yes,,EEG functional connectivity graph classification [recent]
10.1016/j.clinph.2025.2111374,https://doi.org/10.1016/j.clinph.2025.2111374,Electroencephalography functional network for screening amyloid positivity in mild cognitive impairment: a cross-sectional study,2025,Clinical Neurophysiology,Elsevier BV,2,Yes,Yes,,EEG functional connectivity graph classification [recent]
10.3389/fnins.2025.1525417,https://doi.org/10.3389/fnins.2025.1525417,Graph-informed convolutional autoencoder to classify brain responses during sleep,2025,Frontiers in Neuroscience,Frontiers Media,2,Yes,No,,EEG functional connectivity graph classification [recent]
10.1109/access.2025.3585196,https://doi.org/10.1109/access.2025.3585196,A New Minimum Spanning Tree-Based Analysis of EEG and MEG With Application to Classification of Alzheimer’s Disease,2025,IEEE Access,Institute of Electrical and Electronics Engineers,2,Yes,Yes,,EEG functional connectivity graph classification [recent]
10.3390/brainsci16020145,https://doi.org/10.3390/brainsci16020145,EEG–fNIRS Cross-Subject Emotion Recognition Based on Attention Graph Isomorphism Network and Contrastive Learning,2026,Brain Sciences,Multidisciplinary Digital Publishing Institute,2,Yes,No,,EEG functional connectivity graph classification [recent]
10.1140/epjs/s11734-025-01776-9,https://doi.org/10.1140/epjs/s11734-025-01776-9,The disturbed functional brain network in major depressive disorder identified by graph theory analysis,2025,The European Physical Journal Special Topics,Springer Science+Business Media,2,No,No,,EEG functional connectivity graph classification [recent]
10.1109/tnsre.2025.3607776,https://doi.org/10.1109/tnsre.2025.3607776,Resting-State EEG Functional Connectivity for Brain Function Analysis and Severity Classification in Obstructive Sleep Apnea,2025,IEEE Transactions on Neural Systems and Rehabilitation Engineering,Institute of Electrical and Electronics Engineers,2,Yes,No,,EEG functional connectivity graph classification [recent]
10.1016/j.bspc.2026.109559,https://doi.org/10.1016/j.bspc.2026.109559,Neurophysiological biomarker extraction through decoupled attention mechanisms and EEG signal processing in Alzheimer’s disease and frontotemporal dementia,2026,Biomedical Signal Processing and Control,Elsevier BV,2,No,No,,EEG deep learning dementia diagnosis [recent]
10.61499/dhr.2025.3.e5,https://doi.org/10.61499/dhr.2025.3.e5,EEG Feature Extraction for Neurodegenerative Disease Diagnosis: A Review,2025,Digital Health Research,,2,Yes,No,,EEG deep learning dementia diagnosis [recent]
10.1016/j.measurement.2025.120096,https://doi.org/10.1016/j.measurement.2025.120096,"EEG-based Alzheimer’s disease detection: Past, present, and future",2025,Measurement,Elsevier BV,2,No,No,,EEG deep learning dementia diagnosis [recent]
10.14569/ijacsa.2025.0160590,https://doi.org/10.14569/ijacsa.2025.0160590,Emotion-Aware EEG Analysis for Alzheimer’s Disease Detection Using Boosting and Deep Learning,2025,International Journal of Advanced Computer Science and Applications,Science and Information Organization,2,Yes,No,,EEG deep learning dementia diagnosis [recent]
10.1016/j.bspc.2025.108667,https://doi.org/10.1016/j.bspc.2025.108667,Extraction and interpretation of EEG features for diagnosis and severity prediction of Alzheimer’s Disease and Frontotemporal dementia using deep learning,2025,Biomedical Signal Processing and Control,Elsevier BV,2,No,No,,EEG deep learning dementia diagnosis [recent]
10.1142/s0129065725500248,https://doi.org/10.1142/s0129065725500248,Electroencephalography Decoding with Conditional Identification Generator,2025,International Journal of Neural Systems,World Scientific,2,Yes,No,,EEG foundation model representation [recent]
10.1109/msp.2025.3595320,https://doi.org/10.1109/msp.2025.3595320,"Representation Learning and Foundation Models for Electroencephalography Analyses: Current trends, fundamental insights, and future directions",2025,IEEE Signal Processing Magazine,Institute of Electrical and Electronics Engineers,2,No,No,,EEG foundation model representation [recent]
10.3389/fnhum.2024.1414396,https://doi.org/10.3389/fnhum.2024.1414396,"A brief historic overview of sexual and gender diversity in neuroscience: past, present, and future",2024,Frontiers in Human Neuroscience,Frontiers Media,1,Yes,No,,EEG Parkinson classification; EEG representation learning neurological disorder
10.1016/j.jalz.2010.05.028,https://doi.org/10.1016/j.jalz.2010.05.028,IC‐P‐013: Clinical applicability of EEG in differential diagnosis of dementia,2010,Alzheimer s & Dementia,Wiley,1,Yes,No,,EEG Parkinson classification
10.32598/cjns.11.42.461.3,https://doi.org/10.32598/cjns.11.42.461.3,Optimized Time-domain Feature Extraction for Early Onset Diagnosis of Parkinson Disease From EEG Signals,2025,Caspian Journal of Neurological Sciences,Guilan University of Medical Sciences,1,Yes,No,,EEG Parkinson classification
10.3389/dyst.2024.13871,https://doi.org/10.3389/dyst.2024.13871,"Womb, gravity, and space: shifting towards the cerebellum-basal ganglia paradigm in dystonia",2024,Dystonia,Frontiers Media,1,Yes,No,,EEG Parkinson classification
10.1016/j.parkreldis.2026.108413,https://doi.org/10.1016/j.parkreldis.2026.108413,Rapidly progressive dementia with parkinsonism in the Italian CJD Registry: underlying pathology and clinical-biomarker clues for differential diagnosis,2026,Parkinsonism & Related Disorders,Elsevier BV,1,No,No,,EEG Parkinson classification
10.56038/ejrnd.v3i3.273,https://doi.org/10.56038/ejrnd.v3i3.273,The Diagnosis of Alzheimer's Disease using EEG Signals,2023,The European Journal of Research and Development,,1,Yes,No,,EEG preprocessing neurological disease
10.1109/tbme.2026.3686229,https://doi.org/10.1109/tbme.2026.3686229,"Benchmarking ERP Analysis: Manual Features, Deep Learning, and Foundation Models",2026,IEEE Transactions on Biomedical Engineering,Institute of Electrical and Electronics Engineers,1,Yes,No,,EEG preprocessing neurological disease
10.12732/ijam.v38i6s.417,https://doi.org/10.12732/ijam.v38i6s.417,DYNAMIC ANALYSIS OF EEG TIME SERIES DISTINGUISHES PATIENTS WITH PARKINSON’S DISEASE FROM HEALTHY INDIVIDUALS USING MODEL-LEVEL GRAPH TRIPLET NEURAL NETWORK OPTIMIZED WITH CRAYFISH OPTIMIZATION ALGORIT,2025,International Journal of Apllied Mathematics,,1,Yes,No,,EEG graph neural network diagnosis [recent]; EEG preprocessing neurological disease; EEG representation learning neurological disorder
10.14253/acn.2020.22.2.82,https://doi.org/10.14253/acn.2020.22.2.82,Computational electroencephalography analysis for characterizing brain networks,2020,Annals of Clinical Neurophysiology,,1,Yes,No,,EEG preprocessing neurological disease
10.3389/fphy.2025.1645620,https://doi.org/10.3389/fphy.2025.1645620,Operationalizing fractal linguistics: toward a unified framework for cross-disciplinary fractal analysis,2025,Frontiers in Physics,Frontiers Media,1,Yes,No,,EEG foundation model representation [recent]; EEG preprocessing neurological disease
10.1007/s11831-025-10435-0,https://doi.org/10.1007/s11831-025-10435-0,"Deep Convolutional Neural Networks in Neurological Disorders Diagnosis: Comprehensive Review of Cutting-Edge Architectures, Challenges, and Future Directions",2025,Archives of Computational Methods in Engineering,Springer Science+Business Media,1,No,No,,EEG preprocessing neurological disease
10.59720/24-028,https://doi.org/10.59720/24-028,Epileptic seizure detection using machine learning on electroencephalogram data,2024,Journal of Emerging Investigators,,1,Yes,No,,EEG preprocessing neurological disease
10.1213/ane.0000000000004824,https://doi.org/10.1213/ane.0000000000004824,General Anesthesia Research,2020,Anesthesia & Analgesia,Lippincott Williams & Wilkins,1,No,No,,EEG signal processing Alzheimer
10.3389/fnagi.2021.789547,https://doi.org/10.3389/fnagi.2021.789547,Electronic Science Games Used to Enhance Cognitive Ability: Opinion of Design From Personalization and Adaptation,2021,Frontiers in Aging Neuroscience,Frontiers Media,1,Yes,No,,EEG signal processing Alzheimer
10.22214/ijraset.2024.59479,https://doi.org/10.22214/ijraset.2024.59479,Survey on XAI powered system for the early detection of Alzheimers using Graph Neural Networks,2024,International Journal for Research in Applied Science and Engineering Technology,International Journal for Research in Applied Science and Engineering Technology (IJRASET),1,Yes,No,,EEG signal processing Alzheimer
10.4103/ijnm.ijnm_144_24,https://doi.org/10.4103/ijnm.ijnm_144_24,SNMICON 2024 Abstracts,2024,Indian Journal of Nuclear Medicine,Medknow,1,Yes,No,,EEG signal processing Alzheimer
10.1093/sleep/zsac112,https://doi.org/10.1093/sleep/zsac112,Moving towards core sleep outcomes in neurodegenerative disease—the time is now,2022,SLEEP,Oxford University Press,1,Yes,No,,EEG signal processing Alzheimer
10.1016/j.bspc.2026.109655,https://doi.org/10.1016/j.bspc.2026.109655,Deep learning for diagnosing autism spectrum disorder using EEG with upright and inverted face processing tasks,2026,Biomedical Signal Processing and Control,Elsevier BV,1,No,No,,EEG preprocessing comparison pipeline; EEG preprocessing pipeline effect classification performance [recent]
10.1080/01616412.2025.2555516,https://doi.org/10.1080/01616412.2025.2555516,Federated deep learning model for epilepsy seizure detection using electroencephalogram (EEG) signal,2025,Neurological Research,Taylor & Francis,1,No,No,,EEG representation learning neurological disorder; neurological disorder classification deep learning limitations
10.1007/s10548-026-01183-w,https://doi.org/10.1007/s10548-026-01183-w,EENet-RLA: An Explainable Prediction Learning Framework for Alzheimer’s Disease Classification from EEG Signals,2026,Brain Topography,Springer Science+Business Media,1,No,No,,EEG channel spatial relationship deep learning; EEG representation learning neurological disorder
10.1016/j.neucom.2025.131107,https://doi.org/10.1016/j.neucom.2025.131107,BLAST: Towards robust detection of sleep spindles across clinical settings,2025,Neurocomputing,Elsevier BV,1,No,No,,EEG representation learning neurological disorder
10.1093/idpl/ipaf020,https://doi.org/10.1093/idpl/ipaf020,"Processing neuroimaging data for research purposes: Open Science, FAIR data, and the GDPR",2025,International Data Privacy Law,Oxford University Press,1,Yes,No,,EEG foundation model representation [recent]; EEG representation learning neurological disorder
10.14569/ijacsa.2026.0170257,https://doi.org/10.14569/ijacsa.2026.0170257,Machine Learning-Based Autism Spectrum Disorder Classification Using an Enhanced Convolutional Neural Network Algorithm,2026,International Journal of Advanced Computer Science and Applications,Science and Information Organization,1,Yes,No,,neurological disorder classification deep learning limitations
10.62411/jcta.14661,https://doi.org/10.62411/jcta.14661,Transformer-Augmented Deep Learning Ensemble for Multi-Modal Neuroimaging-Based Diagnosis of Amyotrophic Lateral Sclerosis,2025,Journal of Computing Theories and Applications,,1,Yes,No,,neurological disorder classification deep learning limitations
10.1088/1361-6560/ae13cd,https://doi.org/10.1088/1361-6560/ae13cd,Efficient 4D fMRI analysis via spatio-temporal screening and region-aware feature extraction for template-free brain disorder classification,2025,Physics in Medicine and Biology,IOP Publishing,1,No,No,,neurological disorder classification deep learning limitations
10.1016/j.jrras.2026.102245,https://doi.org/10.1016/j.jrras.2026.102245,Enhancing the early diagnosis of bipolar disorder with machine learning models,2026,Journal of Radiation Research and Applied Sciences,Elsevier BV,1,Yes,No,,neurological disorder classification deep learning limitations
10.4103/ijsp.ijsp_248_20,https://doi.org/10.4103/ijsp.ijsp_248_20,Post-COVID-19 Mental Health Service Delivery in India,2021,Indian Journal of Social Psychiatry,Medknow,1,Yes,No,,neurological disorder classification deep learning limitations
10.1186/s12938-026-01587-6,https://doi.org/10.1186/s12938-026-01587-6,A survey of deep learning techniques in detecting neurological disorders using MRI,2026,BioMedical Engineering OnLine,BioMed Central,1,Yes,No,,neurological disorder classification deep learning limitations
10.57197/jdr-2025-0633,https://doi.org/10.57197/jdr-2025-0633,ADNET: A 1D-CNN Feature Fusion-based Method for Alzheimer’s Disease Detection Using EEG Signals,2025,Journal of Disability Research,,1,Yes,No,,OpenNeuro EEG dataset dementia frontotemporal
10.1038/s41598-026-43431-w,https://doi.org/10.1038/s41598-026-43431-w,A deep-SVM hybrid framework with enhanced EEG feature engineering and SHAP-based explainability for Alzheimer’s classification,2026,Scientific Reports,Nature Portfolio,1,Yes,No,,EEG band power spectral features classification dementia
10.1093/sleep/zsac324,https://doi.org/10.1093/sleep/zsac324,Using machine learning to extract cognitive status from the sleep EEG in progressing stages of dementia: defining interpretable and age-related features,2022,SLEEP,Oxford University Press,1,Yes,No,,EEG band power spectral features classification dementia
10.1007/s11760-026-05393-4,https://doi.org/10.1007/s11760-026-05393-4,Hybrid EEG signal classification using manual feature extraction and CNN for motor task decoding,2026,Signal Image and Video Processing,Springer Science+Business Media,1,No,No,,EEG Hjorth parameters entropy features classification
10.3390/jdad2040048,https://doi.org/10.3390/jdad2040048,Multiclass Differentiation of Dementia Subtypes Based on Low-Density EEG Biomarkers: Towards Wearable Brain Health Monitoring,2025,Journal of dementia and Alzheimer's disease,,1,Yes,No,,EEG Hjorth parameters entropy features classification
10.35882/ijeeemi.v7i2.100,https://doi.org/10.35882/ijeeemi.v7i2.100,"EEG-Based Emotion Classification in Response to Humorous, Sad, and Fearful Video Stimuli Using LSTM Networks: A Comparative Study with Classical Machine Learning Models",2025,Indonesian Journal of Electronics Electromedical Engineering and Medical Informatics,,1,Yes,No,,EEG Hjorth parameters entropy features classification
10.1093/comjnl/bxaf119,https://doi.org/10.1093/comjnl/bxaf119,ECaps-GTR: optimizing spatiotemporal EEG emotion recognition via the augmented capsule-gated transformer,2025,The Computer Journal,Oxford University Press,1,No,No,,EEG channel spatial relationship deep learning
10.3390/s26041210,https://doi.org/10.3390/s26041210,EEG-Based Emotion Estimation Model Integrating Structural and Time-Series Information Based on Deep Learning Architecture Optimization,2026,Sensors,Multidisciplinary Digital Publishing Institute,1,Yes,No,,EEG channel spatial relationship deep learning
10.1016/j.bspc.2026.109651,https://doi.org/10.1016/j.bspc.2026.109651,MABNSleepNet: A multi-view self-attention architecture based on brain network for neonatal sleep staging,2026,Biomedical Signal Processing and Control,Elsevier BV,1,No,No,,EEG channel spatial relationship deep learning
10.1093/sleep/zsad077.0187,https://doi.org/10.1093/sleep/zsad077.0187,0187 Hypnograms for 365 Nights Predicts Subjective Sleep Quality in Healthy Adults: Results from the Ultra Long-Term Sleep (ULTS) Study,2023,SLEEP,Oxford University Press,1,Yes,No,,EEG channel spatial relationship deep learning
10.1016/j.clinph.2014.10.026,https://doi.org/10.1016/j.clinph.2014.10.026,7. Physiological and pathological aging: A cortical connectivity analysis by graph theory model applied to brain network,2014,Clinical Neurophysiology,Elsevier BV,1,No,No,,brain network graph theory Alzheimer EEG
10.3390/bioengineering13040430,https://doi.org/10.3390/bioengineering13040430,Configurable Modular EEG Classification Framework with Multiscale Features and Ensemble Learning: A Reproducible Evaluation for Schizophrenia Detection,2026,Bioengineering,Multidisciplinary Digital Publishing Institute,1,Yes,No,,EEG subject independent cross validation leakage
10.1109/jbhi.2026.3678222,https://doi.org/10.1109/jbhi.2026.3678222,Explainable Convolutional Channel Ranking (ECCR) for EEG-Based Detection of Idiopathic Absence Seizures,2026,IEEE Journal of Biomedical and Health Informatics,Institute of Electrical and Electronics Engineers,1,Yes,No,,EEG subject independent cross validation leakage
10.22266/ijies2026.0630.41,https://doi.org/10.22266/ijies2026.0630.41,A Leakage-controlled Subject-independent Framework for Decoding Hand Motor Imagery from Low-cost EEG for Brain–computer Interface Neurorehabilitation,2026,International journal of intelligent engineering and systems,Intelligent Networks and Systems Society,1,Yes,No,,EEG subject independent cross validation leakage
10.1007/s12021-025-09746-1,https://doi.org/10.1007/s12021-025-09746-1,Overcoming Site Variability in Multisite fMRI Studies: an Autoencoder Framework for Enhanced Generalizability of Machine Learning Models,2025,Neuroinformatics,Springer Science+Business Media,1,Yes,No,,data leakage machine learning neuroimaging evaluation
10.7759/cureus.109142,https://doi.org/10.7759/cureus.109142,Artificial Intelligence Applied to the Brain-Gut Axis in Irritable Bowel Syndrome: Advancing Toward Clinical Translation,2026,Cureus,"Cureus, Inc.",1,Yes,No,,data leakage machine learning neuroimaging evaluation
10.3389/fphys.2025.1668129,https://doi.org/10.3389/fphys.2025.1668129,An EEG-based machine learning framework for diagnosing acute sleep deprivation,2025,Frontiers in Physiology,Frontiers Media,1,Yes,No,,EEG graph neural network diagnosis [recent]
10.1016/j.health.2025.100437,https://doi.org/10.1016/j.health.2025.100437,An attention-guided graph spiking approach for seizure localization and detection in healthcare,2025,Healthcare Analytics,Elsevier BV,1,Yes,No,,EEG graph neural network diagnosis [recent]
10.57197/jdr-2025-0590,https://doi.org/10.57197/jdr-2025-0590,Enhancing Seizure Detection Accuracy in Wearable EEG Devices Using Deep Learning Algorithms,2025,Journal of Disability Research,,1,Yes,No,,EEG graph neural network diagnosis [recent]
10.1016/j.neuroimage.2026.121915,https://doi.org/10.1016/j.neuroimage.2026.121915,Effects of propofol on high-density EEG in disorders of consciousness: An exploratory study of patient-specific neurophysiological modulation,2026,NeuroImage,Elsevier BV,1,Yes,No,,EEG functional connectivity graph classification [recent]
10.31083/jin44410,https://doi.org/10.31083/jin44410,Abnormal Brain Connectivity Patterns in Children with Global Developmental Delay Accompanied by Cognitive Impairment: A Resting-State EEG Study,2025,Journal of Integrative Neuroscience,Imperial College Press,1,Yes,No,,EEG functional connectivity graph classification [recent]
10.1016/j.inffus.2026.104329,https://doi.org/10.1016/j.inffus.2026.104329,ASAC-Net: A novel multimodal alignment-complementary fusion framework for EEG-fNIRS emotion recognition,2026,Information Fusion,Elsevier BV,1,No,No,,EEG functional connectivity graph classification [recent]
10.1016/j.bspc.2026.109578,https://doi.org/10.1016/j.bspc.2026.109578,A crossover-graph convolution network based on spatio-temporal filter for EEG motion intention decoding,2026,Biomedical Signal Processing and Control,Elsevier BV,1,No,No,,EEG functional connectivity graph classification [recent]
10.1007/s00500-025-11045-5,https://doi.org/10.1007/s00500-025-11045-5,Explainable AI framework and quantum machine learning classifier based brain connectivity-feature classification for MI-EEG BCI applications,2026,Soft Computing,Springer Science+Business Media,1,No,No,,EEG functional connectivity graph classification [recent]
10.1088/2057-1976/ae2689,https://doi.org/10.1088/2057-1976/ae2689,An optimized EEG-based intrinsic brain network for depression detection using differential graph centrality,2025,Biomedical Physics & Engineering Express,IOP Publishing,1,No,No,,EEG functional connectivity graph classification [recent]
10.1109/jbhi.2025.3568624,https://doi.org/10.1109/jbhi.2025.3568624,MuST-GCN: Multiscale and Hybrid Spatial Temporal Graph Convolutional Network for Accurate Identification of Alcohol Abuse and Alcohol Dependence Within Alcohol Use Disorder,2025,IEEE Journal of Biomedical and Health Informatics,Institute of Electrical and Electronics Engineers,1,No,No,,EEG functional connectivity graph classification [recent]
10.1109/access.2025.3637731,https://doi.org/10.1109/access.2025.3637731,Dynamic Brain Functional Connectivity Analysis and Recognition Scenario Validation Based on EEG Signals,2025,IEEE Access,Institute of Electrical and Electronics Engineers,1,Yes,No,,EEG functional connectivity graph classification [recent]
10.1139/jpn-25-0068,https://doi.org/10.1139/jpn-25-0068,Gamma-band cortical functional network abnormalities in late-life depression with suicidal ideation: insights from EEG graph theory and machine learning,2026,Journal of Psychiatry and Neuroscience,Canadian Medical Association,1,Yes,No,,EEG functional connectivity graph classification [recent]
10.3390/s25164989,https://doi.org/10.3390/s25164989,Integrating Cortical Source Reconstruction and Adversarial Learning for EEG Classification,2025,Sensors,Multidisciplinary Digital Publishing Institute,1,Yes,No,,EEG functional connectivity graph classification [recent]
10.1088/1674-1056/adce9a,https://doi.org/10.1088/1674-1056/adce9a,A novel baseline perspective visibility graph for time series analysis,2025,Chinese Physics B,IOP Publishing,1,No,No,,EEG functional connectivity graph classification [recent]
10.1109/access.2025.3630706,https://doi.org/10.1109/access.2025.3630706,WL-GraphTrax: A Graph-Transformer Framework for EEG-Based Cognitive Workload Classification,2025,IEEE Access,Institute of Electrical and Electronics Engineers,1,Yes,No,,EEG functional connectivity graph classification [recent]
10.1016/j.bspc.2025.107929,https://doi.org/10.1016/j.bspc.2025.107929,Electroencephalogram emotion recognition and analysis based on feature fusion and stable learning,2025,Biomedical Signal Processing and Control,Elsevier BV,1,No,No,,EEG functional connectivity graph classification [recent]
10.54938/ijemdbmcr.2025.03.1.416,https://doi.org/10.54938/ijemdbmcr.2025.03.1.416,"Diagnosis, Treatment and Future Perspectives in Artificial Intelligence and Neuronal Diseases.",2025,International Journal of Emerging Multidiciplinaries Biomedical and Clinical Research,,1,Yes,No,,EEG deep learning dementia diagnosis [recent]
10.1145/3764578,https://doi.org/10.1145/3764578,Emerging Trends in Early Dementia Diagnosis: An Analysis on Advanced Machine Learning Approaches,2025,ACM Computing Surveys,Association for Computing Machinery,1,Yes,No,,EEG deep learning dementia diagnosis [recent]
10.3390/diagnostics16050746,https://doi.org/10.3390/diagnostics16050746,Deep Learning-Based Alzheimer’s Disease Detection from Multi-Channel EEG Using Fused Time–Frequency Image Grids,2026,Diagnostics,Multidisciplinary Digital Publishing Institute,1,Yes,Yes,SELECTED,EEG deep learning dementia diagnosis [recent]
10.1177/21580014251359107,https://doi.org/10.1177/21580014251359107,Electroencephalogram-Based Satisfaction Assessment Brain–Computer Interface in Emerging Video Service by Using Graph Representation Learning,2025,Brain Connectivity,"Mary Ann Liebert, Inc.",1,No,No,,EEG foundation model representation [recent]
10.1016/j.bspc.2026.109817,https://doi.org/10.1016/j.bspc.2026.109817,MD-SIRNet: Multi-domain representations for EEG-based speech imagery recognition with deep learning,2026,Biomedical Signal Processing and Control,Elsevier BV,1,No,No,,EEG foundation model representation [recent]
10.3389/fnhum.2025.1715410,https://doi.org/10.3389/fnhum.2025.1715410,Exploring physical and functional EEG connectivity with multilayer graph transformer convolutional networks for emotion recognition,2026,Frontiers in Human Neuroscience,Frontiers Media,1,Yes,No,,EEG foundation model representation [recent]
10.4103/neurol-india.neurol-india-d-23-00460,https://doi.org/10.4103/neurol-india.neurol-india-d-23-00460,An Interesting Case of Young-Onset Parkinsonism Due to PLA2G6 Gene Mutation-Related Dystonia Parkinsonism,2025,Neurology India,Medknow,0,Yes,No,,EEG Parkinson classification
10.1016/j.heliyon.2024.e39279,https://doi.org/10.1016/j.heliyon.2024.e39279,Enhancing drug-target interaction predictions in context of neurodegenerative diseases using bidirectional long short-term memory in male Swiss albino mice pharmaco-EEG analysis,2024,Heliyon,Elsevier BV,0,Yes,No,,EEG Parkinson classification
10.1111/exsy.12118,https://doi.org/10.1111/exsy.12118,IWINAC 2O13 special section: editorial on intelligent systems for neural disorders and emotional state identification,2015,Expert Systems,Wiley,0,Yes,No,,EEG Parkinson classification
10.1016/j.neucli.2016.06.006,https://doi.org/10.1016/j.neucli.2016.06.006,Caractérisation de profils cognitifs dans la maladie de Parkinson en termes de connectivité fonctionnelle,2016,Neurophysiologie Clinique,Elsevier BV,0,No,No,,EEG Parkinson classification
10.1016/j.jalz.2012.05.273,https://doi.org/10.1016/j.jalz.2012.05.273,"O1‐12‐05: Diagnostic accuracy of EEG in differential diagnosis between controls, Alzheimer's disease, Lewy body dementia, and Parkinson's disease dementia",2012,Alzheimer s & Dementia,Wiley,0,No,No,,EEG Parkinson classification
10.47611/jsrhs.v12i3.4594,https://doi.org/10.47611/jsrhs.v12i3.4594,Freezing of Gait Classification in Parkinson’s Patients Using Machine Learning,2023,Journal of Student Research,rScroll,0,Yes,No,,EEG Parkinson classification
10.1055/s-0034-1371250,https://doi.org/10.1055/s-0034-1371250,Bilateral enlargement of caudate nucleus in a child with polymicrogyria,2014,Klinische Neurophysiologie,Georg Thieme Verlag,0,No,No,,EEG Parkinson classification
10.3233/jifs-236145,https://doi.org/10.3233/jifs-236145,RETRACTED: Optimized wavelet and feature set of EEG signal for Parkinson disease classification,2024,Journal of Intelligent & Fuzzy Systems,IOS Press,0,No,No,,EEG Parkinson classification
10.1097/npt.0000000000000342,https://doi.org/10.1097/npt.0000000000000342,Academy of Neurologic Physical Therapy CSM 2021 Poster Presentations,2020,Neurology Report,,0,No,No,,EEG Parkinson classification
10.1109/access.2026.3659751,https://doi.org/10.1109/access.2026.3659751,Deep Learning Framework With Integrated Feature Extraction for Detection of Epilepsy and Basal Ganglia Diseases,2026,IEEE Access,Institute of Electrical and Electronics Engineers,0,Yes,No,,EEG Parkinson classification; Parkinson EEG deep learning classification [recent]
10.1038/s41386-020-00894-3,https://doi.org/10.1038/s41386-020-00894-3,ACNP 59th Annual Meeting: Keyword Index,2020,Neuropsychopharmacology,Springer Nature,0,Yes,No,,EEG Parkinson classification
10.1134/s105466181604012x,https://doi.org/10.1134/s105466181604012x,Metric classification of early Parkinsonism in the space of electroencephalographic features,2016,Pattern Recognition and Image Analysis,Pleiades Publishing,0,No,No,,EEG Parkinson classification
10.1016/j.compbiomed.2026.111812,https://doi.org/10.1016/j.compbiomed.2026.111812,An improved catch fish optimization based deep learning model for Parkinson disease classification using EEG signal,2026,Computers in Biology and Medicine,Elsevier BV,0,No,No,,EEG Parkinson classification; Parkinson EEG deep learning classification [recent]
10.1016/j.jalz.2013.04.186,https://doi.org/10.1016/j.jalz.2013.04.186,O2–09–04: EEG phenotyping and sub‐phenotyping of Alzheimer's disease and other dementias,2013,Alzheimer s & Dementia,Wiley,0,No,No,,EEG Parkinson classification
10.1007/s11571-025-10406-y,https://doi.org/10.1007/s11571-025-10406-y,Optimized cortical EEG modeling for Parkinson disease diagnosis with snow Shepherd Stride tuning mechanism,2026,Cognitive Neurodynamics,Springer Science+Business Media,0,Yes,No,,EEG Parkinson classification; Parkinson EEG deep learning classification [recent]
10.14445/23488549/ijece-v11i10p122,https://doi.org/10.14445/23488549/ijece-v11i10p122,EEG Signal-Based Emotion Detection of Parkinson’s Patients for Classification and Feature Extraction by Deep Learning Architecture,2024,International Journal of Electronics and Communication Engineering,,0,Yes,No,,EEG Parkinson classification
10.1182/blood.v128.22.1315.1315,https://doi.org/10.1182/blood.v128.22.1315.1315,Non-Invasive Multi-Modal Imaging to Evaluate Disease Severity in Sickle Cell Disease,2016,Blood,Elsevier BV,0,No,No,,EEG preprocessing neurological disease
10.54254/2753-8818/2026.au30157,https://doi.org/10.54254/2753-8818/2026.au30157,Development and Experimental Validation of a Non-Invasive Brain–Computer Interface for Upper-Limb Exoskeleton Control,2025,Theoretical and Natural Science,,0,Yes,No,,EEG preprocessing neurological disease
10.5281/zenodo.17894765,https://doi.org/10.5281/zenodo.17894765,AI Tool for Early Detection of Brain Related Diseases,2025,Zenodo (CERN European Organization for Nuclear Research),European Organization for Nuclear Research,0,Yes,No,,EEG preprocessing neurological disease
10.1002/alz70856_103932,https://doi.org/10.1002/alz70856_103932,Quantitative EEG obtained from Dual‐Task paradigms for the study of preclinical populations at risk of Alzheimer Disease,2025,Alzheimer s & Dementia,Wiley,0,Yes,No,,EEG signal processing Alzheimer
10.1097/01.wno.0000189060.97681.20,https://doi.org/10.1097/01.wno.0000189060.97681.20,"The 57th Annual Meeting of the American Academy of Neurology, Miami, Florida, April 9-16, 2005",2005,Journal of Neuro-Ophthalmology,Lippincott Williams & Wilkins,0,No,No,,EEG signal processing Alzheimer
10.55041/ijsrem54079,https://doi.org/10.55041/ijsrem54079,Deep Neural EEG Based Alzeihmers Detection,2025,INTERANTIONAL JOURNAL OF SCIENTIFIC RESEARCH IN ENGINEERING AND MANAGEMENT,,0,Yes,No,,EEG signal processing Alzheimer
10.1017/cts.2022.176,https://doi.org/10.1017/cts.2022.176,316 Frontal-cerebellar EEG source localization and functional connectivity as predictors of Alzheimer’s disease-related cognitive decline,2022,Journal of Clinical and Translational Science,Cambridge University Press,0,Yes,No,,EEG signal processing Alzheimer
10.1186/s13634-026-01301-7,https://doi.org/10.1186/s13634-026-01301-7,An IoT-assisted Alzheimer’s disease patient monitoring system using adaptive deep learning models with recommendation about patient abnormality,2026,Journal on Advances in Signal Processing,,0,Yes,No,,EEG signal processing Alzheimer
10.1093/brain/awab270,https://doi.org/10.1093/brain/awab270,Senior moments,2021,Brain,Oxford University Press,0,Yes,No,,EEG signal processing Alzheimer
10.1002/alz.073905,https://doi.org/10.1002/alz.073905,Biomarker Profiling for Alzheimer‐like Dementia in Aged Non‐human Primates,2023,Alzheimer s & Dementia,Wiley,0,Yes,No,,EEG signal processing Alzheimer
10.32628/ijsrst229174,https://doi.org/10.32628/ijsrst229174,WCQMV : Design of A Wavelet Compression Based Quadratic Model for EEG Classification Using Multivariate Analysis,2022,International Journal of Scientific Research in Science and Technology,Technoscience Academy,0,Yes,No,,EEG signal processing Alzheimer
10.1186/s13634-026-01318-y,https://doi.org/10.1186/s13634-026-01318-y,Designing an efficient adaptive Res-Dense-LSTM-based Alzheimer disease detection framework with feature extraction process from EEG signal in the healthcare industry,2026,Journal on Advances in Signal Processing,,0,Yes,No,,EEG signal processing Alzheimer
10.1016/j.bspc.2026.110102,https://doi.org/10.1016/j.bspc.2026.110102,An efficient framework for Alzheimer disease detection using improved PEBO-based feature integration and ensemble deep learning network,2026,Biomedical Signal Processing and Control,Elsevier BV,0,No,No,,EEG signal processing Alzheimer
10.28933/ajoerr-2019-12-2005,https://doi.org/10.28933/ajoerr-2019-12-2005,COMPARATIVE ANALYSIS OF CONTROLLED HEALTHY AND MCI PATIENTS USING EEG STATISTICS,2020,American Journal of Engineering Research and Reviews,,0,Yes,No,,EEG signal processing Alzheimer
10.33899/csmj.2005.164090,https://doi.org/10.33899/csmj.2005.164090,Signal Distinction Electroencephalograms (EEG) Using a Back Propagation Neural Network Based On Localized Structural Features Extractions,2005,Maǧallaẗ al-rāfidayn li-ʿulūm al-ḥāsibāt wa-al-riyāḍiyyāẗ/Al-Rafidain journal for computer sciences and mathematics,,0,Yes,No,,EEG signal processing Alzheimer
10.31590/ejosat.1190938,https://doi.org/10.31590/ejosat.1190938,Alzheimer Hastalığının Tespitinde Makine Öğrenmesi Algoritmalarının Karşılaştırılması,2022,European Journal of Science and Technology,European Journal of Science and Technology,0,Yes,No,,EEG signal processing Alzheimer
10.1007/s42452-026-09323-4,https://doi.org/10.1007/s42452-026-09323-4,NeuroCognex multimodal brain signal analysis for Alzheimer disease prediction,2026,Discover Applied Sciences,,0,Yes,No,,EEG signal processing Alzheimer
10.5281/zenodo.7626112,https://doi.org/10.5281/zenodo.7626112,"The Electropsychology of Mind, a Newfangled Route in Psychology by Utilizing Electrophysiological Means to Detect Mental Health Problems",2023,Zenodo (CERN European Organization for Nuclear Research),European Organization for Nuclear Research,0,Yes,No,,EEG signal processing Alzheimer
10.47992/ijhsp.2581.6411.0098,https://doi.org/10.47992/ijhsp.2581.6411.0098,"The Electropsychology of Mind, a Newfangled Route in Psychology by Utilizing Electrophysiological Means to Detect Mental Health Problems",2023,International Journal of Health Sciences and Pharmacy,,0,Yes,No,,EEG signal processing Alzheimer
10.5281/zenodo.7012928,https://doi.org/10.5281/zenodo.7012928,BRAIN DISEASE CLASSIFICATION SYSTEM USING RNN WITH GRU,2022,Zenodo (CERN European Organization for Nuclear Research),European Organization for Nuclear Research,0,Yes,No,,EEG signal processing Alzheimer
10.52465/joiser.v4i3.20,https://doi.org/10.52465/joiser.v4i3.20,Approaching the Human Ceiling in Sleep Staging: A Controlled Comparison of Feature-Engineered and Deep Architectures,2026,Journal of Information System Exploration and Research,,0,Yes,No,,EEG preprocessing comparison pipeline
10.1016/j.pscychresns.2026.112233,https://doi.org/10.1016/j.pscychresns.2026.112233,Altered EEG microstate dynamics as a neurophysiological biomarker for diagnostic differentiation in Schizophrenia,2026,Psychiatry Research Neuroimaging,Elsevier BV,0,No,No,,EEG preprocessing comparison pipeline
10.1109/access.2026.3708197,https://doi.org/10.1109/access.2026.3708197,"Decoding of Imagined Speech Using EEG: An Overview of Techniques, Applications, and Challenges",2026,IEEE Access,Institute of Electrical and Electronics Engineers,0,Yes,No,,EEG preprocessing comparison pipeline
10.31449/inf.v50i11.12049,https://doi.org/10.31449/inf.v50i11.12049,Attention-Guided Multimodal Signal Fusion with Transformer-Based Deep Transfer Learning for Real-Time Emotional Crisis Prediction in Students,2026,Informatica,Slovenian Society Informatika,0,Yes,No,,EEG preprocessing comparison pipeline
10.1111/psyp.70352,https://doi.org/10.1111/psyp.70352,Preprocessing on the Go: Practices in Gait‐Related Mobile <scp>EEG</scp>,2026,Psychophysiology,Wiley,0,Yes,No,,EEG preprocessing comparison pipeline
10.3389/fninf.2026.1823408,https://doi.org/10.3389/fninf.2026.1823408,Long-range correlations in alpha-band of electroencephalogram: a nonlinear embedding and detrended fluctuation analysis,2026,Frontiers in Neuroinformatics,Frontiers Media,0,Yes,No,,EEG preprocessing comparison pipeline
10.1109/access.2026.3683199,https://doi.org/10.1109/access.2026.3683199,A Scalable Framework for Multidimensional Quality Assessment and Benchmarking of EEG Datasets,2026,IEEE Access,Institute of Electrical and Electronics Engineers,0,Yes,Yes,,EEG preprocessing comparison pipeline
10.1136/bmj.1.796.411,https://doi.org/10.1136/bmj.1.796.411,Reports of Medical and Surgical Practice in the Hospitals and Asylums of Great Britain,1876,BMJ,,0,No,No,,EEG preprocessing comparison pipeline
10.24012/dumf.1939758,https://doi.org/10.24012/dumf.1939758,Boosting EEG emotion recognition: A multi-dataset study of MIL-augmented XGBoost classifiers,2026,DÜMF Mühendislik Dergisi,,0,Yes,No,,EEG preprocessing comparison pipeline
10.1016/j.mex.2026.103821,https://doi.org/10.1016/j.mex.2026.103821,Comparison of preprocessing techniques for effective cognitive analysis using electroencephalography (EEG),2026,MethodsX,Elsevier BV,0,Yes,Yes,SELECTED,EEG preprocessing comparison pipeline
10.1016/j.ibmed.2026.100446,https://doi.org/10.1016/j.ibmed.2026.100446,"A lightweight CNN–transformer framework for EEG seizure detection with ablation, interpretability, and noise-robustness analysis",2026,Intelligence-Based Medicine,Elsevier BV,0,Yes,No,,EEG preprocessing comparison pipeline
10.70917/ijcisim-2026-3951,https://doi.org/10.70917/ijcisim-2026-3951,"A Real-Time GUI Platform for Neural Signal Transmission: Design, Resource Profiling, and Usability",2026,International Journal of Computer Information Systems and Industrial Management Applications,,0,Yes,No,,EEG preprocessing comparison pipeline
10.3389/fnhum.2026.1747655,https://doi.org/10.3389/fnhum.2026.1747655,Open access individual finger movement dataset with fNIRS,2026,Frontiers in Human Neuroscience,Frontiers Media,0,Yes,No,,EEG preprocessing comparison pipeline
10.29284/bsf3af03,https://doi.org/10.29284/bsf3af03,"A Data-Driven Eeg Framework For Multiclass Dementia Classification Via Spectral, Microstate, And Connectivity Features",2025,International Journal of Advances in Signal and Image Sciences,,0,Yes,No,,EEG band power spectral features classification dementia; OpenNeuro EEG dataset dementia frontotemporal
10.3390/brainsci16080856,https://doi.org/10.3390/brainsci16080856,Alzheimer’s Disease Detection Using Combined EEG Source Connectivity and Microstate Features,2026,Brain Sciences,Multidisciplinary Digital Publishing Institute,0,Yes,Yes,SELECTED,OpenNeuro EEG dataset dementia frontotemporal
10.1038/s41598-026-57069-1,https://doi.org/10.1038/s41598-026-57069-1,Explainable EEG-based machine learning for early diagnosis of Alzheimer’s disease and frontotemporal dementia,2026,Scientific Reports,Nature Portfolio,0,Yes,Yes,SELECTED,EEG subject independent cross validation leakage; OpenNeuro EEG dataset dementia frontotemporal
10.6084/m9.figshare.32560329,https://doi.org/10.6084/m9.figshare.32560329,<b>Alzhemimer's Disease is Characterized by Lower Segregation in Resting-State Eyes-Closed EEG</b>,2026,Figshare,Figshare (United Kingdom),0,Yes,No,,OpenNeuro EEG dataset dementia frontotemporal
10.1002/alz70860_104123,https://doi.org/10.1002/alz70860_104123,EEG Channel ‐ Specific Power Variations to differentiate Alzheimer's and Frontotemporal Dementia,2025,Alzheimer s & Dementia,Wiley,0,Yes,No,,OpenNeuro EEG dataset dementia frontotemporal
10.1016/j.neuri.2026.100286,https://doi.org/10.1016/j.neuri.2026.100286,Metric-T: A permutation-based diagnostic for directional fragility in EEG functional connectivity analysis,2026,Neuroscience Informatics,Elsevier BV,0,Yes,No,,OpenNeuro EEG dataset dementia frontotemporal
10.6084/m9.figshare.32560329.v1,https://doi.org/10.6084/m9.figshare.32560329.v1,<b>Alzhemimer's Disease is Characterized by Lower Segregation in Resting-State Eyes-Closed EEG</b>,2026,Figshare,Figshare (United Kingdom),0,Yes,No,,OpenNeuro EEG dataset dementia frontotemporal
10.47392/irjaeh.2025.0501,https://doi.org/10.47392/irjaeh.2025.0501,Diagnosis of Types of Alzheimer’s Disease from EEG Signals using Principal Component Analysis,2025,International Research Journal on Advanced Engineering Hub (IRJAEH),,0,Yes,No,,EEG band power spectral features classification dementia
10.1038/s41598-026-42452-9,https://doi.org/10.1038/s41598-026-42452-9,Quantitative EEG signatures of power and functional connectivity alterations in Alzheimer’s disease and frontotemporal dementia,2026,Scientific Reports,Nature Portfolio,0,Yes,Yes,SELECTED,EEG band power spectral features classification dementia
10.3389/fnagi.2026.1877841,https://doi.org/10.3389/fnagi.2026.1877841,Beyond single-modality screening: toward an EEG–IoT dual-stream framework for early detection of mild cognitive impairment in community-dwelling older adults,2026,Frontiers in Aging Neuroscience,Frontiers Media,0,Yes,No,,EEG band power spectral features classification dementia
10.1002/alz70856_105594,https://doi.org/10.1002/alz70856_105594,EEG Biomarkers Differentiating Alzheimer's Disease and Amyloid‐Negative Controls,2025,Alzheimer s & Dementia,Wiley,0,Yes,No,,EEG band power spectral features classification dementia
10.4103/ijopsy_2019613_379,https://doi.org/10.4103/ijopsy_2019613_379,DR MURUGAPPAN AWARDS,2019,Indian Journal of Psychiatry,Medknow,0,Yes,No,,EEG band power spectral features classification dementia
10.32010/dqmh3410,https://doi.org/10.32010/dqmh3410,DEVELOPMENT OF A VIRTUAL ENVIRONMENT BASED ON EEQ SIGNALS,2026,PAHTEI-Procedings of Azerbaijan High Technical Educational Institutions,,0,Yes,No,,EEG Hjorth parameters entropy features classification
10.3390/app16031437,https://doi.org/10.3390/app16031437,SparseMambaNet: A Novel Architecture Integrating Bi-Mamba and a Mixture of Experts for Efficient EEG-Based Lie Detection,2026,Applied Sciences,Multidisciplinary Digital Publishing Institute,0,Yes,No,,EEG Hjorth parameters entropy features classification
10.47897/bilmes.1821729,https://doi.org/10.47897/bilmes.1821729,Classification of Consumer Preferences Using EEG Signals: A Machine Learning Approach in Neuromarketing Context,2025,International Scientific and Vocational Studies Journal,,0,Yes,No,,EEG Hjorth parameters entropy features classification
10.52783/jisem.v10i45s.9138,https://doi.org/10.52783/jisem.v10i45s.9138,EEG Emotion Classification based on Valence and Arousal using DEAP Dataset,2025,Journal of Information Systems Engineering & Management,Lectito Journals,0,Yes,No,,EEG Hjorth parameters entropy features classification
10.55592/cilamce2025.v5i.14391,https://doi.org/10.55592/cilamce2025.v5i.14391,Enhanced EEG Classification of Foot Motor Imagery Using Unscented Kalman Filtering for Neurorehabilitation,2026,Anais do ... Congresso Ibero-Latino-Americano de Métodos Computacionais em Engenharia,,0,No,No,,EEG Hjorth parameters entropy features classification
10.22214/ijraset.2025.73700,https://doi.org/10.22214/ijraset.2025.73700,Decoding Emotions from EEG Responses Elicited by Videos using Machine Learning Techniques,2025,International Journal for Research in Applied Science and Engineering Technology,International Journal for Research in Applied Science and Engineering Technology (IJRASET),0,Yes,No,,EEG Hjorth parameters entropy features classification
10.3390/e27101057,https://doi.org/10.3390/e27101057,Seizure Type Classification Based on Hybrid Feature Engineering and Mutual Information Analysis Using Electroencephalogram,2025,Entropy,Multidisciplinary Digital Publishing Institute,0,Yes,No,,EEG Hjorth parameters entropy features classification
10.11591/ijaas.v15.i1.pp55-64,https://doi.org/10.11591/ijaas.v15.i1.pp55-64,Performance comparison of feature extraction methods for electroencephalogram-based recognition of Balinese script,2026,International Journal of Advances in Applied Sciences,Institute of Advanced Engineering and Science (IAES),0,Yes,No,,EEG Hjorth parameters entropy features classification
10.1109/tetci.2026.3692556,https://doi.org/10.1109/tetci.2026.3692556,SleepXNet: DeepSeek-Guided Hybrid Transformer Model for Clinically Interpretable EEG-Based Sleep Stage Classification,2026,IEEE Transactions on Emerging Topics in Computational Intelligence,Institute of Electrical and Electronics Engineers,0,Yes,No,,EEG channel spatial relationship deep learning
10.14445/22315381/ijett-v74i1p105,https://doi.org/10.14445/22315381/ijett-v74i1p105,A Deep Learning-Based BCI System for Emotion Classification Using EEG Signals,2026,International Journal of Engineering Trends and Technology,,0,Yes,No,,EEG channel spatial relationship deep learning
10.65521/ijeecs.v13i2.2670,https://doi.org/10.65521/ijeecs.v13i2.2670,A Survey of Methods and Architectures for Parkinson's Disease Recognition from EEG Using Attention-Based Sparse Graph Convolutional Neural Networks,2024,International Journal of Electrical Electronics and Computer Systems,,0,Yes,No,,EEG channel spatial relationship deep learning
10.5281/zenodo.21546726,https://doi.org/10.5281/zenodo.21546726,"A Review of EEG-Based Epileptic Seizure Detection Techniques Using Signal Processing, Neural Networks and Optimization Algorithms",2025,Zenodo (CERN European Organization for Nuclear Research),European Organization for Nuclear Research,0,Yes,No,,EEG channel spatial relationship deep learning; EEG graph neural network diagnosis [recent]
10.1088/1361-6501/adfb95,https://doi.org/10.1088/1361-6501/adfb95,Dynamic spatiotemporal graph neural network for patient-independent seizure detection with scalp EEG,2025,Measurement Science and Technology,IOP Publishing,0,No,No,,EEG channel spatial relationship deep learning
10.3390/brainsci16070716,https://doi.org/10.3390/brainsci16070716,RGB-Style Input Representations for EEG: Evaluating Spatial Concatenation Versus Band-Wise Stacking in Deep Emotion Recognition,2026,Brain Sciences,Multidisciplinary Digital Publishing Institute,0,Yes,Yes,SELECTED,EEG channel spatial relationship deep learning
10.1007/s13755-026-00463-w,https://doi.org/10.1007/s13755-026-00463-w,A noval 4D graph temporal brain network model for EEG-based depression detection,2026,Health Information Science and Systems,Springer Nature,0,Yes,No,,EEG channel spatial relationship deep learning; EEG graph neural network diagnosis [recent]
10.1109/jsen.2026.3657750,https://doi.org/10.1109/jsen.2026.3657750,A Novel Spatial-Temporal Graph Neural Network for Major Depressive Disorder Detection Based on Resting State EEG Signals,2026,IEEE Sensors Journal,IEEE Sensors Council,0,No,No,,EEG channel spatial relationship deep learning
10.3389/fneur.2025.1478718,https://doi.org/10.3389/fneur.2025.1478718,Epilepsy detection based on spatiotemporal feature interaction fusion of EEG signals,2026,Frontiers in Neurology,Frontiers Media,0,Yes,No,,EEG channel spatial relationship deep learning
10.1007/s40747-026-02358-5,https://doi.org/10.1007/s40747-026-02358-5,Dual-topology dynamic graph convolution-based spatial-spectral feature fusion network for patient-specific seizure detection,2026,Complex & Intelligent Systems,Springer Science+Business Media,0,Yes,No,,EEG channel spatial relationship deep learning
10.1007/s00521-026-12150-8,https://doi.org/10.1007/s00521-026-12150-8,Linking neural filters to cognitive states: a framework for EEG cluster analysis using neural networks,2026,Neural Computing and Applications,Springer Science+Business Media,0,No,No,,EEG channel spatial relationship deep learning
10.37745/ejcsit.2013/vol14n5119,https://doi.org/10.37745/ejcsit.2013/vol14n5119,Enhanced EEG Architectural Framework Signal for Health Care Depression Detection Management using Residue Number System,2026,European Journal of Computer Science and Information Technology,,0,Yes,No,,EEG channel spatial relationship deep learning
10.1371/journal.pone.0321942,https://doi.org/10.1371/journal.pone.0321942,A novel dual-branch network for comprehensive spatiotemporal information integration for EEG-based epileptic seizure detection,2025,PLoS ONE,Public Library of Science,0,Yes,No,,EEG channel spatial relationship deep learning
10.1007/s11571-026-10509-0,https://doi.org/10.1007/s11571-026-10509-0,Eeg emotion recognition based on channel spatio-temporal multi-dimensional feature extraction network,2026,Cognitive Neurodynamics,Springer Science+Business Media,0,Yes,No,,EEG channel spatial relationship deep learning
10.1016/j.clinph.2015.11.422,https://doi.org/10.1016/j.clinph.2015.11.422,ID 125 – Cortical brain connectivity evaluated by graph theory in dementia: A correlation study between functional and structural data,2016,Clinical Neurophysiology,Elsevier BV,0,No,No,,brain network graph theory Alzheimer EEG
10.1016/j.bspc.2026.110151,https://doi.org/10.1016/j.bspc.2026.110151,Dual-path complementary attention network for neonatal seizure detection,2026,Biomedical Signal Processing and Control,Elsevier BV,0,No,No,,EEG subject independent cross validation leakage
10.1007/s11571-026-10464-w,https://doi.org/10.1007/s11571-026-10464-w,"The AHEPA EEG benchmark: setting the standard for machine learning in dementia diagnosis, a scoping review",2026,Cognitive Neurodynamics,Springer Science+Business Media,0,Yes,Yes,SELECTED,EEG deep learning dementia diagnosis [recent]; EEG subject independent cross validation leakage
10.1088/1741-2552/ae2714,https://doi.org/10.1088/1741-2552/ae2714,Evaluating the clinical readiness of artificial intelligence in EEG-based epilepsy diagnosis,2025,Journal of Neural Engineering,IOP Publishing,0,No,No,,EEG subject independent cross validation leakage
10.1007/s42452-026-08788-7,https://doi.org/10.1007/s42452-026-08788-7,MRS-SHAP: Multi-objective explainable EEG feature selection framework for ADHD detection,2026,Discover Applied Sciences,,0,Yes,No,,EEG subject independent cross validation leakage
10.1080/02699052.2026.2707614,https://doi.org/10.1080/02699052.2026.2707614,Altered Temporal dynamics of resting-state EEG microstates as a neural signature of impaired consciousness: a high-density EEG analysis in chronic disorders of consciousness,2026,Brain Injury,Taylor & Francis,0,Yes,No,,EEG subject independent cross validation leakage
10.5281/zenodo.21302522,https://doi.org/10.5281/zenodo.21302522,Utilizing Shuffle Attention for Subject-Wise Split for EEG-Based Alzheimer's Detection,2026,Zenodo (CERN European Organization for Nuclear Research),European Organization for Nuclear Research,0,Yes,No,,EEG subject independent cross validation leakage
10.3390/app16157564,https://doi.org/10.3390/app16157564,EEGMetaNet: An Enhanced Major Depressive Disorder Detection Framework Using Electroencephalogram and One-Dimensional Convolutional Neural Network,2026,Applied Sciences,Multidisciplinary Digital Publishing Institute,0,Yes,No,,EEG subject independent cross validation leakage
10.3389/fpsyg.2026.1809948,https://doi.org/10.3389/fpsyg.2026.1809948,The determination of human creative thinking by employing machine learning classification on EEG signals,2026,Frontiers in Psychology,Frontiers Media,0,Yes,No,,EEG subject independent cross validation leakage
10.3390/s26092728,https://doi.org/10.3390/s26092728,"SE-Driven Dynamic Convolution for Adaptive EEG-Based Driver Fatigue Detection Across Spectral, Spatial, and Temporal Domains",2026,Sensors,Multidisciplinary Digital Publishing Institute,0,Yes,No,,EEG subject independent cross validation leakage
10.35882/jeeemi.v8i3.1735,https://doi.org/10.35882/jeeemi.v8i3.1735,Temporal Deep Learning with Multiscale Principal Component Features for Autism Classification from Electroencephalographic Signals,2026,Journal of Electronics Electromedical Engineering and Medical Informatics,,0,Yes,No,,EEG subject independent cross validation leakage
10.1007/s11760-026-05587-w,https://doi.org/10.1007/s11760-026-05587-w,EEG-based stress detection using a hybrid CNN-transformer with multi-domain feature fusion,2026,Signal Image and Video Processing,Springer Science+Business Media,0,No,No,,EEG subject independent cross validation leakage
10.1088/1741-2552/ae857a,https://doi.org/10.1088/1741-2552/ae857a,Unveiling subject-specific causal latency in motor imagery: a physiologically transparent BCI via Riemannian tangent space fusion,2026,Journal of Neural Engineering,IOP Publishing,0,No,No,,EEG subject independent cross validation leakage
10.1142/s0129065727500055,https://doi.org/10.1142/s0129065727500055,Deep Model Families for EEG-Based Multi-Class Dementia Classification,2026,International Journal of Neural Systems,World Scientific,0,No,No,,EEG subject independent cross validation leakage
10.5281/zenodo.21302523,https://doi.org/10.5281/zenodo.21302523,Utilizing Shuffle Attention for Subject-Wise Split for EEG-Based Alzheimer's Detection,2026,Zenodo (CERN European Organization for Nuclear Research),European Organization for Nuclear Research,0,Yes,No,,EEG subject independent cross validation leakage
10.56979/1002/2026/1222,https://doi.org/10.56979/1002/2026/1222,Synergistic Fusion of Clinical Interview EEG and Video for Depression Detection: A Cross-Modal Attention Approach,2026,Journal of Computing & Biomedical Informatics,,0,Yes,No,,EEG subject independent cross validation leakage
10.1371/journal.pone.0355367,https://doi.org/10.1371/journal.pone.0355367,Classification of sporadic Creutzfeldt-Jakob disease based on resting state scalp-recorded electroencephalogram-derived indices,2026,PLoS ONE,Public Library of Science,0,Yes,No,,EEG subject independent cross validation leakage
10.1016/j.bspc.2026.110350,https://doi.org/10.1016/j.bspc.2026.110350,EEG-based emotion recognition using super-resolution superlet transform and self-attention convolutional neural network,2026,Biomedical Signal Processing and Control,Elsevier BV,0,Yes,No,,EEG subject independent cross validation leakage
10.3390/s26051417,https://doi.org/10.3390/s26051417,Depression Detection from Three-Channel Resting-State EEG Using a Hybrid Conv1D and Spectral–Statistical Fusion Model,2026,Sensors,Multidisciplinary Digital Publishing Institute,0,Yes,No,,EEG subject independent cross validation leakage
10.1007/s11571-026-10506-3,https://doi.org/10.1007/s11571-026-10506-3,Aperiodic EEG spectral features as consistent indicators of Parkinson’s disease: a machine learning approach utilizing fitting oscillations and one-over-F decomposition,2026,Cognitive Neurodynamics,Springer Science+Business Media,0,Yes,No,,EEG subject independent cross validation leakage
10.1080/21622965.2026.2644523,https://doi.org/10.1080/21622965.2026.2644523,3D ADHD-Net and DeepTrace: Decoding ADHD from EEG with neurophysiological insights,2026,Applied Neuropsychology Child,Taylor & Francis,0,No,No,,EEG subject independent cross validation leakage
10.3390/electronics15153303,https://doi.org/10.3390/electronics15153303,Wearable-Oriented Neurotransmitter-Inspired EEG Bioelectronics: An Interpretable Feature Taxonomy for Affective Classification and Exploratory Sleep-Onset Transfer Analysis,2026,Electronics,Multidisciplinary Digital Publishing Institute,0,Yes,No,,EEG subject independent cross validation leakage
10.1007/s41060-026-01195-6,https://doi.org/10.1007/s41060-026-01195-6,Integrating multi-level normalization and graph convolutions for robust EEG-based deception detection,2026,International Journal of Data Science and Analytics,Springer International Publishing,0,No,No,,EEG subject independent cross validation leakage
10.30871/jaic.v10i3.12999,https://doi.org/10.30871/jaic.v10i3.12999,Hybrid CNN for Sleep Stage Classification Based on EEG,2026,Journal of Applied Informatics and Computing,Politeknik Negeri Batam,0,Yes,No,,EEG subject independent cross validation leakage
10.1080/21622965.2025.2535017,https://doi.org/10.1080/21622965.2025.2535017,Wavelet-Attention deep model for pediatric ADHD diagnosis via EEG,2025,Applied Neuropsychology Child,Taylor & Francis,0,No,No,,EEG subject independent cross validation leakage
10.1186/s40708-026-00317-x,https://doi.org/10.1186/s40708-026-00317-x,Parkinson’s disease classification using optimized attention-based deep learning from EEG signals with interpretable sub-band topography,2026,Brain Informatics,Springer Science+Business Media,0,Yes,Yes,,EEG subject independent cross validation leakage
10.35882/jteknokes.v19i2.148,https://doi.org/10.35882/jteknokes.v19i2.148,&lt;b&gt;Beta-Band Electroencephalography Classification for Autism Spectrum Disorder Using Wavelet Features and Least-Squares Support Vector Machine&lt;/b&gt;,2026,Jurnal Teknokes,,0,Yes,No,,EEG subject independent cross validation leakage
10.1371/journal.pdig.0001409,https://doi.org/10.1371/journal.pdig.0001409,Explainable machine learning for predicting longitudinal dementia status: Establishing a leakage-free benchmark,2026,PLOS Digital Health,Public Library of Science,0,Yes,No,,data leakage machine learning neuroimaging evaluation
10.1109/access.2026.3709288,https://doi.org/10.1109/access.2026.3709288,Reproducible Framework for Mild Cognitive Impairment Classification From Nocturia-Derived Behavioral Patterns Under Extreme Class Imbalance,2026,IEEE Access,Institute of Electrical and Electronics Engineers,0,Yes,No,,data leakage machine learning neuroimaging evaluation
10.1038/s41598-026-64405-y,https://doi.org/10.1038/s41598-026-64405-y,Evaluating clinical and neuroimaging predictors for cognitive-behavioral therapy outcome in obsessive-compulsive disorder,2026,Scientific Reports,Nature Portfolio,0,Yes,No,,data leakage machine learning neuroimaging evaluation
10.4103/hm.hm-d-24-00064,https://doi.org/10.4103/hm.hm-d-24-00064,Approaches to Personalize Multidomain Lifestyle Interventions for Dementia Prevention,2024,Heart and Mind,Medknow,0,Yes,No,,data leakage machine learning neuroimaging evaluation
10.31083/ap45250,https://doi.org/10.31083/ap45250,Identification of Children With Autism Spectrum Disorder Based on Multidimensional EEG Feature Fusion Across Temporal-Spectral-Spatial Domains,2026,ALPHA PSYCHIATRY,,0,Yes,No,,EEG functional connectivity graph classification [recent]; EEG graph neural network diagnosis [recent]
10.62051/ijcsit.v7n3.11,https://doi.org/10.62051/ijcsit.v7n3.11,Weighted Dynamic Brain Network Feature Analysis in Schizophrenia,2025,International Journal of Computer Science and Information Technology,,0,Yes,No,,EEG graph neural network diagnosis [recent]
10.5772/acrt20250147,https://doi.org/10.5772/acrt20250147,Decoding Dyslexia from Electroencephalogram Signals Using a Graph-Based Neural Network,2026,AI Computer Science and Robotics Technology,IntechOpen,0,Yes,No,,EEG graph neural network diagnosis [recent]
10.17615/ys5a-1k71,https://doi.org/10.17615/ys5a-1k71,Resting-state EEG Connectivity in Young Children with ADHD,2026,UNC Libraries,,0,Yes,No,,EEG graph neural network diagnosis [recent]
10.1002/jdn.70172,https://doi.org/10.1002/jdn.70172,Data‐Driven Approaches for Autism Detection: A Comprehensive Review of Machine Learning Algorithms and Datasets,2026,International Journal of Developmental Neuroscience,Wiley,0,No,No,,EEG graph neural network diagnosis [recent]
10.1177/24056456261462609,https://doi.org/10.1177/24056456261462609,"Emerging Approaches for Early Diagnosis of Autism: A Comprehensive Survey of Machine, Deep and Transfer Learning Methods",2026,Web Intelligence,IOS Press,0,No,No,,EEG graph neural network diagnosis [recent]
10.3390/brainsci16070746,https://doi.org/10.3390/brainsci16070746,A Novel Depression Recognition Network Based on Brain Functional Connectivity from Prefrontal Emotional State EEG,2026,Brain Sciences,Multidisciplinary Digital Publishing Institute,0,Yes,No,,EEG graph neural network diagnosis [recent]
10.22214/ijraset.2026.82024,https://doi.org/10.22214/ijraset.2026.82024,"EEG-Based Detection of Depression and Stress: A Comprehensive Review of Signal Processing, Machine Learning, and Clinical Applications",2026,International Journal for Research in Applied Science and Engineering Technology,International Journal for Research in Applied Science and Engineering Technology (IJRASET),0,Yes,No,,EEG graph neural network diagnosis [recent]
10.1007/s44174-025-00602-z,https://doi.org/10.1007/s44174-025-00602-z,Enhanced Alzheimer’s Disease Identification from Central Lobe EEG Using Multi-Aspect Quantum-Classical Graph Attention Networks Optimized by Improved Orca Predation,2025,Biomedical Materials & Devices,Springer Science+Business Media,0,No,No,,EEG graph neural network diagnosis [recent]
10.1016/j.bspc.2026.109904,https://doi.org/10.1016/j.bspc.2026.109904,FPMBGCN : Feature pyramid-based multi-branch graph convolutional networks for epileptic seizure detection,2026,Biomedical Signal Processing and Control,Elsevier BV,0,Yes,No,,EEG graph neural network diagnosis [recent]
10.1002/dneu.70026,https://doi.org/10.1002/dneu.70026,Improved Hybrid Local Binary Structural Pattern Shallow Graph Deep Convolutional Attention Neural Networks With Synergistic Fibroblast Optimization for Automated Epileptic Seizure Detection and Diagno,2026,Developmental Neurobiology,Wiley,0,No,No,,EEG graph neural network diagnosis [recent]
10.5772/acrt.20250147,https://doi.org/10.5772/acrt.20250147,Decoding Dyslexia from Electroencephalogram Signals Using a Graph-Based Neural Network,2026,AI Computer Science and Robotics Technology,IntechOpen,0,Yes,No,,EEG graph neural network diagnosis [recent]
10.64751/ijdim.2026.v5.n2(1).699,https://doi.org/10.64751/ijdim.2026.v5.n2(1).699,SynaptiQ: A Hybrid Neuro-Analytical Framework for Multidimensional Psychiatric Disorder Prediction from EEG Signals,2026,International Journal of Data Science and IoT Management System,,0,Yes,No,,EEG graph neural network diagnosis [recent]
10.5815/ijitcs.2026.04.06,https://doi.org/10.5815/ijitcs.2026.04.06,An Optimized Graph-based Deep Learning Framework for Depression Detection Using EEG Signals,2026,International Journal of Information Technology and Computer Science,,0,Yes,No,,EEG graph neural network diagnosis [recent]
10.65521/intjournalrecadvengtech.v14i1.2569,https://doi.org/10.65521/intjournalrecadvengtech.v14i1.2569,A Comprehensive Review of Identification of Alzheimer’s Disease from Central Lobe EEG Signals Utilizing Dynamic Path-Controllable Deep Unfolding Network and Residual Attention Neural Network,2025,International Journal Of Recent Advances in Engineering & Technology,,0,Yes,No,,EEG graph neural network diagnosis [recent]
10.1109/jbhi.2026.3708311,https://doi.org/10.1109/jbhi.2026.3708311,Graph Convolutional Neural Network based Depression Detection using Brain Functional Connectivity Measures,2026,IEEE Journal of Biomedical and Health Informatics,Institute of Electrical and Electronics Engineers,0,No,No,,EEG graph neural network diagnosis [recent]
10.3389/fncom.2025.1737839,https://doi.org/10.3389/fncom.2025.1737839,Bridging neuromorphic computing and deep learning for next-generation neural data interpretation,2026,Frontiers in Computational Neuroscience,Frontiers Media,0,Yes,No,,EEG foundation model representation [recent]; EEG graph neural network diagnosis [recent]
10.70445/gjeac.1.1.2025.1-14,https://doi.org/10.70445/gjeac.1.1.2025.1-14,The Role of Artificial Intelligence in Early Disease Detection: Current Applications and Future Prospects,2025,Global Journal of Emerging AI and Computing,,0,Yes,No,,EEG graph neural network diagnosis [recent]
10.64751/ajmimc.2026.v5.n2(1).279,https://doi.org/10.64751/ajmimc.2026.v5.n2(1).279,Automated Multiclass EEG Signal Classification for Early Diagnosis of Psychiatric Disorders via Hybrid Graph Neural Networks,2026,American Journal of Management and IOT Medical Computing,,0,Yes,No,,EEG graph neural network diagnosis [recent]
10.3791/71972,https://doi.org/10.3791/71972,A Scoping Review of Machine Learning and Deep Learning Methods for Autism Spectrum Disorder Diagnosis and Analysis,2026,Journal of Visualized Experiments,MyJOVE,0,No,No,,EEG graph neural network diagnosis [recent]
10.3390/computers15060333,https://doi.org/10.3390/computers15060333,A Hybrid Spatio-Temporal Graph Transformer for EEG-Based ADHD Detection via Network Index Modeling,2026,Computers,Multidisciplinary Digital Publishing Institute,0,Yes,No,,EEG graph neural network diagnosis [recent]
10.1007/s11571-026-10504-5,https://doi.org/10.1007/s11571-026-10504-5,EEG-fMRI fusion-based source localization for the identification and mechanistic elucidation of paroxysmal kinesigenic dyskinesia,2026,Cognitive Neurodynamics,Springer Science+Business Media,0,Yes,No,,EEG graph neural network diagnosis [recent]
10.1142/s1469026826500203,https://doi.org/10.1142/s1469026826500203,Multimodal Deep Fusion of EEG–FNIRS and Behavioral Signals for Predicting Depression Severity Via Graph Neural Networks,2026,International Journal of Computational Intelligence and Applications,Imperial College Press,0,No,No,,EEG graph neural network diagnosis [recent]
10.1007/s44174-025-00631-8,https://doi.org/10.1007/s44174-025-00631-8,Neuro-SpikeNet: Optimized Spiking Graph and Knowledge-Aware Networks for High-Precision EEG-Based Alzheimer’s Diagnosis,2026,Biomedical Materials & Devices,Springer Science+Business Media,0,No,No,,EEG graph neural network diagnosis [recent]
10.64751/ajmimc.2026.v5.n2(1).286,https://doi.org/10.64751/ajmimc.2026.v5.n2(1).286,A Dual-Outcome EEG-Based Psychiatric Disorder Classification Model Leveraging Hypergraph Neural Networks,2026,American Journal of Management and IOT Medical Computing,,0,Yes,No,,EEG graph neural network diagnosis [recent]
10.12677/aam.2025.146323,https://doi.org/10.12677/aam.2025.146323,Analysis of Brain Network Characteristics in Adults and Adolescents with Schizophrenia Based on Electroencephalography (EEG),2025,Advances in Applied Mathematics,,0,Yes,No,,EEG graph neural network diagnosis [recent]
10.1109/jbhi.2026.3715842,https://doi.org/10.1109/jbhi.2026.3715842,EEG-X: An Integrated Framework for Automated Quantitative EEG Analysis in Epilepsy Diagnosis,2026,IEEE Journal of Biomedical and Health Informatics,Institute of Electrical and Electronics Engineers,0,No,No,,EEG graph neural network diagnosis [recent]
10.1007/s10916-025-02258-0,https://doi.org/10.1007/s10916-025-02258-0,An Innovative Method for Refractory Epilepsy Diagnosis Based on Microstate Analysis and Graph Convolutional Network,2025,Journal of Medical Systems,Springer Science+Business Media,0,No,No,,EEG graph neural network diagnosis [recent]
10.1002/pri.70204,https://doi.org/10.1002/pri.70204,Design and Development of an Automated Electroencephalogram Signal Processing and Diagnostic Support Architecture Employing Advanced Deep Learning Models for Early Accurate and Scalable Detection of N,2026,Physiotherapy Research International,Wiley,0,No,No,,EEG deep learning dementia diagnosis [recent]; EEG graph neural network diagnosis [recent]
10.25258/ijddt.16.28s.106,https://doi.org/10.25258/ijddt.16.28s.106,Hybrid St-Gnn for Early Epileptic Seizure Detection and Classification via Brain Functional Connectivity,2026,International Journal of Drug Delivery Technology,,0,Yes,No,,EEG functional connectivity graph classification [recent]
10.1016/j.eij.2026.101004,https://doi.org/10.1016/j.eij.2026.101004,Brain connectivity analysis for measuring the physical lifting capacity of labors,2026,Egyptian Informatics Journal,Elsevier BV,0,Yes,No,,EEG functional connectivity graph classification [recent]
10.1016/j.bspc.2026.110696,https://doi.org/10.1016/j.bspc.2026.110696,Task- and frequency-specific brain network reorganization in patients with rotator cuff injury,2026,Biomedical Signal Processing and Control,Elsevier BV,0,No,No,,EEG functional connectivity graph classification [recent]
10.21533/pen.v11.i1.90,https://doi.org/10.21533/pen.v11.i1.90,EEG-based image classification using an efficient geometric deep network based on functional connectivity,2025,Periodicals of Engineering and Natural Sciences (PEN),International University of Sarajevo,0,Yes,No,,EEG functional connectivity graph classification [recent]
10.1016/j.eswa.2026.133718,https://doi.org/10.1016/j.eswa.2026.133718,A Bayesian heterogeneous graph dynamics network for cross-subject EEG decoding,2026,Expert Systems with Applications,Elsevier BV,0,No,No,,EEG functional connectivity graph classification [recent]
10.1111/ejn.70329,https://doi.org/10.1111/ejn.70329,Dual‐Domain Fusion Graph Convolutional Network for EEG‐Based Driving Fatigue Detection,2025,European Journal of Neuroscience,Wiley,0,Yes,No,,EEG functional connectivity graph classification [recent]
10.3390/jcm15156046,https://doi.org/10.3390/jcm15156046,EEG Connectivity Signatures in Migraine and Tension-Type Headache: A Multimethod ROI-Based Functional Connectivity and Machine-Learning Analysis,2026,Journal of Clinical Medicine,Multidisciplinary Digital Publishing Institute,0,Yes,No,,EEG functional connectivity graph classification [recent]
10.51699/cajotas.v7i3.1704,https://doi.org/10.51699/cajotas.v7i3.1704,Predicting Alzheimer's Disease Using Artificial Intelligence Techniques,2026,Central Asian Journal of Theoretical and Applied Science,,0,Yes,No,,EEG deep learning dementia diagnosis [recent]
10.7716/aem.v15i3.4103,https://doi.org/10.7716/aem.v15i3.4103,Research on the Recognition of Mild Cognitive Impairment Based on Deep Learning,2026,Advanced Electromagnetics,Advanced Electromagnetics,0,Yes,No,,EEG deep learning dementia diagnosis [recent]
10.9734/indj/2026/v23i2546,https://doi.org/10.9734/indj/2026/v23i2546,"Regulatory, Ethical, and Legal Provisions: Integrating Positron Emission Tomography, Magnetic Resonance Imaging, Electroencephalography Data with Machine Learning for Differential Diagnosis of Neurode",2026,International Neuropsychiatric Disease Journal,,0,Yes,No,,EEG deep learning dementia diagnosis [recent]
10.1007/s00500-026-11310-1,https://doi.org/10.1007/s00500-026-11310-1,Deep learning techniques for early diagnosis of Alzheimer’s disease and frontotemporal dementia using EEG signals,2026,Soft Computing,Springer Science+Business Media,0,No,No,,EEG deep learning dementia diagnosis [recent]
10.36922/bh025310043,https://doi.org/10.36922/bh025310043,Early prediction of Alzheimer’s disease using machine learning algorithm: A convolutional neural network approach,2025,Brain & Heart,,0,Yes,No,,EEG deep learning dementia diagnosis [recent]
10.54254/2755-2721/2026.33001,https://doi.org/10.54254/2755-2721/2026.33001,Early Screening of Mild Cognitive Impairment with Wearable EEG via Explainable Multiple Instance Learning,2026,Applied and Computational Engineering,,0,Yes,No,,EEG deep learning dementia diagnosis [recent]
10.53759/7669/jmc202505117,https://doi.org/10.53759/7669/jmc202505117,A Novel EEG Based Alzheimers Classification Framework Using Multistage Feature Fusion and Domain Adaptation,2025,Journal of Machine and Computing,,0,Yes,No,,EEG deep learning dementia diagnosis [recent]
10.54660/ijmbhr.2026.7.1.129-137,https://doi.org/10.54660/ijmbhr.2026.7.1.129-137,"Systematic and Integrative review on Artificial intelligence in the Diagnosis of Dementia, Brain Neuroplasticity, and Healthy Aging",2026,International Journal of Medical and All Body Health Research,,0,Yes,No,,EEG deep learning dementia diagnosis [recent]
10.51249/hs.v5i01.2415,https://doi.org/10.51249/hs.v5i01.2415,ADVANCES IN FUNCTIONAL MAGNETIC RESONANCE IMAGING FOR THE EVALUATION OF NEURODEGENERATIVE DISEASES,2025,Health and Society,,0,Yes,No,,EEG deep learning dementia diagnosis [recent]
10.1007/s13538-026-02135-2,https://doi.org/10.1007/s13538-026-02135-2,EEG Time–Frequency Image Encoding with Convolutional Networks for Alzheimer’s and FTD Classification,2026,Brazilian Journal of Physics,Springer Science+Business Media,0,No,No,,EEG deep learning dementia diagnosis [recent]
10.1002/cns3.70005,https://doi.org/10.1002/cns3.70005,"Synergy in Child Neurology: Science, Collaboration, and Leadership – The 2024 Hower Award Lecture",2025,Annals of the Child Neurology Society,Wiley,0,Yes,No,,EEG foundation model representation [recent]
10.1002/brx2.70046,https://doi.org/10.1002/brx2.70046,Toward general‐purpose foundation models for electroencephalography: A unified data registry,2026,Brain‐X,Wiley,0,Yes,No,,EEG foundation model representation [recent]
10.46647/ijetms.2025.v09i05.003,https://doi.org/10.46647/ijetms.2025.v09i05.003,"STRESS RECOGNITION THROUGH DEEP LEARNING APPROACHES: DATA, MODELS, AND ACADEMIC ENVIRONMENT APPLICATIONS IN REVIEW",2025,International Journal of Engineering Technology and Management Sciences,,0,Yes,No,,EEG foundation model representation [recent]
10.1097/cm9.0000000000003997,https://doi.org/10.1097/cm9.0000000000003997,Efficacy and parameter selection of transcranial alternating current stimulation in sleep regulation,2026,Chinese Medical Journal,Lippincott Williams & Wilkins,0,Yes,No,,EEG foundation model representation [recent]
10.1109/tbme.2026.3693784,https://doi.org/10.1109/tbme.2026.3693784,Mapper-Based Topological EEG Modeling for Task Representation in Robot-Assisted Surgery,2026,IEEE Transactions on Biomedical Engineering,Institute of Electrical and Electronics Engineers,0,No,No,,EEG foundation model representation [recent]
10.3390/diagnostics16152376,https://doi.org/10.3390/diagnostics16152376,Early Detection Methods for Autism Spectrum Disorder: From Clinical Screening to Multimodal AI,2026,Diagnostics,Multidisciplinary Digital Publishing Institute,0,Yes,No,,EEG foundation model representation [recent]
10.5281/zenodo.19975592,https://doi.org/10.5281/zenodo.19975592,Zero-Shot Clinical Intelligence (ZSCI): Defining a Paradigm for Calibration-Free AI in Neurological and Clinical Medicine,2026,Zenodo (CERN European Organization for Nuclear Research),European Organization for Nuclear Research,0,Yes,No,,EEG foundation model representation [recent]
10.3390/appliedmath6030049,https://doi.org/10.3390/appliedmath6030049,Parameterized Multimodal Feature Fusion for Explainable Seizure Detection Using PCA and SHAP,2026,AppliedMath,,0,Yes,No,,EEG foundation model representation [recent]
10.1016/j.bspc.2026.109725,https://doi.org/10.1016/j.bspc.2026.109725,PEEG-HAR: A novel pain-evoked EEG extraction method guided by the adaptive localization of high-activation-rate pain-related EEG sources,2026,Biomedical Signal Processing and Control,Elsevier BV,0,Yes,No,,EEG foundation model representation [recent]
10.1016/j.patcog.2026.114388,https://doi.org/10.1016/j.patcog.2026.114388,Bayesian knowledge-guided confidence aware model based on multimodal pre-trained LLMs for depression detection,2026,Pattern Recognition,Elsevier BV,0,No,No,,EEG foundation model representation [recent]
10.3389/frai.2026.1862612,https://doi.org/10.3389/frai.2026.1862612,EEG-based cognition-aware task classification and scheduling using enhanced fuzzy transition modeling,2026,Frontiers in Artificial Intelligence,Frontiers Media,0,Yes,No,,EEG foundation model representation [recent]
10.1016/j.bspc.2026.110765,https://doi.org/10.1016/j.bspc.2026.110765,A hybrid adaptive EEG signal tokenization and vector embedding framework for interpretable Brain–Computer Interfaces,2026,Biomedical Signal Processing and Control,Elsevier BV,0,No,No,,EEG foundation model representation [recent]
10.3389/fnsys.2026.1809977,https://doi.org/10.3389/fnsys.2026.1809977,Beyond discrete social decisions: toward continuous dyadic neural dynamics in cooperation and competition,2026,Frontiers in Systems Neuroscience,Frontiers Media,0,Yes,No,,EEG foundation model representation [recent]
10.71052/srb2024/aafr1341,https://doi.org/10.71052/srb2024/aafr1341,EEG-based Driver Fatigue Detection with Eye-tracking Guided Weak Supervision,2026,Scientific Research Bulletin,,0,No,No,,EEG foundation model representation [recent]
10.3390/electronics14224432,https://doi.org/10.3390/electronics14224432,Research on fMRI Image Generation from EEG Signals Based on Diffusion Models,2025,Electronics,Multidisciplinary Digital Publishing Institute,0,Yes,No,,EEG foundation model representation [recent]
10.1016/j.neuroimage.2026.121781,https://doi.org/10.1016/j.neuroimage.2026.121781,Preserved temporal hierarchy but frequency-specific alterations in dynamical regimes of EEG microstate multimers during reversible unconsciousness,2026,NeuroImage,Elsevier BV,0,Yes,No,,EEG foundation model representation [recent]
10.1016/j.neunet.2025.108060,https://doi.org/10.1016/j.neunet.2025.108060,EpilepsyFM: A domain-specific foundation model for epileptic representation learning using EEG signals,2025,Neural Networks,Elsevier BV,0,No,No,,EEG foundation model representation [recent]
10.5281/zenodo.19975593,https://doi.org/10.5281/zenodo.19975593,Zero-Shot Clinical Intelligence (ZSCI): Defining a Paradigm for Calibration-Free AI in Neurological and Clinical Medicine,2026,Zenodo (CERN European Organization for Nuclear Research),European Organization for Nuclear Research,0,Yes,No,,EEG foundation model representation [recent]
10.57647/ijm2c.2026.1602.14,https://doi.org/10.57647/ijm2c.2026.1602.14,TL–FL–QWOA: A Quantum‑Optimized Transfer‑Federated Framework for Privacy‑Preserving EEG‑Based Emotion Recognition in IoMT,2025,OICC Press Journals,OICC Press (United Kingdom),0,Yes,No,,EEG foundation model representation [recent]
10.14569/ijacsa.2026.0170754,https://doi.org/10.14569/ijacsa.2026.0170754,Entanglement-Driven Hybrid Quantum Representation Learning for EEG-Based Epileptic Seizure Classification,2026,International Journal of Advanced Computer Science and Applications,Science and Information Organization,0,Yes,No,,EEG foundation model representation [recent]
10.5281/zenodo.17800894,https://doi.org/10.5281/zenodo.17800894,The Dimensionality of Experience: Version 2 (Expanded Framework and Methods),2025,Zenodo (CERN European Organization for Nuclear Research),European Organization for Nuclear Research,0,Yes,No,,EEG foundation model representation [recent]
10.1016/j.patcog.2026.114221,https://doi.org/10.1016/j.patcog.2026.114221,Uni-DMFM: A universal dynamic multi-scale foundation model for EEG representation learning,2026,Pattern Recognition,Elsevier BV,0,No,No,,EEG foundation model representation [recent]
10.1038/s41598-026-62832-5,https://doi.org/10.1038/s41598-026-62832-5,Single-channel EEG sleep stage classification using synchrosqueezed transform and sequential representation learning,2026,Scientific Reports,Nature Portfolio,0,Yes,No,,EEG foundation model representation [recent]
10.3389/frvir.2026.1818469,https://doi.org/10.3389/frvir.2026.1818469,Neutrosophic technarrative architecture for symbolic–emotional evaluation of virtual architectural spaces in VR,2026,Frontiers in Virtual Reality,Frontiers Media,0,Yes,No,,EEG foundation model representation [recent]
10.1142/s175697372640007x,https://doi.org/10.1142/s175697372640007x,Music Emotion Interaction System Based on Brain-Computer Interface: A Hybrid Deep Learning and Transfer Learning Framework,2025,Journal of Multiscale Modelling,World Scientific,0,No,No,,EEG foundation model representation [recent]
10.5281/zenodo.20864174,https://doi.org/10.5281/zenodo.20864174,Pointual Present Theory (PPT) / Punktuelle Gegenwarts Theorie (PGT),2025,Zenodo (CERN European Organization for Nuclear Research),European Organization for Nuclear Research,0,Yes,No,,EEG foundation model representation [recent]
10.3389/fpsyg.2025.1556279,https://doi.org/10.3389/fpsyg.2025.1556279,If Freud had known…,2025,Frontiers in Psychology,Frontiers Media,0,Yes,No,,EEG foundation model representation [recent]
10.2196/87962,https://doi.org/10.2196/87962,Long Short-Term Memory–GPT-4 Integration for Interpretable Biomedical Signal Classification: Proof-of-Concept Study,2026,JMIR Formative Research,,0,Yes,No,,EEG foundation model representation [recent]
10.1007/s11571-026-10434-2,https://doi.org/10.1007/s11571-026-10434-2,Modeling spectral EEG interactions using graph-structured variational representation learning,2026,Cognitive Neurodynamics,Springer Science+Business Media,0,Yes,No,,EEG foundation model representation [recent]
10.3390/brainsci16080793,https://doi.org/10.3390/brainsci16080793,Disentangling EEG Fingerprinting and Sleep Biomarkers Using Generalized Weighted Ordinal Patterns,2026,Brain Sciences,Multidisciplinary Digital Publishing Institute,0,Yes,No,,EEG foundation model representation [recent]
10.1109/tbme.2026.3683482,https://doi.org/10.1109/tbme.2026.3683482,"FEMBA on the Edge: Physiologically-Aware Pre-Training, Quantization, and Deployment of a Bidirectional Mamba EEG Foundation Model on an Ultra-Low Power Microcontroller",2026,IEEE Transactions on Biomedical Engineering,Institute of Electrical and Electronics Engineers,0,No,No,,EEG foundation model representation [recent]
10.1016/j.compeleceng.2026.111400,https://doi.org/10.1016/j.compeleceng.2026.111400,NeuroWhisper: Evaluating speech-derived convolution–attention encoders for sleep staging from electroencephalogram signals,2026,Computers & Electrical Engineering,Elsevier BV,0,No,No,,EEG foundation model representation [recent]
