model,pipeline,fit_on,seed,fold,macro_f1,balanced_acc,accuracy,kappa,brier,ece,confusion,roc_auc,pr_auc,sens_0,spec_0,sens_1,spec_1,sens_2,spec_2
lr,P1,train,0,0,0.3235867446393762,0.3416666666666666,0.3888888888888889,0.01492537313432829,0.9474987932403887,0.46432316779919264,"[[5, 2, 1], [4, 0, 1], [2, 1, 2]]",0.6509615384615385,0.5520330595330596,0.625,0.4,0.0,0.7692307692307693,0.4,0.8461538461538461
svm_rbf,P1,train,0,0,0.4276094276094276,0.47500000000000003,0.5,0.2058823529411764,0.7622781385304803,0.34281505391531025,"[[5, 2, 1], [4, 0, 1], [1, 0, 4]]",0.7038461538461539,0.591771686238598,0.625,0.5,0.0,0.8461538461538461,0.8,0.8461538461538461
rf,P1,train,0,0,0.36274509803921573,0.4083333333333334,0.4444444444444444,0.13043478260869568,0.5511531111300874,0.3418899788033068,"[[5, 2, 1], [2, 0, 3], [2, 0, 3]]",0.7471153846153845,0.5940274859943978,0.625,0.6,0.0,0.8461538461538461,0.6,0.6923076923076923
lr,P1,train,0,1,0.5130718954248367,0.5634920634920635,0.6111111111111112,0.3942307692307693,0.4187749434719865,0.25031039738389016,"[[6, 1, 0], [4, 0, 1], [0, 1, 5]]",0.8996984496984496,0.8038321995464851,0.8571428571428571,0.6363636363636364,0.0,0.8461538461538461,0.8333333333333334,0.9166666666666666
svm_rbf,P1,train,0,1,0.47863247863247865,0.5634920634920635,0.6111111111111112,0.3853658536585366,0.5646064087695517,0.2564564692636617,"[[6, 0, 1], [4, 0, 1], [1, 0, 5]]",0.8460816960816961,0.7248677248677248,0.8571428571428571,0.5454545454545454,0.0,1.0,0.8333333333333334,0.8333333333333334
rf,P1,train,0,1,0.6016483516483516,0.6301587301587301,0.6666666666666666,0.4832535885167464,0.4621642061268401,0.2034698489552945,"[[6, 0, 1], [3, 1, 1], [0, 1, 5]]",0.833094683094683,0.7528760393046108,0.8571428571428571,0.7272727272727273,0.2,0.9230769230769231,0.8333333333333334,0.8333333333333334
lr,P1,train,0,2,0.46967846967846966,0.47936507936507927,0.5,0.23943661971830987,0.6881093431345199,0.2927236320886585,"[[4, 2, 1], [2, 1, 2], [1, 1, 4]]",0.6629925629925629,0.6088449909878482,0.5714285714285714,0.7272727272727273,0.2,0.7692307692307693,0.6666666666666666,0.75
svm_rbf,P1,train,0,2,0.5231729055258467,0.5619047619047619,0.5555555555555556,0.3302325581395348,0.7076717211679553,0.3157538978271895,"[[2, 1, 4], [2, 2, 1], [0, 0, 6]]",0.7747206497206497,0.721372741015598,0.2857142857142857,0.8181818181818182,0.4,0.9230769230769231,1.0,0.5833333333333334
rf,P1,train,0,2,0.3212121212121212,0.42857142857142855,0.4444444444444444,0.15094339622641517,0.5646032642109293,0.28567263600823806,"[[2, 0, 5], [2, 0, 3], [0, 0, 6]]",0.8296980796980797,0.7628774928774927,0.2857142857142857,0.8181818181818182,0.0,1.0,1.0,0.3333333333333333
lr,P1,train,0,3,0.468997668997669,0.4761904761904762,0.47058823529411764,0.2153846153846154,0.6412134726644577,0.37680739526857354,"[[3, 2, 2], [0, 2, 2], [1, 2, 3]]",0.8514818514818515,0.7595112118921644,0.42857142857142855,0.9,0.5,0.6923076923076923,0.5,0.6363636363636364
svm_rbf,P1,train,0,3,0.6825396825396827,0.6825396825396827,0.7058823529411765,0.5526315789473684,0.4946227546031545,0.26518317004536685,"[[5, 1, 1], [0, 2, 2], [0, 1, 5]]",0.7906759906759907,0.6997812372812372,0.7142857142857143,1.0,0.5,0.8461538461538461,0.8333333333333334,0.7272727272727273
rf,P1,train,0,3,0.734920634920635,0.7380952380952381,0.7647058823529411,0.6382978723404256,0.5147559372376612,0.35353800199572616,"[[5, 1, 1], [0, 2, 2], [0, 0, 6]]",0.7366688866688866,0.6551020408163265,0.7142857142857143,1.0,0.5,0.9230769230769231,1.0,0.7272727272727273
lr,P1,train,0,4,0.41269841269841273,0.4603174603174603,0.5294117647058824,0.24861878453038655,0.6757664147675001,0.2959115941994826,"[[5, 0, 2], [2, 0, 2], [1, 1, 4]]",0.6101953601953601,0.5771052949799449,0.7142857142857143,0.7,0.0,0.9230769230769231,0.6666666666666666,0.6363636363636364
svm_rbf,P1,train,0,4,0.4134615384615385,0.4682539682539682,0.5294117647058824,0.25683060109289624,0.6266563531737912,0.3152304918123191,"[[4, 1, 2], [1, 0, 3], [1, 0, 5]]",0.6376623376623377,0.540732841958332,0.5714285714285714,0.8,0.0,0.9230769230769231,0.8333333333333334,0.5454545454545454
rf,P1,train,0,4,0.546031746031746,0.5515873015873015,0.5882352941176471,0.34615384615384626,0.5385999744879699,0.25756694967278937,"[[4, 0, 3], [2, 1, 1], [1, 0, 5]]",0.7185647685647686,0.6399444509738628,0.5714285714285714,0.7,0.25,1.0,0.8333333333333334,0.6363636363636364
lr,P1,train,1,0,0.5130718954248367,0.5833333333333334,0.6111111111111112,0.3913043478260869,0.5277047818475702,0.2383594805891243,"[[6, 2, 0], [3, 0, 2], [0, 0, 5]]",0.8105769230769231,0.6993477355977356,0.75,0.7,0.0,0.8461538461538461,1.0,0.8461538461538461
svm_rbf,P1,train,1,0,0.5156695156695157,0.625,0.6666666666666666,0.47058823529411764,0.5718232562785877,0.20730775184910671,"[[7, 0, 1], [3, 0, 2], [0, 0, 5]]",0.8012820512820512,0.676931216931217,0.875,0.7,0.0,1.0,1.0,0.7692307692307693
rf,P1,train,1,0,0.6481481481481483,0.6916666666666668,0.7222222222222222,0.5588235294117647,0.42629905956377123,0.13652597481147813,"[[7, 0, 1], [3, 1, 1], [0, 0, 5]]",0.8692307692307694,0.7806311050061051,0.875,0.7,0.2,1.0,1.0,0.8461538461538461
lr,P1,train,1,1,0.3861693861693862,0.38730158730158726,0.3888888888888889,0.0875576036866359,0.8677133801513524,0.4320203227098666,"[[3, 2, 2], [2, 2, 1], [1, 3, 2]]",0.6541921041921042,0.5715221105277127,0.42857142857142855,0.7272727272727273,0.4,0.6153846153846154,0.3333333333333333,0.75
svm_rbf,P1,train,1,1,0.5555555555555555,0.5825396825396826,0.6111111111111112,0.4,0.7314872719453981,0.3886197480671933,"[[5, 0, 2], [3, 1, 1], [0, 1, 5]]",0.6512006512006512,0.5763917960346532,0.7142857142857143,0.7272727272727273,0.2,0.9230769230769231,0.8333333333333334,0.75
rf,P1,train,1,1,0.5555555555555555,0.5825396825396826,0.6111111111111112,0.4,0.6128800494967526,0.2684079887908325,"[[5, 0, 2], [3, 1, 1], [0, 1, 5]]",0.6423446923446924,0.5426069301069302,0.7142857142857143,0.7272727272727273,0.2,0.9230769230769231,0.8333333333333334,0.75
lr,P1,train,1,2,0.41830065359477125,0.4603174603174603,0.5,0.22115384615384626,0.6784524064430736,0.2919172921441171,"[[5, 1, 1], [4, 0, 1], [1, 1, 4]]",0.6996891996891997,0.5854090354090354,0.7142857142857143,0.5454545454545454,0.0,0.8461538461538461,0.6666666666666666,0.8333333333333334
svm_rbf,P1,train,1,2,0.4230769230769231,0.4682539682539682,0.5,0.22488038277511957,0.6511251027876057,0.37820844094427153,"[[4, 2, 1], [4, 0, 1], [1, 0, 5]]",0.7311623561623563,0.6159805841528531,0.5714285714285714,0.5454545454545454,0.0,0.8461538461538461,0.8333333333333334,0.8333333333333334
rf,P1,train,1,2,0.47338935574229696,0.5634920634920635,0.6111111111111112,0.38834951456310685,0.5739093214748658,0.21335122329477105,"[[6, 0, 1], [3, 0, 2], [1, 0, 5]]",0.7002904502904502,0.6144053075775764,0.8571428571428571,0.6363636363636364,0.0,1.0,0.8333333333333334,0.75
lr,P1,train,1,3,0.6282051282051282,0.6349206349206349,0.6470588235294118,0.46031746031746035,0.6023977010412221,0.29185969744091944,"[[4, 2, 1], [1, 2, 1], [1, 0, 5]]",0.7942390942390943,0.6827389541675255,0.5714285714285714,0.8,0.5,0.8461538461538461,0.8333333333333334,0.8181818181818182
svm_rbf,P1,train,1,3,0.7326007326007327,0.7380952380952381,0.7647058823529411,0.6363636363636364,0.49577625627629823,0.24761565630654622,"[[5, 1, 1], [1, 2, 1], [0, 0, 6]]",0.7694860694860695,0.6796055796055795,0.7142857142857143,0.9,0.5,0.9230769230769231,1.0,0.8181818181818182
rf,P1,train,1,3,0.6857142857142856,0.7023809523809524,0.7647058823529411,0.6263736263736264,0.4719587843615929,0.26595161378211873,"[[6, 0, 1], [1, 1, 2], [0, 0, 6]]",0.7626040626040625,0.7105317340611457,0.8571428571428571,0.9,0.25,1.0,1.0,0.7272727272727273
lr,P1,train,1,4,0.5305322128851541,0.5595238095238095,0.5882352941176471,0.37368421052631573,0.6165749782681186,0.25055061919034305,"[[3, 2, 2], [0, 1, 3], [0, 0, 6]]",0.7683316683316684,0.6586084550370264,0.42857142857142855,1.0,0.25,0.8461538461538461,1.0,0.5454545454545454
svm_rbf,P1,train,1,4,0.3621794871794872,0.42063492063492064,0.47058823529411764,0.16393442622950827,0.6929626840685008,0.33162938549540794,"[[3, 1, 3], [2, 0, 2], [1, 0, 5]]",0.6918525918525917,0.5985239297739297,0.42857142857142855,0.7,0.0,0.9230769230769231,0.8333333333333334,0.5454545454545454
rf,P1,train,1,4,0.49607843137254903,0.503968253968254,0.5294117647058824,0.26086956521739124,0.5815746402357518,0.12852658366257988,"[[3, 0, 4], [1, 1, 2], [1, 0, 5]]",0.6997280497280496,0.6547709824670609,0.42857142857142855,0.8,0.25,1.0,0.8333333333333334,0.45454545454545453
lr,P1,train,2,0,0.5992063492063492,0.65,0.6666666666666666,0.48571428571428577,0.5858595484542893,0.3023810415474275,"[[6, 0, 2], [2, 1, 2], [0, 0, 5]]",0.7166666666666667,0.6132341269841269,0.75,0.8,0.2,1.0,1.0,0.6923076923076923
svm_rbf,P1,train,2,0,0.4222222222222222,0.4916666666666667,0.5555555555555556,0.2615384615384616,0.6204551029069088,0.32749095269448003,"[[7, 0, 1], [4, 0, 1], [2, 0, 3]]",0.7519230769230769,0.6789351851851851,0.875,0.4,0.0,1.0,0.6,0.8461538461538461
rf,P1,train,2,0,0.46438746438746437,0.5583333333333333,0.6111111111111112,0.38235294117647056,0.5304459494318992,0.15730059501050722,"[[7, 0, 1], [2, 0, 3], [1, 0, 4]]",0.7147435897435898,0.5873555583849701,0.875,0.7,0.0,1.0,0.8,0.6923076923076923
lr,P1,train,2,1,0.5123177476118653,0.526984126984127,0.5555555555555556,0.30434782608695654,0.6957059796851455,0.3740896194082651,"[[5, 0, 2], [3, 1, 1], [2, 0, 4]]",0.7073176823176822,0.6433757947623493,0.7142857142857143,0.5454545454545454,0.2,1.0,0.6666666666666666,0.75
svm_rbf,P1,train,2,1,0.38888888888888884,0.4682539682539682,0.5,0.21739130434782605,0.7217240681572274,0.35449562285287173,"[[4, 0, 3], [4, 0, 1], [1, 0, 5]]",0.7788119288119288,0.7443783068783069,0.5714285714285714,0.5454545454545454,0.0,1.0,0.8333333333333334,0.6666666666666666
rf,P1,train,2,1,0.38611111111111107,0.4682539682539682,0.5,0.22115384615384615,0.5366789642045932,0.17123051524723532,"[[4, 0, 3], [3, 0, 2], [1, 0, 5]]",0.7959928959928959,0.7495525280819398,0.5714285714285714,0.6363636363636364,0.0,1.0,0.8333333333333334,0.5833333333333334
lr,P1,train,2,2,0.7277183600713012,0.7238095238095238,0.7222222222222222,0.5813953488372092,0.5391053607279779,0.2652173026474634,"[[4, 0, 3], [0, 3, 2], [0, 0, 6]]",0.7928284678284679,0.7534612565564945,0.5714285714285714,1.0,0.6,1.0,1.0,0.5833333333333334
svm_rbf,P1,train,2,2,0.4574175824175824,0.48730158730158735,0.5,0.23584905660377364,0.6396411761981792,0.30777839374679555,"[[3, 0, 4], [3, 1, 1], [0, 1, 5]]",0.799024124024124,0.7293758529052646,0.42857142857142855,0.7272727272727273,0.2,0.9230769230769231,0.8333333333333334,0.5833333333333334
rf,P1,train,2,2,0.5945165945165946,0.6095238095238095,0.6111111111111112,0.4112149532710281,0.4999949341825164,0.07614306333907665,"[[3, 0, 4], [1, 2, 2], [0, 0, 6]]",0.817938542938543,0.762670521199933,0.42857142857142855,0.9090909090909091,0.4,1.0,1.0,0.5
lr,P1,train,2,3,0.7020202020202021,0.7103174603174603,0.7058823529411765,0.5663265306122449,0.4110902810061702,0.1534637259065637,"[[5, 2, 0], [0, 3, 1], [0, 2, 4]]",0.8737262737262738,0.8059320309320309,0.7142857142857143,1.0,0.75,0.6923076923076923,0.6666666666666666,0.9090909090909091
svm_rbf,P1,train,2,3,0.7916666666666666,0.7777777777777778,0.8235294117647058,0.7197802197802199,0.3435572284811702,0.21811075907072258,"[[7, 0, 0], [1, 2, 1], [1, 0, 5]]",0.8486624486624487,0.7950287807430665,1.0,0.8,0.5,1.0,0.8333333333333334,0.9090909090909091
rf,P1,train,2,3,0.7936507936507936,0.7857142857142857,0.8235294117647058,0.7228260869565217,0.41755870469376116,0.2994309615601096,"[[6, 0, 1], [1, 2, 1], [0, 0, 6]]",0.8341935841935841,0.7939668796811653,0.8571428571428571,0.9,0.5,1.0,1.0,0.8181818181818182
lr,P1,train,2,4,0.5754985754985755,0.5793650793650794,0.5882352941176471,0.37696335078534027,0.6101857887577684,0.2765510909945822,"[[4, 2, 1], [1, 2, 1], [1, 1, 4]]",0.7997835497835496,0.7150712052497766,0.5714285714285714,0.8,0.5,0.7692307692307693,0.6666666666666666,0.8181818181818182
svm_rbf,P1,train,2,4,0.6282051282051282,0.6349206349206349,0.6470588235294118,0.46031746031746035,0.49836578192858266,0.2711595314566363,"[[4, 2, 1], [1, 2, 1], [1, 0, 5]]",0.8331168831168831,0.7780852745138459,0.5714285714285714,0.8,0.5,0.8461538461538461,0.8333333333333334,0.8181818181818182
rf,P1,train,2,4,0.5384615384615384,0.5515873015873015,0.5882352941176471,0.36363636363636365,0.5245733316149569,0.23035040838110254,"[[4, 2, 1], [1, 1, 2], [1, 0, 5]]",0.6952769452769453,0.6293148028442145,0.5714285714285714,0.8,0.25,0.8461538461538461,0.8333333333333334,0.7272727272727273
lr,P1,train,3,0,0.6111111111111112,0.65,0.6666666666666666,0.48571428571428565,0.6050272103239763,0.3766754021120134,"[[6, 2, 0], [2, 1, 2], [0, 0, 5]]",0.7560897435897437,0.6545843943638061,0.75,0.8,0.2,0.8461538461538461,1.0,0.8461538461538461
svm_rbf,P1,train,3,0,0.6420311714429361,0.6916666666666668,0.7222222222222222,0.5652173913043479,0.5632124813190649,0.2496058243609101,"[[7, 0, 1], [2, 1, 2], [0, 0, 5]]",0.7878205128205128,0.6920268157768158,0.875,0.8,0.2,1.0,1.0,0.7692307692307693
rf,P1,train,3,0,0.5126050420168067,0.625,0.6666666666666666,0.4782608695652174,0.48338257846214916,0.15128496937825275,"[[7, 0, 1], [2, 0, 3], [0, 0, 5]]",0.7519230769230769,0.6408507206301324,0.875,0.8,0.0,1.0,1.0,0.6923076923076923
lr,P1,train,3,1,0.6405723905723906,0.6412698412698412,0.6666666666666666,0.48815165876777245,0.35884363191722557,0.14482427700348308,"[[6, 1, 0], [2, 2, 1], [1, 1, 4]]",0.8779831279831279,0.7864202464202464,0.8571428571428571,0.7272727272727273,0.4,0.8461538461538461,0.6666666666666666,0.9166666666666666
svm_rbf,P1,train,3,1,0.48148148148148145,0.5111111111111111,0.5555555555555556,0.29064039408867004,0.5195178573812976,0.267583870790677,"[[7, 0, 0], [3, 1, 1], [4, 0, 2]]",0.8453148703148702,0.7686304436304435,1.0,0.36363636363636365,0.2,1.0,0.3333333333333333,0.9166666666666666
rf,P1,train,3,1,0.5,0.5190476190476191,0.5555555555555556,0.30097087378640763,0.48292889358630564,0.1765230927417499,"[[6, 0, 1], [2, 1, 2], [3, 0, 3]]",0.8233294483294484,0.7141998565808089,0.8571428571428571,0.5454545454545454,0.2,1.0,0.5,0.75
lr,P1,train,3,2,0.7666666666666667,0.7634920634920634,0.7777777777777778,0.6603773584905661,0.4212791007084545,0.12996251827789315,"[[6, 1, 0], [1, 3, 1], [1, 0, 5]]",0.8245717245717246,0.7750311235605354,0.8571428571428571,0.8181818181818182,0.6,0.9230769230769231,0.8333333333333334,0.9166666666666666
svm_rbf,P1,train,3,2,0.4444444444444444,0.5079365079365079,0.5555555555555556,0.30097087378640763,0.5604331448269358,0.22646178779346013,"[[6, 1, 0], [3, 0, 2], [2, 0, 4]]",0.7683270433270435,0.6435978835978836,0.8571428571428571,0.5454545454545454,0.0,0.9230769230769231,0.6666666666666666,0.8333333333333334
rf,P1,train,3,2,0.5555555555555555,0.5746031746031747,0.6111111111111112,0.4,0.5614871960151605,0.15734531875270213,"[[6, 1, 0], [2, 1, 2], [1, 1, 4]]",0.7302299552299552,0.6492853707139421,0.8571428571428571,0.7272727272727273,0.2,0.8461538461538461,0.6666666666666666,0.8333333333333334
lr,P1,train,3,3,0.4871794871794872,0.503968253968254,0.5294117647058824,0.26486486486486494,0.7259468766769983,0.31028923907683625,"[[3, 0, 4], [3, 1, 0], [0, 1, 5]]",0.7727550227550228,0.6980135605135604,0.42857142857142855,0.7,0.25,0.9230769230769231,0.8333333333333334,0.6363636363636364
svm_rbf,P1,train,3,3,0.5371794871794872,0.5595238095238095,0.5882352941176471,0.3497267759562842,0.7179309580434691,0.368893832321701,"[[3, 0, 4], [3, 1, 0], [0, 0, 6]]",0.6868797868797869,0.6200828311122429,0.42857142857142855,0.7,0.25,1.0,1.0,0.6363636363636364
rf,P1,train,3,3,0.4871794871794872,0.503968253968254,0.5294117647058824,0.26486486486486494,0.615963985813561,0.22871331792650948,"[[3, 0, 4], [3, 1, 0], [0, 1, 5]]",0.6897047397047396,0.583020026192295,0.42857142857142855,0.7,0.25,0.9230769230769231,0.8333333333333334,0.6363636363636364
lr,P1,train,3,4,0.42478354978354976,0.45634920634920634,0.47058823529411764,0.19047619047619047,0.7340410968326708,0.3663109158739175,"[[2, 2, 3], [1, 1, 2], [1, 0, 5]]",0.76995781995782,0.6528897028897028,0.2857142857142857,0.8,0.25,0.8461538461538461,0.8333333333333334,0.5454545454545454
svm_rbf,P1,train,3,4,0.3923444976076555,0.4761904761904762,0.5294117647058824,0.2568306010928961,0.5961622173950538,0.3015565545158386,"[[3, 0, 4], [1, 0, 3], [0, 0, 6]]",0.835919635919636,0.7711318113103828,0.42857142857142855,0.9,0.0,1.0,1.0,0.36363636363636365
rf,P1,train,3,4,0.4444444444444444,0.5238095238095238,0.5882352941176471,0.34615384615384626,0.4986971812962222,0.09234619042773266,"[[4, 0, 3], [1, 0, 3], [0, 0, 6]]",0.8232822732822732,0.7757215007215006,0.5714285714285714,0.9,0.0,1.0,1.0,0.45454545454545453
lr,P1,train,4,0,0.5055555555555555,0.5166666666666666,0.5555555555555556,0.2941176470588235,0.626261046112975,0.32018136834055894,"[[6, 1, 1], [3, 1, 1], [1, 1, 3]]",0.7804487179487181,0.6587355699855699,0.75,0.6,0.2,0.8461538461538461,0.6,0.8461538461538461
svm_rbf,P1,train,4,0,0.4343434343434343,0.4916666666666667,0.5555555555555556,0.25,0.6397782270974791,0.2765821708966149,"[[7, 0, 1], [5, 0, 0], [2, 0, 3]]",0.7259615384615384,0.5881471306471306,0.875,0.3,0.0,1.0,0.6,0.9230769230769231
rf,P1,train,4,0,0.5233918128654971,0.625,0.6666666666666666,0.4626865671641791,0.5525898478933451,0.25526907228543005,"[[7, 0, 1], [4, 0, 1], [0, 0, 5]]",0.6830128205128205,0.5977133977133977,0.875,0.6,0.0,1.0,1.0,0.8461538461538461
lr,P1,train,4,1,0.5799663299663299,0.6095238095238095,0.6111111111111112,0.41666666666666663,0.7105919989730689,0.26881975185757767,"[[3, 2, 2], [1, 2, 2], [0, 0, 6]]",0.6484700484700485,0.545516983016983,0.42857142857142855,0.9090909090909091,0.4,0.8461538461538461,1.0,0.6666666666666666
svm_rbf,P1,train,4,1,0.6461538461538462,0.6571428571428571,0.6666666666666666,0.4976744186046512,0.5824921325286546,0.19601523078772504,"[[4, 3, 0], [2, 2, 1], [0, 0, 6]]",0.7708273208273209,0.6831583231583233,0.5714285714285714,0.8181818181818182,0.4,0.7692307692307693,1.0,0.9166666666666666
rf,P1,train,4,1,0.5106837606837606,0.5349206349206349,0.5555555555555556,0.323943661971831,0.5635101279611716,0.15679167614798775,"[[4, 2, 1], [1, 1, 3], [1, 0, 5]]",0.7068191068191068,0.6273579144167379,0.5714285714285714,0.8181818181818182,0.2,0.8461538461538461,0.8333333333333334,0.6666666666666666
lr,P1,train,4,2,0.44285714285714284,0.44285714285714284,0.4444444444444444,0.15887850467289721,0.8692876988655,0.38658507297326605,"[[3, 2, 2], [2, 2, 1], [2, 1, 3]]",0.6631183631183631,0.5582400315733649,0.42857142857142855,0.6363636363636364,0.4,0.7692307692307693,0.5,0.75
svm_rbf,P1,train,4,2,0.3682539682539683,0.41269841269841273,0.4444444444444444,0.1428571428571429,0.8251118661297394,0.37212539130400324,"[[4, 1, 2], [3, 0, 2], [1, 1, 4]]",0.6906907906907906,0.5744950419950419,0.5714285714285714,0.6363636363636364,0.0,0.8461538461538461,0.6666666666666666,0.6666666666666666
rf,P1,train,4,2,0.4579831932773109,0.4714285714285715,0.5,0.22115384615384626,0.5966031523116738,0.11488222894371589,"[[5, 0, 2], [3, 1, 1], [2, 1, 3]]",0.6478687978687979,0.5567581712819808,0.7142857142857143,0.5454545454545454,0.2,0.9230769230769231,0.5,0.75
lr,P1,train,4,3,0.6397435897435898,0.6547619047619048,0.7058823529411765,0.5355191256830601,0.5071626884801138,0.2498467548420828,"[[5, 0, 2], [1, 1, 2], [0, 0, 6]]",0.8477688977688977,0.7952200577200577,0.7142857142857143,0.9,0.25,1.0,1.0,0.6363636363636364
svm_rbf,P1,train,4,3,0.4444444444444444,0.5238095238095238,0.5882352941176471,0.34615384615384626,0.5862269139189412,0.30384040437270676,"[[4, 0, 3], [1, 0, 3], [0, 0, 6]]",0.786069486069486,0.7337140411720243,0.5714285714285714,0.9,0.0,1.0,1.0,0.45454545454545453
rf,P1,train,4,3,0.5908496732026144,0.6071428571428571,0.6470588235294118,0.44565217391304346,0.5196168168259258,0.20904895044097072,"[[4, 0, 3], [1, 1, 2], [0, 0, 6]]",0.7436341436341435,0.6814273689273689,0.5714285714285714,0.9,0.25,1.0,1.0,0.5454545454545454
lr,P1,train,4,4,0.5169340463458111,0.5555555555555555,0.6470588235294118,0.43646408839779005,0.602785944564364,0.31124838698631413,"[[7, 0, 0], [3, 0, 1], [0, 2, 4]]",0.7595959595959596,0.6416426166426166,1.0,0.7,0.0,0.8461538461538461,0.6666666666666666,0.9090909090909091
svm_rbf,P1,train,4,4,0.7326923076923076,0.75,0.8235294117647058,0.7166666666666666,0.3739469398888063,0.23023290484732833,"[[7, 0, 0], [2, 1, 1], [0, 0, 6]]",0.8174769674769675,0.7464474678760392,1.0,0.8,0.25,1.0,1.0,0.9090909090909091
rf,P1,train,4,4,0.734920634920635,0.7301587301587302,0.7647058823529411,0.6324324324324324,0.40006967464051263,0.17841639041645246,"[[6, 0, 1], [2, 2, 0], [0, 1, 5]]",0.8921744921744922,0.8354050711193569,0.8571428571428571,0.8,0.5,0.9230769230769231,0.8333333333333334,0.9090909090909091
lr,P2,train,0,0,0.48496732026143796,0.4749999999999999,0.5,0.21739130434782605,0.5831710355300974,0.200661313891737,"[[5, 3, 0], [3, 1, 1], [1, 1, 3]]",0.6673076923076923,0.5733978725522844,0.625,0.6,0.2,0.6923076923076923,0.6,0.9230769230769231
svm_rbf,P2,train,0,0,0.6613756613756613,0.6666666666666666,0.7222222222222222,0.5384615384615384,0.5487274665811119,0.3514774301060447,"[[8, 0, 0], [4, 1, 0], [1, 0, 4]]",0.7419871794871794,0.7106563575313576,1.0,0.5,0.2,1.0,0.8,1.0
rf,P2,train,0,0,0.5363636363636363,0.625,0.6666666666666666,0.4545454545454546,0.5799468275836959,0.24013153300201448,"[[7, 0, 1], [5, 0, 0], [0, 0, 5]]",0.7791666666666668,0.6782903439153438,0.875,0.5,0.0,1.0,1.0,0.9230769230769231
lr,P2,train,0,1,0.4625668449197861,0.46349206349206346,0.5,0.23584905660377364,0.597864897653389,0.023068927278292982,"[[6, 1, 0], [4, 1, 0], [0, 4, 2]]",0.70505513005513,0.6630033326461897,0.8571428571428571,0.6363636363636364,0.2,0.6153846153846154,0.3333333333333333,1.0
svm_rbf,P2,train,0,1,0.4898989898989899,0.5111111111111111,0.5555555555555556,0.28712871287128716,0.5892135834691985,0.2554197259729669,"[[7, 0, 0], [4, 1, 0], [4, 0, 2]]",0.7158175158175158,0.652597534740392,1.0,0.2727272727272727,0.2,1.0,0.3333333333333333,1.0
rf,P2,train,0,1,0.6204906204906204,0.6301587301587301,0.6666666666666666,0.4782608695652174,0.5897488843519407,0.29408187167658717,"[[6, 1, 0], [4, 1, 0], [1, 0, 5]]",0.7004958004958005,0.6233009054437626,0.8571428571428571,0.5454545454545454,0.2,0.9230769230769231,0.8333333333333334,1.0
lr,P2,train,0,2,0.4161793372319688,0.4587301587301587,0.4444444444444444,0.17050691244239635,0.76534156790218,0.32225571687705673,"[[1, 0, 6], [1, 2, 2], [0, 1, 5]]",0.5783596033596033,0.5047087210952758,0.14285714285714285,0.9090909090909091,0.4,0.9230769230769231,0.8333333333333334,0.3333333333333333
svm_rbf,P2,train,0,2,0.2309941520467836,0.3253968253968254,0.3333333333333333,-0.02369668246445511,0.7714463792977465,0.35726226641228775,"[[1, 0, 6], [3, 0, 2], [1, 0, 5]]",0.5545149295149295,0.47674548063203526,0.14285714285714285,0.6363636363636364,0.0,1.0,0.8333333333333334,0.3333333333333333
rf,P2,train,0,2,0.2309941520467836,0.3253968253968254,0.3333333333333333,-0.02369668246445511,0.7310342412255669,0.23672065922747523,"[[1, 0, 6], [3, 0, 2], [1, 0, 5]]",0.5451603951603953,0.522308115165258,0.14285714285714285,0.6363636363636364,0.0,1.0,0.8333333333333334,0.3333333333333333
lr,P2,train,0,3,0.36507936507936506,0.36507936507936506,0.4117647058823529,0.0957446808510638,0.6894945624231317,0.1302914270481607,"[[3, 3, 1], [3, 0, 1], [1, 1, 4]]",0.5127539127539128,0.43442820795761977,0.42857142857142855,0.6,0.0,0.6923076923076923,0.6666666666666666,0.8181818181818182
svm_rbf,P2,train,0,3,0.48803827751196166,0.5555555555555555,0.6470588235294118,0.41714285714285704,0.5992113318048017,0.17788409069457917,"[[7, 0, 0], [3, 0, 1], [2, 0, 4]]",0.6223332223332223,0.5360517387478172,1.0,0.5,0.0,1.0,0.6666666666666666,0.9090909090909091
rf,P2,train,0,3,0.4134615384615385,0.4603174603174603,0.5294117647058824,0.24444444444444424,0.6190009548978778,0.10319680167349338,"[[5, 1, 1], [2, 0, 2], [2, 0, 4]]",0.6265179265179265,0.5472067984147816,0.7142857142857143,0.6,0.0,0.9230769230769231,0.6666666666666666,0.7272727272727273
lr,P2,train,0,4,0.29523809523809524,0.32539682539682535,0.29411764705882354,0.0,0.7276063776619476,0.26262422553142667,"[[1, 4, 2], [2, 2, 0], [0, 4, 2]]",0.4914529914529915,0.3900797103353126,0.14285714285714285,0.8,0.5,0.38461538461538464,0.3333333333333333,0.8181818181818182
svm_rbf,P2,train,0,4,0.42755991285403044,0.43253968253968256,0.47058823529411764,0.17297297297297298,0.6377326971633808,0.09581581029201797,"[[5, 1, 1], [3, 1, 0], [2, 2, 2]]",0.6196858696858697,0.512888522412332,0.7142857142857143,0.5,0.25,0.7692307692307693,0.3333333333333333,0.9090909090909091
rf,P2,train,0,4,0.5333333333333333,0.5357142857142857,0.5882352941176471,0.338888888888889,0.5914309611034083,0.14154719891209483,"[[6, 0, 1], [3, 1, 0], [2, 1, 3]]",0.6983682983682984,0.5949703074703074,0.8571428571428571,0.5,0.25,0.9230769230769231,0.5,0.9090909090909091
lr,P2,train,1,0,0.546031746031746,0.5666666666666668,0.5555555555555556,0.33333333333333337,0.6310884401825692,0.20579328614377929,"[[4, 3, 1], [1, 2, 2], [1, 0, 4]]",0.6064102564102564,0.525544998982499,0.5,0.8,0.4,0.7692307692307693,0.8,0.7692307692307693
svm_rbf,P2,train,1,0,0.43274853801169594,0.5166666666666667,0.5555555555555556,0.28358208955223874,0.5911577351473036,0.11815032671535651,"[[6, 0, 2], [4, 0, 1], [1, 0, 4]]",0.7000000000000001,0.6010677720971839,0.75,0.5,0.0,1.0,0.8,0.7692307692307693
rf,P2,train,1,0,0.47863247863247865,0.5833333333333334,0.6111111111111112,0.38235294117647056,0.5713034517015643,0.14131270055897893,"[[6, 0, 2], [4, 0, 1], [0, 0, 5]]",0.7125,0.6041587089381206,0.75,0.6,0.0,1.0,1.0,0.7692307692307693
lr,P2,train,1,1,0.3636752136752137,0.37936507936507935,0.3888888888888889,0.08333333333333337,0.6500531667599687,0.2979779557228494,"[[4, 2, 1], [3, 2, 0], [1, 4, 1]]",0.6252266252266252,0.4560877212837997,0.5714285714285714,0.6363636363636364,0.4,0.5384615384615384,0.16666666666666666,0.9166666666666666
svm_rbf,P2,train,1,1,0.43274853801169594,0.5079365079365079,0.5555555555555556,0.2941176470588236,0.6243796495846007,0.2808397107868851,"[[6, 0, 1], [4, 0, 1], [2, 0, 4]]",0.6244348244348245,0.5175879442686165,0.8571428571428571,0.45454545454545453,0.0,1.0,0.6666666666666666,0.8333333333333334
rf,P2,train,1,1,0.47863247863247865,0.5634920634920635,0.6111111111111112,0.3853658536585366,0.6051332634531825,0.34486141039091744,"[[6, 0, 1], [4, 0, 1], [1, 0, 5]]",0.6606328856328857,0.5380980169845716,0.8571428571428571,0.5454545454545454,0.0,1.0,0.8333333333333334,0.8333333333333334
lr,P2,train,1,2,0.3852813852813853,0.38730158730158726,0.3888888888888889,0.07906976744186045,0.6553930761312277,0.20810441550540953,"[[3, 2, 2], [2, 2, 1], [2, 2, 2]]",0.6175259925259925,0.5283329055527934,0.42857142857142855,0.6363636363636364,0.4,0.6923076923076923,0.3333333333333333,0.75
svm_rbf,P2,train,1,2,0.38655462184873945,0.4603174603174603,0.5,0.21359223300970875,0.6195879352503362,0.12520272125130139,"[[5, 0, 2], [3, 0, 2], [2, 0, 4]]",0.6584887334887335,0.5435172670466788,0.7142857142857143,0.5454545454545454,0.0,1.0,0.6666666666666666,0.6666666666666666
rf,P2,train,1,2,0.3473389355742296,0.41269841269841273,0.4444444444444444,0.12621359223300976,0.6461611323558707,0.06734861569643441,"[[4, 0, 3], [4, 0, 1], [2, 0, 4]]",0.5715700965700966,0.49310110913052085,0.5714285714285714,0.45454545454545453,0.0,1.0,0.6666666666666666,0.6666666666666666
lr,P2,train,1,3,0.4463684463684463,0.44047619047619047,0.47058823529411764,0.1947368421052631,0.6665408058836284,0.11944528951432644,"[[4, 2, 1], [2, 1, 1], [1, 2, 3]]",0.5343933843933844,0.44836059002725664,0.5714285714285714,0.7,0.25,0.6923076923076923,0.5,0.8181818181818182
svm_rbf,P2,train,1,3,0.3829059829059829,0.41269841269841273,0.47058823529411764,0.16393442622950827,0.6599426559010356,0.16070882593201363,"[[4, 1, 2], [3, 0, 1], [1, 1, 4]]",0.5679098679098679,0.4718915343915344,0.5714285714285714,0.6,0.0,0.8461538461538461,0.6666666666666666,0.7272727272727273
rf,P2,train,1,3,0.4134615384615385,0.4603174603174603,0.5294117647058824,0.24444444444444424,0.6262057264440397,0.21997956046031525,"[[5, 0, 2], [3, 0, 1], [1, 1, 4]]",0.6204739704739705,0.5265989340569172,0.7142857142857143,0.6,0.0,0.9230769230769231,0.6666666666666666,0.7272727272727273
lr,P2,train,1,4,0.44230769230769235,0.44841269841269843,0.47058823529411764,0.19047619047619047,0.5603472600674098,0.20184637694946972,"[[3, 2, 2], [2, 1, 1], [1, 1, 4]]",0.7452047952047952,0.6565496232162898,0.42857142857142855,0.7,0.25,0.7692307692307693,0.6666666666666666,0.7272727272727273
svm_rbf,P2,train,1,4,0.6341880341880342,0.6468253968253969,0.7058823529411765,0.5355191256830601,0.5224490138674782,0.18618572061360386,"[[6, 0, 1], [2, 1, 1], [0, 1, 5]]",0.7691197691197691,0.742765439509137,0.8571428571428571,0.8,0.25,0.9230769230769231,0.8333333333333334,0.8181818181818182
rf,P2,train,1,4,0.5897435897435898,0.5992063492063492,0.6470588235294118,0.4545454545454546,0.5866825678270846,0.1935812239243395,"[[5, 1, 1], [1, 1, 2], [0, 1, 5]]",0.7489177489177489,0.6499999999999999,0.7142857142857143,0.9,0.25,0.8461538461538461,0.8333333333333334,0.7272727272727273
lr,P2,train,2,0,0.29004329004329005,0.30833333333333335,0.2777777777777778,-0.08333333333333326,0.7329268237437186,0.20077959020074448,"[[1, 5, 2], [3, 1, 1], [2, 0, 3]]",0.5217948717948717,0.482883066008066,0.125,0.5,0.2,0.6153846153846154,0.6,0.7692307692307693
svm_rbf,P2,train,2,0,0.3717948717948718,0.43333333333333335,0.4444444444444444,0.1428571428571429,0.6910513806992722,0.08279515584934469,"[[4, 2, 2], [3, 0, 2], [1, 0, 4]]",0.5419871794871796,0.5040701128936423,0.5,0.6,0.0,0.8461538461538461,0.8,0.6923076923076923
rf,P2,train,2,0,0.4134615384615385,0.47500000000000003,0.5,0.22857142857142865,0.6498626104009345,0.09389789345350207,"[[5, 2, 1], [2, 0, 3], [1, 0, 4]]",0.5605769230769231,0.4917219817219817,0.625,0.7,0.0,0.8461538461538461,0.8,0.6923076923076923
lr,P2,train,2,1,0.37407407407407406,0.3761904761904762,0.3888888888888889,0.0660377358490567,0.6983305414034551,0.2550308603154431,"[[3, 2, 2], [3, 1, 1], [2, 1, 3]]",0.627987752987753,0.4936520181758277,0.42857142857142855,0.5454545454545454,0.2,0.7692307692307693,0.5,0.75
svm_rbf,P2,train,2,1,0.4731020613373555,0.47936507936507927,0.5,0.21739130434782605,0.6475119756743121,0.14076729158849682,"[[4, 0, 3], [4, 1, 0], [2, 0, 4]]",0.6502016502016502,0.5926904836008479,0.5714285714285714,0.45454545454545453,0.2,1.0,0.6666666666666666,0.75
rf,P2,train,2,1,0.35327635327635326,0.41269841269841273,0.4444444444444444,0.12195121951219512,0.6532403487317163,0.12277541206583516,"[[4, 0, 3], [5, 0, 0], [2, 0, 4]]",0.6221306471306471,0.5295431420431421,0.5714285714285714,0.36363636363636365,0.0,1.0,0.6666666666666666,0.75
lr,P2,train,2,2,0.546031746031746,0.5682539682539682,0.5555555555555556,0.34545454545454546,0.6502941862726651,0.23167984916550363,"[[4, 2, 1], [0, 4, 1], [1, 3, 2]]",0.6094942094942095,0.5112192520105685,0.5714285714285714,0.9090909090909091,0.8,0.6153846153846154,0.3333333333333333,0.8333333333333334
svm_rbf,P2,train,2,2,0.49927849927849927,0.5190476190476191,0.5555555555555556,0.30434782608695654,0.5921371037225297,0.15885867656591307,"[[6, 0, 1], [3, 1, 1], [2, 1, 3]]",0.7314481814481816,0.5982995218289336,0.8571428571428571,0.5454545454545454,0.2,0.9230769230769231,0.5,0.8333333333333334
rf,P2,train,2,2,0.43274853801169594,0.5079365079365079,0.5555555555555556,0.2941176470588236,0.5923895320107991,0.1289640829509343,"[[6, 0, 1], [4, 0, 1], [2, 0, 4]]",0.7467698967698967,0.6303571428571428,0.8571428571428571,0.45454545454545453,0.0,1.0,0.6666666666666666,0.8333333333333334
lr,P2,train,2,3,0.44047619047619047,0.44841269841269843,0.47058823529411764,0.1947368421052631,0.5752534470076194,0.09767865387486742,"[[3, 2, 2], [1, 1, 2], [1, 1, 4]]",0.7561882561882561,0.6232924482924483,0.42857142857142855,0.8,0.25,0.7692307692307693,0.6666666666666666,0.6363636363636364
svm_rbf,P2,train,2,3,0.44642857142857145,0.5158730158730159,0.5882352941176471,0.3388888888888889,0.5280010200663119,0.13398933212762607,"[[5, 0, 2], [1, 0, 3], [1, 0, 5]]",0.7344211344211344,0.5947109988776655,0.7142857142857143,0.8,0.0,1.0,0.8333333333333334,0.5454545454545454
rf,P2,train,2,3,0.35555555555555557,0.41269841269841273,0.47058823529411764,0.14525139664804487,0.5997374002649025,0.36141718524792293,"[[4, 0, 3], [2, 0, 2], [2, 0, 4]]",0.6368797868797869,0.4884968245262362,0.5714285714285714,0.6,0.0,1.0,0.6666666666666666,0.5454545454545454
lr,P2,train,2,4,0.4598364598364599,0.4682539682539682,0.47058823529411764,0.21134020618556704,0.6370672629733025,0.08555548303931221,"[[4, 2, 1], [2, 2, 0], [1, 3, 2]]",0.6467143967143968,0.5219224558510273,0.5714285714285714,0.7,0.5,0.6153846153846154,0.3333333333333333,0.9090909090909091
svm_rbf,P2,train,2,4,0.41052631578947363,0.4523809523809524,0.5294117647058824,0.23163841807909602,0.6479455934831096,0.16495646859887347,"[[6, 0, 1], [4, 0, 0], [2, 1, 3]]",0.5487845487845487,0.4404363571380378,0.8571428571428571,0.4,0.0,0.9230769230769231,0.5,0.9090909090909091
rf,P2,train,2,4,0.4012066365007542,0.4603174603174603,0.5294117647058824,0.23163841807909602,0.6006631573911694,0.09415489802416727,"[[5, 0, 2], [3, 0, 1], [2, 0, 4]]",0.6403873903873903,0.5264942729228443,0.7142857142857143,0.5,0.0,1.0,0.6666666666666666,0.7272727272727273
lr,P2,train,3,0,0.3246753246753247,0.325,0.3333333333333333,0.0,0.6527889053402745,0.1070643520563309,"[[3, 3, 2], [2, 1, 2], [1, 2, 2]]",0.583974358974359,0.4748275335775336,0.375,0.7,0.2,0.6153846153846154,0.4,0.6923076923076923
svm_rbf,P2,train,3,0,0.49927849927849927,0.5166666666666666,0.5555555555555556,0.2941176470588235,0.6022097646112735,0.17451563979308363,"[[6, 0, 2], [3, 1, 1], [1, 1, 3]]",0.6352564102564103,0.5037367724867724,0.75,0.6,0.2,0.9230769230769231,0.6,0.7692307692307693
rf,P2,train,3,0,0.38181818181818183,0.45,0.5,0.18181818181818177,0.6050538309779591,0.06609328186745626,"[[6, 0, 2], [4, 0, 1], [2, 0, 3]]",0.6679487179487179,0.5675377373171492,0.75,0.4,0.0,1.0,0.6,0.7692307692307693
lr,P2,train,3,1,0.3511904761904762,0.4380952380952381,0.4444444444444444,0.16666666666666663,0.6044059154516046,0.28252238366841453,"[[5, 2, 0], [2, 3, 0], [2, 4, 0]]",0.7304834054834055,0.6724747474747473,0.7142857142857143,0.6363636363636364,0.6,0.5384615384615384,0.0,1.0
svm_rbf,P2,train,3,1,0.7178362573099415,0.7000000000000001,0.7222222222222222,0.5652173913043479,0.48706458396338664,0.3270402695727845,"[[7, 0, 0], [2, 3, 0], [3, 0, 3]]",0.9044233544233543,0.8677910052910053,1.0,0.5454545454545454,0.6,1.0,0.5,1.0
rf,P2,train,3,1,0.4343434343434343,0.5,0.5555555555555556,0.28358208955223885,0.5576936501717854,0.19086712592562072,"[[7, 0, 0], [5, 0, 0], [3, 0, 3]]",0.8967624967624968,0.828347190728143,1.0,0.2727272727272727,0.0,1.0,0.5,1.0
lr,P2,train,3,2,0.47500000000000003,0.5063492063492063,0.5,0.25688073394495414,0.6381518356156085,0.09808643634819324,"[[2, 2, 3], [1, 2, 2], [0, 1, 5]]",0.68493080993081,0.5715082531329029,0.2857142857142857,0.9090909090909091,0.4,0.7692307692307693,0.8333333333333334,0.5833333333333334
svm_rbf,P2,train,3,2,0.42735042735042733,0.5079365079365079,0.5555555555555556,0.29756097560975614,0.6281851994059265,0.20791024011797948,"[[6, 0, 1], [3, 0, 2], [2, 0, 4]]",0.6432715432715432,0.500321199964057,0.8571428571428571,0.5454545454545454,0.0,1.0,0.6666666666666666,0.75
rf,P2,train,3,2,0.47338935574229696,0.5634920634920635,0.6111111111111112,0.38834951456310685,0.6372730644842906,0.17220265595349984,"[[6, 0, 1], [3, 0, 2], [1, 0, 5]]",0.6357133607133608,0.5161585146879265,0.8571428571428571,0.6363636363636364,0.0,1.0,0.8333333333333334,0.75
lr,P2,train,3,3,0.3417249417249417,0.33730158730158727,0.35294117647058826,0.031088082901554404,0.7337192078299761,0.22664610344784558,"[[3, 1, 3], [3, 1, 0], [0, 4, 2]]",0.551104451104451,0.4176864801864802,0.42857142857142855,0.7,0.25,0.6153846153846154,0.3333333333333333,0.7272727272727273
svm_rbf,P2,train,3,3,0.4158730158730159,0.4682539682539682,0.5294117647058824,0.24861878453038655,0.6532975479081294,0.21324516096182342,"[[4, 0, 3], [4, 0, 0], [0, 1, 5]]",0.5566322566322566,0.5176431576904266,0.5714285714285714,0.6,0.0,0.9230769230769231,0.8333333333333334,0.7272727272727273
rf,P2,train,3,3,0.3619909502262444,0.41269841269841273,0.47058823529411764,0.13559322033898302,0.6498619356584335,0.12235836940610548,"[[4, 0, 3], [4, 0, 0], [2, 0, 4]]",0.6025752025752026,0.5742470492470493,0.5714285714285714,0.4,0.0,1.0,0.6666666666666666,0.7272727272727273
lr,P2,train,3,4,0.638095238095238,0.6706349206349206,0.6470588235294118,0.47959183673469374,0.5460405680738838,0.17609783627373465,"[[3, 2, 2], [0, 3, 1], [0, 1, 5]]",0.8028971028971029,0.7819755680049797,0.42857142857142855,1.0,0.75,0.7692307692307693,0.8333333333333334,0.7272727272727273
svm_rbf,P2,train,3,4,0.546031746031746,0.5515873015873015,0.5882352941176471,0.34615384615384626,0.5638049755068146,0.14930270794150088,"[[4, 0, 3], [2, 1, 1], [1, 0, 5]]",0.6721500721500723,0.5851270422698994,0.5714285714285714,0.7,0.25,1.0,0.8333333333333334,0.6363636363636364
rf,P2,train,3,4,0.546031746031746,0.5515873015873015,0.5882352941176471,0.34615384615384626,0.578679662950467,0.19970446677618342,"[[4, 0, 3], [2, 1, 1], [1, 0, 5]]",0.7274114774114774,0.6295742656036775,0.5714285714285714,0.7,0.25,1.0,0.8333333333333334,0.6363636363636364
lr,P2,train,4,0,0.3822434875066454,0.3833333333333333,0.4444444444444444,0.10447761194029848,0.6284717751901712,0.10371899867280343,"[[6, 2, 0], [4, 1, 0], [1, 3, 1]]",0.5958333333333333,0.5325688608776844,0.75,0.5,0.2,0.6153846153846154,0.2,1.0
svm_rbf,P2,train,4,0,0.37878787878787873,0.425,0.5,0.15625,0.6176734781514089,0.2600059165272229,"[[7, 1, 0], [4, 0, 1], [3, 0, 2]]",0.6141025641025641,0.5554160830999066,0.875,0.3,0.0,0.9230769230769231,0.4,0.9230769230769231
rf,P2,train,4,0,0.3923444976076555,0.45,0.5,0.19402985074626866,0.624385838705602,0.14820598149715747,"[[6, 1, 1], [3, 0, 2], [2, 0, 3]]",0.5413461538461539,0.5118758556258557,0.75,0.5,0.0,0.9230769230769231,0.6,0.7692307692307693
lr,P2,train,4,1,0.47407407407407404,0.47936507936507927,0.5,0.23584905660377364,0.5965977405722248,0.10105360405521599,"[[4, 2, 1], [3, 1, 1], [1, 1, 4]]",0.6587338587338587,0.583942252114521,0.5714285714285714,0.6363636363636364,0.2,0.7692307692307693,0.6666666666666666,0.8333333333333334
svm_rbf,P2,train,4,1,0.39031339031339035,0.4603174603174603,0.5,0.20975609756097569,0.6209927285263678,0.08202901481775772,"[[5, 0, 2], [4, 0, 1], [2, 0, 4]]",0.6384189884189885,0.549530932030932,0.7142857142857143,0.45454545454545453,0.0,1.0,0.6666666666666666,0.75
rf,P2,train,4,1,0.4341736694677871,0.5158730158730159,0.5555555555555556,0.30097087378640774,0.6143260834050441,0.18051960710704726,"[[5, 0, 2], [4, 0, 1], [1, 0, 5]]",0.6374218374218373,0.5317259498982189,0.7142857142857143,0.5454545454545454,0.0,1.0,0.8333333333333334,0.75
lr,P2,train,4,2,0.36565656565656574,0.3841269841269841,0.3888888888888889,0.08755760368663601,0.7478238450758455,0.26061985606068283,"[[2, 2, 3], [2, 1, 2], [0, 2, 4]]",0.5265086765086765,0.45220102855957195,0.2857142857142857,0.8181818181818182,0.2,0.6923076923076923,0.6666666666666666,0.5833333333333334
svm_rbf,P2,train,4,2,0.38888888888888884,0.4682539682539682,0.5,0.21739130434782605,0.7016873790859016,0.3021777424023742,"[[4, 0, 3], [4, 0, 1], [1, 0, 5]]",0.5577838827838827,0.4226003263258165,0.5714285714285714,0.5454545454545454,0.0,1.0,0.8333333333333334,0.6666666666666666
rf,P2,train,4,2,0.44642857142857145,0.5158730158730159,0.5555555555555556,0.3076923076923078,0.6768147912142664,0.38750762993450866,"[[5, 0, 2], [4, 0, 1], [0, 1, 5]]",0.5695757945757945,0.44886675208804067,0.7142857142857143,0.6363636363636364,0.0,0.9230769230769231,0.8333333333333334,0.75
lr,P2,train,4,3,0.425,0.45634920634920634,0.47058823529411764,0.203125,0.5760732092549293,0.1536261335011004,"[[2, 2, 3], [1, 1, 2], [0, 1, 5]]",0.7084915084915085,0.5900703463203463,0.2857142857142857,0.9,0.25,0.7692307692307693,0.8333333333333334,0.5454545454545454
svm_rbf,P2,train,4,3,0.4012066365007542,0.4682539682539682,0.5294117647058824,0.24861878453038666,0.5570570050151012,0.19132937623753007,"[[4, 0, 3], [1, 0, 3], [1, 0, 5]]",0.7150849150849151,0.6337308524808524,0.5714285714285714,0.8,0.0,1.0,0.8333333333333334,0.45454545454545453
rf,P2,train,4,3,0.440422322775264,0.5238095238095238,0.5882352941176471,0.3425414364640884,0.5759527488131149,0.14736616163498703,"[[4, 0, 3], [2, 0, 2], [0, 0, 6]]",0.7187756687756689,0.6034628951295619,0.5714285714285714,0.8,0.0,1.0,1.0,0.5454545454545454
lr,P2,train,4,4,0.34778554778554777,0.33730158730158727,0.35294117647058826,0.04102564102564099,0.6293702383012337,0.12785378672148032,"[[3, 3, 1], [2, 1, 1], [1, 3, 2]]",0.6351481851481852,0.5568190407476122,0.42857142857142855,0.7,0.25,0.5384615384615384,0.3333333333333333,0.8181818181818182
svm_rbf,P2,train,4,4,0.5499999999999999,0.5634920634920635,0.5882352941176471,0.3602150537634409,0.5716286876462707,0.08624823917702276,"[[6, 0, 1], [1, 2, 1], [2, 2, 2]]",0.7284049284049283,0.6277872260015117,0.8571428571428571,0.7,0.5,0.8461538461538461,0.3333333333333333,0.8181818181818182
rf,P2,train,4,4,0.404040404040404,0.4523809523809524,0.5294117647058824,0.2359550561797753,0.6020720878050928,0.2559088225926291,"[[6, 0, 1], [3, 0, 1], [2, 1, 3]]",0.7470584970584971,0.679660753190165,0.8571428571428571,0.5,0.0,0.9230769230769231,0.5,0.8181818181818182
lr,P3,train,0,0,0.2611111111111111,0.2583333333333333,0.2777777777777778,-0.1470588235294119,1.239670661912172,0.6802387602333457,"[[3, 3, 2], [4, 1, 0], [3, 1, 1]]",0.49102564102564106,0.4027724508606861,0.375,0.3,0.2,0.6923076923076923,0.2,0.8461538461538461
svm_rbf,P3,train,0,0,0.2814814814814815,0.3,0.3333333333333333,-0.09090909090909083,0.9700461629452063,0.5108227136481506,"[[4, 2, 2], [5, 0, 0], [3, 0, 2]]",0.6538461538461539,0.531057776646012,0.5,0.2,0.0,0.8461538461538461,0.4,0.8461538461538461
rf,P3,train,0,0,0.40401002506265665,0.4083333333333334,0.4444444444444444,0.10447761194029859,0.6689268351066812,0.2998995461737284,"[[5, 1, 2], [3, 1, 1], [3, 0, 2]]",0.6304487179487179,0.5084546444840563,0.625,0.4,0.2,0.9230769230769231,0.4,0.7692307692307693
lr,P3,train,0,1,0.35725677830940983,0.4047619047619048,0.4444444444444444,0.12195121951219512,0.9645421996027568,0.5298260677500187,"[[5, 1, 1], [4, 0, 1], [3, 0, 3]]",0.5942594442594443,0.4574981103552533,0.7142857142857143,0.36363636363636365,0.0,0.9230769230769231,0.5,0.8333333333333334
svm_rbf,P3,train,0,1,0.3421052631578947,0.4047619047619048,0.4444444444444444,0.11764705882352944,0.7752888896979703,0.377017051700654,"[[5, 0, 2], [4, 0, 1], [3, 0, 3]]",0.6661893661893662,0.5514032264032264,0.7142857142857143,0.36363636363636365,0.0,1.0,0.5,0.75
rf,P3,train,0,1,0.3301282051282051,0.36507936507936506,0.3888888888888889,0.05263157894736836,0.6265816195746547,0.2887710504993196,"[[3, 2, 2], [4, 0, 1], [2, 0, 4]]",0.6286611536611537,0.5634239834239834,0.42857142857142855,0.45454545454545453,0.0,0.8461538461538461,0.6666666666666666,0.75
lr,P3,train,0,2,0.4158730158730159,0.4396825396825397,0.4444444444444444,0.16666666666666663,0.8159989448826628,0.410320136809358,"[[2, 3, 2], [3, 1, 1], [0, 1, 5]]",0.7250370000370001,0.6358249158249158,0.2857142857142857,0.7272727272727273,0.2,0.6923076923076923,0.8333333333333334,0.75
svm_rbf,P3,train,0,2,0.4444444444444444,0.49523809523809526,0.5,0.2429906542056075,0.7101543204843713,0.33828136386488655,"[[2, 2, 3], [3, 1, 1], [0, 0, 6]]",0.7687608687608688,0.6721325499896929,0.2857142857142857,0.7272727272727273,0.2,0.8461538461538461,1.0,0.6666666666666666
rf,P3,train,0,2,0.3416666666666666,0.42063492063492064,0.4444444444444444,0.13461538461538458,0.5915493137674026,0.13407633677326658,"[[3, 0, 4], [4, 0, 1], [1, 0, 5]]",0.7322224072224072,0.6422568118156353,0.42857142857142855,0.5454545454545454,0.0,1.0,0.8333333333333334,0.5833333333333334
lr,P3,train,0,3,0.39999999999999997,0.39285714285714285,0.4117647058823529,0.12371134020618557,0.9097613176497992,0.42787177179390895,"[[3, 3, 1], [1, 1, 2], [1, 2, 3]]",0.6312520812520812,0.5848773140439807,0.42857142857142855,0.8,0.25,0.6153846153846154,0.5,0.7272727272727273
svm_rbf,P3,train,0,3,0.734920634920635,0.7380952380952381,0.7647058823529411,0.6382978723404256,0.46191843157972035,0.22099694857148344,"[[5, 1, 1], [0, 2, 2], [0, 0, 6]]",0.768908868908869,0.6932850918145036,0.7142857142857143,1.0,0.5,0.9230769230769231,1.0,0.7272727272727273
rf,P3,train,0,3,0.6857142857142856,0.7023809523809524,0.7647058823529411,0.6263736263736264,0.44804767298623294,0.3087462496800985,"[[6, 0, 1], [1, 1, 2], [0, 0, 6]]",0.8104839604839604,0.7323157040594014,0.8571428571428571,0.9,0.25,1.0,1.0,0.7272727272727273
lr,P3,train,0,4,0.2901960784313726,0.30158730158730157,0.35294117647058826,-0.021857923497267784,0.8517488676314499,0.4606369484979058,"[[4, 2, 1], [3, 0, 1], [3, 1, 2]]",0.5585692085692086,0.4643999518999518,0.5714285714285714,0.4,0.0,0.7692307692307693,0.3333333333333333,0.8181818181818182
svm_rbf,P3,train,0,4,0.34432234432234426,0.35714285714285715,0.4117647058823529,0.08602150537634412,0.810794529937709,0.3856561046415376,"[[4, 1, 2], [2, 0, 2], [1, 2, 3]]",0.6152125652125652,0.49651446437160723,0.5714285714285714,0.7,0.0,0.7692307692307693,0.5,0.6363636363636364
rf,P3,train,0,4,0.5714285714285715,0.5714285714285715,0.5882352941176471,0.3670212765957447,0.5820352701610194,0.15769427091638724,"[[5, 0, 2], [1, 2, 1], [1, 2, 3]]",0.6851537351537352,0.6132446257446258,0.7142857142857143,0.8,0.5,0.8461538461538461,0.5,0.7272727272727273
lr,P3,train,1,0,0.7427637721755369,0.7583333333333333,0.7777777777777778,0.6521739130434783,0.46028458744871703,0.2613854487626508,"[[7, 0, 1], [2, 2, 1], [0, 0, 5]]",0.7907051282051283,0.7388329263329263,0.875,0.8,0.4,1.0,1.0,0.8461538461538461
svm_rbf,P3,train,1,0,0.6481481481481483,0.6916666666666668,0.7222222222222222,0.5588235294117647,0.4791409309488941,0.1842225229271484,"[[7, 0, 1], [3, 1, 1], [0, 0, 5]]",0.8762820512820513,0.8357043650793651,0.875,0.7,0.2,1.0,1.0,0.8461538461538461
rf,P3,train,1,0,0.6481481481481483,0.6916666666666668,0.7222222222222222,0.5588235294117647,0.46230358833318114,0.1741448897492345,"[[7, 0, 1], [3, 1, 1], [0, 0, 5]]",0.8250000000000001,0.7490376984126984,0.875,0.7,0.2,1.0,1.0,0.8461538461538461
lr,P3,train,1,1,0.3206349206349206,0.3206349206349206,0.3333333333333333,-0.009345794392523255,1.047779715113922,0.5498286112080815,"[[3, 2, 2], [2, 1, 2], [2, 2, 2]]",0.5544918044918045,0.4820809909045203,0.42857142857142855,0.6363636363636364,0.2,0.6923076923076923,0.3333333333333333,0.6666666666666666
svm_rbf,P3,train,1,1,0.37051282051282053,0.3761904761904762,0.3888888888888889,0.06161137440758291,0.8829602259406945,0.45436402748897264,"[[3, 1, 3], [3, 1, 1], [2, 1, 3]]",0.5984533984533984,0.5328988549576784,0.42857142857142855,0.5454545454545454,0.2,0.8461538461538461,0.5,0.6666666666666666
rf,P3,train,1,1,0.5427350427350427,0.5539682539682539,0.5555555555555556,0.323943661971831,0.5948517044883622,0.33388071361207305,"[[3, 1, 3], [2, 2, 1], [1, 0, 5]]",0.6412124912124911,0.5899648009942128,0.42857142857142855,0.7272727272727273,0.4,0.9230769230769231,0.8333333333333334,0.6666666666666666
lr,P3,train,1,2,0.3238095238095238,0.36507936507936506,0.3888888888888889,0.05714285714285727,0.8734007945993745,0.4278693776668586,"[[3, 1, 3], [4, 0, 1], [1, 1, 4]]",0.6361795611795612,0.5583489168783287,0.42857142857142855,0.5454545454545454,0.0,0.8461538461538461,0.6666666666666666,0.6666666666666666
svm_rbf,P3,train,1,2,0.559981684981685,0.5825396825396826,0.6111111111111112,0.3971291866028708,0.6592362353161003,0.29674894757523107,"[[5, 1, 1], [3, 1, 1], [1, 0, 5]]",0.7198061198061199,0.6248376623376624,0.7142857142857143,0.6363636363636364,0.2,0.9230769230769231,0.8333333333333334,0.8333333333333334
rf,P3,train,1,2,0.6111111111111112,0.6301587301587301,0.6666666666666666,0.4757281553398057,0.5639951327459243,0.23500314743422798,"[[6, 0, 1], [4, 1, 0], [1, 0, 5]]",0.7043586043586044,0.6732864754293325,0.8571428571428571,0.5454545454545454,0.2,1.0,0.8333333333333334,0.9166666666666666
lr,P3,train,1,3,0.4962962962962963,0.503968253968254,0.5294117647058824,0.2989690721649485,0.7269061217106133,0.3379910800753155,"[[3, 3, 1], [0, 1, 3], [0, 1, 5]]",0.6732212232212232,0.5607173509134294,0.42857142857142855,1.0,0.25,0.6923076923076923,0.8333333333333334,0.6363636363636364
svm_rbf,P3,train,1,3,0.631054131054131,0.626984126984127,0.6470588235294118,0.46875,0.6464587372474015,0.359429690753139,"[[5, 1, 1], [0, 2, 2], [0, 2, 4]]",0.6844988344988344,0.5805465957426742,0.7142857142857143,1.0,0.5,0.7692307692307693,0.6666666666666666,0.7272727272727273
rf,P3,train,1,3,0.4761904761904761,0.5079365079365079,0.5882352941176471,0.3532608695652174,0.5247849222482815,0.21922291727710552,"[[6, 0, 1], [1, 0, 3], [0, 2, 4]]",0.7097735597735598,0.6186735922030039,0.8571428571428571,0.9,0.0,0.8461538461538461,0.6666666666666666,0.6363636363636364
lr,P3,train,1,4,0.44230769230769235,0.44841269841269843,0.47058823529411764,0.19047619047619047,0.6296558092083637,0.3488687708898202,"[[3, 2, 2], [2, 1, 1], [1, 1, 4]]",0.7958041958041958,0.6700597022025594,0.42857142857142855,0.7,0.25,0.7692307692307693,0.6666666666666666,0.7272727272727273
svm_rbf,P3,train,1,4,0.5384615384615384,0.5515873015873015,0.5882352941176471,0.3567567567567568,0.5565386426018362,0.2526656248286586,"[[4, 1, 2], [1, 1, 2], [1, 0, 5]]",0.8115329115329115,0.7346028310314026,0.5714285714285714,0.8,0.25,0.9230769230769231,0.8333333333333334,0.6363636363636364
rf,P3,train,1,4,0.5352941176470588,0.5595238095238095,0.5882352941176471,0.3532608695652173,0.4893300036970208,0.22486761504429376,"[[3, 0, 4], [2, 1, 1], [0, 0, 6]]",0.7872571872571873,0.7302437641723357,0.42857142857142855,0.8,0.25,1.0,1.0,0.5454545454545454
lr,P3,train,2,0,0.4317460317460317,0.4583333333333333,0.4444444444444444,0.16666666666666663,0.8225436173103131,0.41713205019235317,"[[3, 4, 1], [2, 1, 2], [1, 0, 4]]",0.6423076923076924,0.5571657509157509,0.375,0.7,0.2,0.6923076923076923,0.8,0.7692307692307693
svm_rbf,P3,train,2,0,0.4444444444444444,0.5166666666666667,0.5555555555555556,0.2941176470588235,0.6489810888181906,0.33715899193888166,"[[6, 1, 1], [3, 0, 2], [1, 0, 4]]",0.7096153846153846,0.6195589133089133,0.75,0.6,0.0,0.9230769230769231,0.8,0.7692307692307693
rf,P3,train,2,0,0.5925925925925926,0.625,0.6666666666666666,0.47058823529411764,0.5498314096297634,0.12642386110342785,"[[7, 0, 1], [2, 1, 2], [1, 0, 4]]",0.689102564102564,0.6311121286121286,0.875,0.7,0.2,1.0,0.8,0.7692307692307693
lr,P3,train,2,1,0.32051282051282054,0.35714285714285715,0.3888888888888889,0.05263157894736836,0.9648552213582273,0.4717873711015819,"[[4, 1, 2], [3, 0, 2], [2, 1, 3]]",0.5717754467754469,0.4744604904899023,0.5714285714285714,0.5454545454545454,0.0,0.8461538461538461,0.5,0.6666666666666666
svm_rbf,P3,train,2,1,0.39031339031339035,0.4603174603174603,0.5,0.20975609756097569,0.7590896617683207,0.3703699228965667,"[[5, 0, 2], [4, 0, 1], [2, 0, 4]]",0.6516668516668517,0.5863173746577108,0.7142857142857143,0.45454545454545453,0.0,1.0,0.6666666666666666,0.75
rf,P3,train,2,1,0.46349206349206346,0.47936507936507927,0.5,0.22857142857142865,0.6584287431970621,0.1590671618467406,"[[4, 0, 3], [3, 1, 1], [1, 1, 4]]",0.591125541125541,0.4733717732107088,0.5714285714285714,0.6363636363636364,0.2,0.9230769230769231,0.6666666666666666,0.6666666666666666
lr,P3,train,2,2,0.5370370370370371,0.5539682539682539,0.5555555555555556,0.3302325581395348,0.6871621249547074,0.35779120813255816,"[[3, 1, 3], [2, 2, 1], [0, 1, 5]]",0.7745781995781996,0.6901955226535058,0.42857142857142855,0.8181818181818182,0.4,0.8461538461538461,0.8333333333333334,0.6666666666666666
svm_rbf,P3,train,2,2,0.6476190476190476,0.6571428571428571,0.6666666666666666,0.48815165876777245,0.4814898983524092,0.2539810722744001,"[[4, 0, 3], [3, 2, 0], [0, 0, 6]]",0.8881747881747882,0.8612698412698411,0.5714285714285714,0.7272727272727273,0.4,1.0,1.0,0.75
rf,P3,train,2,2,0.5515873015873015,0.5904761904761905,0.6111111111111112,0.4,0.466133977024646,0.15442406694577407,"[[4, 0, 3], [3, 1, 1], [0, 0, 6]]",0.8413873163873165,0.7905801209372637,0.5714285714285714,0.7272727272727273,0.2,1.0,1.0,0.6666666666666666
lr,P3,train,2,3,0.7501165501165502,0.7738095238095237,0.7647058823529411,0.6512820512820513,0.3873995028760431,0.12960694005046305,"[[4, 3, 0], [0, 3, 1], [0, 0, 6]]",0.8558330558330559,0.7949181809475926,0.5714285714285714,1.0,0.75,0.7692307692307693,1.0,0.9090909090909091
svm_rbf,P3,train,2,3,0.6370370370370371,0.626984126984127,0.6470588235294118,0.46031746031746035,0.38306468838844887,0.2662210160684416,"[[5, 2, 0], [2, 2, 0], [1, 1, 4]]",0.9055722055722056,0.8603363567649281,0.7142857142857143,0.7,0.5,0.7692307692307693,0.6666666666666666,1.0
rf,P3,train,2,3,0.7316526610644258,0.7222222222222222,0.7647058823529411,0.6284153005464481,0.45253913617189256,0.212431443440887,"[[7, 0, 0], [2, 2, 0], [1, 1, 4]]",0.8500999000999001,0.7876606198034769,1.0,0.7,0.5,0.9230769230769231,0.6666666666666666,1.0
lr,P3,train,2,4,0.4913165266106443,0.48809523809523814,0.5294117647058824,0.2568306010928961,0.7605065973604126,0.34965161596464966,"[[5, 2, 0], [2, 1, 1], [3, 0, 3]]",0.6938117438117438,0.5900704052664837,0.7142857142857143,0.5,0.25,0.8461538461538461,0.5,0.9090909090909091
svm_rbf,P3,train,2,4,0.7362637362637363,0.7301587301587302,0.7647058823529411,0.6363636363636364,0.3905179906316146,0.06797550494954704,"[[6, 0, 1], [0, 2, 2], [0, 1, 5]]",0.8706127206127205,0.8365867928367928,0.8571428571428571,1.0,0.5,0.9230769230769231,0.8333333333333334,0.7272727272727273
rf,P3,train,2,4,0.5384615384615384,0.5515873015873015,0.5882352941176471,0.3567567567567568,0.47509257244944686,0.23361200922140468,"[[4, 1, 2], [1, 1, 2], [1, 0, 5]]",0.8101731601731602,0.7708554381348499,0.5714285714285714,0.8,0.25,0.9230769230769231,0.8333333333333334,0.6363636363636364
lr,P3,train,3,0,0.35714285714285715,0.3666666666666667,0.3888888888888889,0.08333333333333337,0.8235863165202475,0.4744094271201035,"[[4, 3, 1], [2, 0, 3], [0, 2, 3]]",0.6583333333333333,0.5802254200048318,0.5,0.8,0.0,0.6153846153846154,0.6,0.6923076923076923
svm_rbf,P3,train,3,0,0.5444444444444444,0.5583333333333332,0.6111111111111112,0.36363636363636365,0.5746778258959869,0.27779967199287525,"[[7, 0, 1], [3, 1, 1], [2, 0, 3]]",0.7826923076923077,0.6769942067736184,0.875,0.5,0.2,1.0,0.6,0.8461538461538461
rf,P3,train,3,0,0.6420311714429361,0.6916666666666668,0.7222222222222222,0.5652173913043479,0.5450700720176058,0.26500840357459937,"[[7, 0, 1], [2, 1, 2], [0, 0, 5]]",0.7631410256410257,0.6558823529411764,0.875,0.8,0.2,1.0,1.0,0.7692307692307693
lr,P3,train,3,1,0.5555555555555555,0.5746031746031747,0.6111111111111112,0.4,0.6130685162303189,0.2821098509027441,"[[6, 1, 0], [2, 1, 2], [1, 1, 4]]",0.8293993043993044,0.7577633477633476,0.8571428571428571,0.7272727272727273,0.2,0.8461538461538461,0.6666666666666666,0.8333333333333334
svm_rbf,P3,train,3,1,0.5057644110275689,0.5190476190476191,0.5555555555555556,0.30097087378640774,0.6848440555593497,0.34899041006813136,"[[6, 1, 0], [3, 1, 1], [3, 0, 3]]",0.7946645946645946,0.7070695970695969,0.8571428571428571,0.45454545454545453,0.2,0.9230769230769231,0.5,0.9166666666666666
rf,P3,train,3,1,0.5907491201608849,0.6222222222222222,0.6666666666666666,0.4782608695652174,0.47618639185861045,0.21256680997164354,"[[7, 0, 0], [1, 1, 3], [2, 0, 4]]",0.8092823842823842,0.7476827625637149,1.0,0.7272727272727273,0.2,1.0,0.6666666666666666,0.75
lr,P3,train,3,2,0.5218360071301248,0.526984126984127,0.5555555555555556,0.3110047846889952,0.6839018231886113,0.3495481014842747,"[[5, 2, 0], [3, 1, 1], [2, 0, 4]]",0.7314953564953565,0.6207886068180186,0.7142857142857143,0.5454545454545454,0.2,0.8461538461538461,0.6666666666666666,0.9166666666666666
svm_rbf,P3,train,3,2,0.6443850267379679,0.6412698412698412,0.6666666666666666,0.4832535885167464,0.48949744176231746,0.2601662110794498,"[[6, 1, 0], [2, 2, 1], [2, 0, 4]]",0.7805148555148554,0.7305184894470608,0.8571428571428571,0.6363636363636364,0.4,0.9230769230769231,0.6666666666666666,0.9166666666666666
rf,P3,train,3,2,0.6481481481481483,0.6492063492063492,0.6666666666666666,0.49056603773584906,0.5389907485555698,0.12775250142418043,"[[5, 2, 0], [2, 2, 1], [1, 0, 5]]",0.7177415177415177,0.6531802620037914,0.7142857142857143,0.7272727272727273,0.4,0.8461538461538461,0.8333333333333334,0.9166666666666666
lr,P3,train,3,3,0.347985347985348,0.36507936507936506,0.4117647058823529,0.08602150537634412,1.0180044161049346,0.5385040482333316,"[[3, 1, 3], [4, 0, 0], [0, 2, 4]]",0.5677766677766678,0.43974636863292327,0.42857142857142855,0.6,0.0,0.7692307692307693,0.6666666666666666,0.7272727272727273
svm_rbf,P3,train,3,3,0.38095238095238093,0.42063492063492064,0.47058823529411764,0.1684782608695653,0.8251769391037229,0.39461585547123323,"[[3, 1, 3], [4, 0, 0], [0, 1, 5]]",0.6753135753135752,0.5267576377870494,0.42857142857142855,0.6,0.0,0.8461538461538461,0.8333333333333334,0.7272727272727273
rf,P3,train,3,3,0.36274509803921573,0.42063492063492064,0.47058823529411764,0.16847826086956508,0.6617315255194859,0.25486371038452316,"[[3, 0, 4], [2, 0, 2], [0, 1, 5]]",0.6402763902763903,0.5286604456597453,0.42857142857142855,0.8,0.0,0.9230769230769231,0.8333333333333334,0.45454545454545453
lr,P3,train,3,4,0.4284016636957813,0.45634920634920634,0.47058823529411764,0.18181818181818177,0.986465068083505,0.49408432782253275,"[[2, 1, 4], [1, 1, 2], [1, 0, 5]]",0.7447052947052947,0.622250566893424,0.2857142857142857,0.8,0.25,0.9230769230769231,0.8333333333333334,0.45454545454545453
svm_rbf,P3,train,3,4,0.49551282051282053,0.503968253968254,0.5294117647058824,0.25683060109289624,0.6471812112950814,0.3209361136976818,"[[3, 0, 4], [2, 1, 1], [1, 0, 5]]",0.7803418803418803,0.6938595135023706,0.42857142857142855,0.7,0.25,1.0,0.8333333333333334,0.5454545454545454
rf,P3,train,3,4,0.4861111111111111,0.503968253968254,0.5294117647058824,0.26881720430107525,0.49228406040717365,0.2318359265497705,"[[3, 1, 3], [1, 1, 2], [1, 0, 5]]",0.8403651903651904,0.7822570947570947,0.42857142857142855,0.8,0.25,0.9230769230769231,0.8333333333333334,0.5454545454545454
lr,P3,train,4,0,0.2962962962962963,0.35833333333333334,0.4444444444444444,0.07692307692307687,0.8460421284295784,0.4201641702916534,"[[7, 0, 1], [3, 0, 2], [3, 1, 1]]",0.6711538461538461,0.5225303808392043,0.875,0.4,0.0,0.9230769230769231,0.2,0.7692307692307693
svm_rbf,P3,train,4,0,0.39999999999999997,0.45,0.5,0.18181818181818177,0.7887616321657156,0.29036982440328046,"[[6, 1, 1], [4, 0, 1], [2, 0, 3]]",0.6266025641025641,0.46410980223480225,0.75,0.4,0.0,0.9230769230769231,0.6,0.8461538461538461
rf,P3,train,4,0,0.4529505582137161,0.5166666666666667,0.5555555555555556,0.28358208955223874,0.5973483760343502,0.08535389068277949,"[[6, 1, 1], [4, 0, 1], [1, 0, 4]]",0.6679487179487179,0.5866006188800307,0.75,0.5,0.0,0.9230769230769231,0.8,0.8461538461538461
lr,P3,train,4,1,0.35714285714285715,0.41269841269841273,0.4444444444444444,0.1346153846153847,0.9088782675067727,0.3958016514930751,"[[4, 1, 2], [3, 0, 2], [2, 0, 4]]",0.6566997816997818,0.5897052154195012,0.5714285714285714,0.5454545454545454,0.0,0.9230769230769231,0.6666666666666666,0.6666666666666666
svm_rbf,P3,train,4,1,0.5515334338863751,0.5746031746031747,0.6111111111111112,0.3913043478260869,0.634784687291541,0.3427295502352263,"[[6, 0, 1], [2, 1, 2], [2, 0, 4]]",0.7178044178044178,0.6669913419913419,0.8571428571428571,0.6363636363636364,0.2,1.0,0.6666666666666666,0.75
rf,P3,train,4,1,0.6031746031746031,0.6015873015873016,0.6111111111111112,0.40284360189573454,0.5798489329331226,0.2457758229654167,"[[4, 0, 3], [2, 2, 1], [1, 0, 5]]",0.6839715839715841,0.5958881330309902,0.5714285714285714,0.7272727272727273,0.4,1.0,0.8333333333333334,0.6666666666666666
lr,P3,train,4,2,0.4225589225589226,0.4238095238095238,0.4444444444444444,0.14691943127962082,1.0062164212971103,0.5112162306620962,"[[4, 2, 1], [3, 1, 1], [2, 1, 3]]",0.5921855921855922,0.4538429075333837,0.5714285714285714,0.5454545454545454,0.2,0.7692307692307693,0.5,0.8333333333333334
svm_rbf,P3,train,4,2,0.3611111111111111,0.3682539682539682,0.3888888888888889,0.05714285714285727,1.0193109378465155,0.5033086644213614,"[[4, 1, 2], [2, 1, 2], [3, 1, 2]]",0.5754958004958005,0.4716045809673261,0.5714285714285714,0.5454545454545454,0.2,0.8461538461538461,0.3333333333333333,0.6666666666666666
rf,P3,train,4,2,0.5086996336996337,0.526984126984127,0.5555555555555556,0.3110047846889952,0.6047362247740433,0.1797935935033355,"[[5, 1, 1], [2, 1, 2], [2, 0, 4]]",0.6556249306249305,0.608812738770722,0.7142857142857143,0.6363636363636364,0.2,0.9230769230769231,0.6666666666666666,0.75
lr,P3,train,4,3,0.6397435897435898,0.6547619047619048,0.7058823529411765,0.5355191256830601,0.571019053054917,0.27598168817745133,"[[5, 0, 2], [1, 1, 2], [0, 0, 6]]",0.7673382173382173,0.7136190418928514,0.7142857142857143,0.9,0.25,1.0,1.0,0.6363636363636364
svm_rbf,P3,train,4,3,0.5908496732026144,0.6071428571428571,0.6470588235294118,0.44565217391304346,0.5582307811965641,0.27623634257258256,"[[4, 0, 3], [1, 1, 2], [0, 0, 6]]",0.8306582306582305,0.7881263616557734,0.5714285714285714,0.9,0.25,1.0,1.0,0.5454545454545454
rf,P3,train,4,3,0.5884615384615385,0.6071428571428571,0.6470588235294118,0.4426229508196722,0.5104751662527599,0.14570518867587579,"[[4, 0, 3], [2, 1, 1], [0, 0, 6]]",0.7185703185703186,0.6539588057445199,0.5714285714285714,0.8,0.25,1.0,1.0,0.6363636363636364
lr,P3,train,4,4,0.5109557109557109,0.5158730158730159,0.5294117647058824,0.3025641025641026,0.5932295413675363,0.2839680438907397,"[[5, 1, 1], [1, 2, 1], [0, 4, 2]]",0.7535686535686535,0.6711199294532627,0.7142857142857143,0.9,0.5,0.6153846153846154,0.3333333333333333,0.8181818181818182
svm_rbf,P3,train,4,4,0.6,0.5912698412698413,0.6470588235294118,0.4516129032258065,0.5177469070120913,0.2382330292820241,"[[6, 1, 0], [3, 1, 0], [0, 2, 4]]",0.7882450882450881,0.6917111878421401,0.8571428571428571,0.7,0.25,0.7692307692307693,0.6666666666666666,1.0
rf,P3,train,4,4,0.5016835016835017,0.5555555555555555,0.6470588235294118,0.4269662921348315,0.49902992344601266,0.20465802226413768,"[[7, 0, 0], [3, 0, 1], [1, 1, 4]]",0.7863081363081363,0.6994911212348187,1.0,0.6,0.0,0.9230769230769231,0.6666666666666666,0.9090909090909091
lr,P4,train,0,0,0.1574074074074074,0.15,0.16666666666666666,-0.32352941176470607,1.2474663046967573,0.6291477902452769,"[[2, 4, 2], [5, 0, 0], [3, 1, 1]]",0.34551282051282045,0.3572526173445291,0.25,0.2,0.0,0.6153846153846154,0.2,0.8461538461538461
svm_rbf,P4,train,0,0,0.253411306042885,0.25833333333333336,0.2777777777777778,-0.16417910447761197,1.124257151111354,0.6101784691265371,"[[3, 3, 2], [5, 0, 0], [3, 0, 2]]",0.4019230769230769,0.345692280214339,0.375,0.2,0.0,0.7692307692307693,0.4,0.8461538461538461
rf,P4,train,0,0,0.2594268476621418,0.3,0.3333333333333333,-0.04347826086956519,0.6617927024277933,0.20988935960462363,"[[4, 1, 3], [2, 0, 3], [3, 0, 2]]",0.6067307692307692,0.4743134588722824,0.5,0.5,0.0,0.9230769230769231,0.4,0.5384615384615384
lr,P4,train,0,1,0.3703703703703704,0.4444444444444444,0.5,0.20197044334975378,0.6592927011897886,0.2736941790565199,"[[7, 0, 0], [4, 0, 1], [3, 1, 2]]",0.737953712953713,0.6082497132497132,1.0,0.36363636363636365,0.0,0.9230769230769231,0.3333333333333333,0.9166666666666666
svm_rbf,P4,train,0,1,0.35725677830940983,0.4047619047619048,0.4444444444444444,0.12195121951219512,0.7214740512242837,0.33437730248823816,"[[5, 0, 2], [5, 0, 0], [2, 1, 3]]",0.721903096903097,0.5784509444803563,0.7142857142857143,0.36363636363636365,0.0,0.9230769230769231,0.5,0.8333333333333334
rf,P4,train,0,1,0.3148148148148148,0.35714285714285715,0.3888888888888889,0.03883495145631055,0.6438894524618853,0.22371021368305624,"[[4, 1, 2], [4, 0, 1], [3, 0, 3]]",0.6228993228993228,0.553236714266126,0.5714285714285714,0.36363636363636365,0.0,0.9230769230769231,0.5,0.75
lr,P4,train,0,2,0.2717948717948718,0.28095238095238095,0.2777777777777778,-0.08837209302325566,0.8717834910085316,0.3813793665867794,"[[1, 3, 3], [3, 1, 1], [2, 1, 3]]",0.4933547933547933,0.4146045131339249,0.14285714285714285,0.5454545454545454,0.2,0.6923076923076923,0.5,0.6666666666666666
svm_rbf,P4,train,0,2,0.4061355311355312,0.4396825396825397,0.4444444444444444,0.15094339622641517,0.7375931675603715,0.30946919246267657,"[[2, 1, 4], [3, 1, 1], [1, 0, 5]]",0.6337172087172087,0.5300193941860608,0.2857142857142857,0.6363636363636364,0.2,0.9230769230769231,0.8333333333333334,0.5833333333333334
rf,P4,train,0,2,0.19999999999999998,0.3333333333333333,0.3333333333333333,-0.018867924528301883,0.6542511405912261,0.19777084242983214,"[[0, 0, 7], [4, 0, 1], [0, 0, 6]]",0.6602601102601102,0.5455862259433687,0.0,0.6363636363636364,0.0,1.0,1.0,0.3333333333333333
lr,P4,train,0,3,0.2965034965034965,0.32539682539682535,0.29411764705882354,-0.014925373134328401,0.8211040057706768,0.41528818511837784,"[[1, 6, 0], [0, 2, 2], [3, 1, 2]]",0.6202408702408703,0.5554316054316054,0.14285714285714285,0.7,0.5,0.46153846153846156,0.3333333333333333,0.8181818181818182
svm_rbf,P4,train,0,3,0.4696969696969697,0.4761904761904762,0.47058823529411764,0.2233502538071067,0.5267206879420211,0.3146991797578288,"[[3, 3, 1], [0, 2, 2], [1, 2, 3]]",0.7941558441558442,0.7466657570824237,0.42857142857142855,0.9,0.5,0.6153846153846154,0.5,0.7272727272727273
rf,P4,train,0,3,0.5467948717948717,0.5436507936507936,0.5882352941176471,0.3388888888888888,0.5213990282806461,0.1639419788353795,"[[5, 0, 2], [2, 1, 1], [2, 0, 4]]",0.7751082251082252,0.6683942380370952,0.7142857142857143,0.6,0.25,1.0,0.6666666666666666,0.7272727272727273
lr,P4,train,0,4,0.325,0.30952380952380953,0.35294117647058826,-0.005376344086021501,0.9677023397702949,0.49292153911744785,"[[3, 4, 0], [3, 0, 1], [3, 0, 3]]",0.5888722388722388,0.528699695366362,0.42857142857142855,0.4,0.0,0.6923076923076923,0.5,0.9090909090909091
svm_rbf,P4,train,0,4,0.27705627705627706,0.2619047619047619,0.29411764705882354,-0.0736842105263158,0.9569188072333636,0.48718427132371,"[[2, 4, 1], [3, 0, 1], [2, 1, 3]]",0.5442834942834943,0.49239103048626864,0.2857142857142857,0.5,0.0,0.6153846153846154,0.5,0.8181818181818182
rf,P4,train,0,4,0.4962962962962963,0.48809523809523814,0.5294117647058824,0.28042328042328035,0.6020075824485482,0.06806760778387233,"[[5, 2, 0], [2, 1, 1], [1, 2, 3]]",0.618120768120768,0.5263034804701471,0.7142857142857143,0.7,0.25,0.6923076923076923,0.5,0.9090909090909091
lr,P4,train,1,0,0.39999999999999997,0.45,0.5,0.18181818181818177,0.7144346968830148,0.27123836429381226,"[[6, 0, 2], [5, 0, 0], [1, 1, 3]]",0.6676282051282051,0.5493931388600507,0.75,0.4,0.0,0.9230769230769231,0.6,0.8461538461538461
svm_rbf,P4,train,1,0,0.2878787878787879,0.3416666666666666,0.3888888888888889,0.0,0.8212129949444855,0.4299957164423542,"[[5, 0, 3], [4, 0, 1], [3, 0, 2]]",0.6080128205128205,0.4775965877804113,0.625,0.3,0.0,1.0,0.4,0.6923076923076923
rf,P4,train,1,0,0.4415954415954417,0.5416666666666666,0.5555555555555556,0.2941176470588235,0.5645660295092733,0.058052152692465185,"[[5, 0, 3], [5, 0, 0], [0, 0, 5]]",0.7560897435897437,0.6555556453350571,0.625,0.5,0.0,1.0,1.0,0.7692307692307693
lr,P4,train,1,1,0.4329004329004329,0.43492063492063493,0.4444444444444444,0.16279069767441867,0.8943890808836756,0.3099103401432711,"[[4, 2, 1], [1, 2, 2], [2, 2, 2]]",0.5401996151996151,0.46824383288669,0.5714285714285714,0.7272727272727273,0.4,0.6923076923076923,0.3333333333333333,0.75
svm_rbf,P4,train,1,1,0.3808922558922559,0.3761904761904762,0.3888888888888889,0.06161137440758291,0.8625444850914944,0.4397218344901993,"[[3, 2, 2], [4, 1, 0], [2, 1, 3]]",0.5307174307174307,0.45266531087959655,0.42857142857142855,0.45454545454545453,0.2,0.7692307692307693,0.5,0.8333333333333334
rf,P4,train,1,1,0.42536630036630035,0.4317460317460317,0.4444444444444444,0.13875598086124397,0.6230087380782112,0.16492503015568186,"[[3, 1, 3], [4, 1, 0], [2, 0, 4]]",0.6213638213638214,0.5519273754567872,0.42857142857142855,0.45454545454545453,0.2,0.9230769230769231,0.6666666666666666,0.75
lr,P4,train,1,2,0.4484848484848485,0.44285714285714284,0.4444444444444444,0.15492957746478864,0.7401415837606579,0.29642815520896015,"[[3, 2, 2], [3, 2, 0], [2, 1, 3]]",0.6291504791504793,0.5179164089878375,0.42857142857142855,0.5454545454545454,0.4,0.7692307692307693,0.5,0.8333333333333334
svm_rbf,P4,train,1,2,0.468367889420521,0.4714285714285715,0.5,0.20975609756097569,0.6676684016531323,0.2607583312249379,"[[5, 0, 2], [4, 1, 0], [3, 0, 3]]",0.7378491878491878,0.6454827486550175,0.7142857142857143,0.36363636363636365,0.2,1.0,0.5,0.8333333333333334
rf,P4,train,1,2,0.5111111111111111,0.5349206349206349,0.5555555555555556,0.3110047846889952,0.5522333805764619,0.2019103563452747,"[[4, 0, 3], [3, 1, 1], [1, 0, 5]]",0.7233359233359233,0.6805495430495431,0.5714285714285714,0.6363636363636364,0.2,1.0,0.8333333333333334,0.6666666666666666
lr,P4,train,1,3,0.5238095238095238,0.5317460317460317,0.5294117647058824,0.28421052631578947,0.6566377239879938,0.25568514971140666,"[[3, 2, 2], [0, 2, 2], [2, 0, 4]]",0.6911699411699411,0.6467569467569466,0.42857142857142855,0.8,0.5,0.8461538461538461,0.6666666666666666,0.6363636363636364
svm_rbf,P4,train,1,3,0.4148148148148148,0.42063492063492064,0.4117647058823529,0.10052910052910047,0.658884212451917,0.36406030010803964,"[[3, 3, 1], [1, 2, 1], [4, 0, 2]]",0.6557165057165057,0.6003858614152732,0.42857142857142855,0.5,0.5,0.7692307692307693,0.3333333333333333,0.8181818181818182
rf,P4,train,1,3,0.5860805860805861,0.5912698412698413,0.6470588235294118,0.4516129032258065,0.571509212551396,0.30286428175322205,"[[6, 0, 1], [1, 1, 2], [0, 2, 4]]",0.6946220446220446,0.6491807834244808,0.8571428571428571,0.9,0.25,0.8461538461538461,0.6666666666666666,0.7272727272727273
lr,P4,train,1,4,0.42676767676767674,0.45634920634920634,0.47058823529411764,0.19895287958115193,0.6413032915427744,0.2842208169826813,"[[2, 2, 3], [2, 1, 1], [0, 1, 5]]",0.7404151404151404,0.6293052406147644,0.2857142857142857,0.8,0.25,0.7692307692307693,0.8333333333333334,0.6363636363636364
svm_rbf,P4,train,1,4,0.4871794871794872,0.503968253968254,0.5294117647058824,0.2727272727272727,0.6463971375274864,0.2184498287580568,"[[3, 2, 2], [2, 1, 1], [1, 0, 5]]",0.6883505383505383,0.6119127565556137,0.42857142857142855,0.7,0.25,0.8461538461538461,0.8333333333333334,0.7272727272727273
rf,P4,train,1,4,0.4871794871794872,0.503968253968254,0.5294117647058824,0.26486486486486494,0.5240658606071246,0.24418544183426588,"[[3, 1, 3], [2, 1, 1], [1, 0, 5]]",0.7543123543123542,0.6427441936370507,0.42857142857142855,0.7,0.25,0.9230769230769231,0.8333333333333334,0.6363636363636364
lr,P4,train,2,0,0.5722222222222223,0.5833333333333334,0.6111111111111112,0.38235294117647056,0.5735523131987993,0.22328700257771894,"[[6, 2, 0], [3, 1, 1], [1, 0, 4]]",0.7442307692307691,0.6945883745883745,0.75,0.6,0.2,0.8461538461538461,0.8,0.9230769230769231
svm_rbf,P4,train,2,0,0.49170437405731526,0.5833333333333334,0.6111111111111112,0.3913043478260869,0.6241835997917029,0.19509387541274817,"[[6, 1, 1], [3, 0, 2], [0, 0, 5]]",0.7544871794871796,0.6124358974358974,0.75,0.7,0.0,0.9230769230769231,1.0,0.7692307692307693
rf,P4,train,2,0,0.6408730158730158,0.6916666666666668,0.7222222222222222,0.5714285714285714,0.5676520702038609,0.2317318749288892,"[[7, 0, 1], [1, 1, 3], [0, 0, 5]]",0.6923076923076922,0.5880501443001442,0.875,0.9,0.2,1.0,1.0,0.6923076923076923
lr,P4,train,2,1,0.46349206349206346,0.47936507936507927,0.5,0.22857142857142865,0.7325044748382142,0.3822432333172834,"[[4, 1, 2], [2, 1, 2], [2, 0, 4]]",0.6315499315499316,0.5315602024285497,0.5714285714285714,0.6363636363636364,0.2,0.9230769230769231,0.6666666666666666,0.6666666666666666
svm_rbf,P4,train,2,1,0.5111111111111111,0.5349206349206349,0.5555555555555556,0.3110047846889952,0.7453214817788489,0.37701702174648255,"[[4, 0, 3], [3, 1, 1], [1, 0, 5]]",0.6231601731601731,0.5249917475407672,0.5714285714285714,0.6363636363636364,0.2,1.0,0.8333333333333334,0.6666666666666666
rf,P4,train,2,1,0.38888888888888884,0.4682539682539682,0.5,0.21739130434782605,0.6048953760902461,0.2000484561522231,"[[4, 0, 3], [4, 0, 1], [1, 0, 5]]",0.6640276390276391,0.5989783893355322,0.5714285714285714,0.5454545454545454,0.0,1.0,0.8333333333333334,0.6666666666666666
lr,P4,train,2,2,0.6178266178266179,0.6126984126984126,0.6111111111111112,0.4084507042253521,0.5867610402919978,0.26593830332878055,"[[4, 0, 3], [2, 3, 0], [1, 1, 4]]",0.7998159248159249,0.6953306878306877,0.5714285714285714,0.7272727272727273,0.6,0.9230769230769231,0.6666666666666666,0.75
svm_rbf,P4,train,2,2,0.6507936507936508,0.6492063492063492,0.6666666666666666,0.48571428571428577,0.5604020218805004,0.3226146046187066,"[[5, 0, 2], [2, 2, 1], [1, 0, 5]]",0.781106856106856,0.7163129898424015,0.7142857142857143,0.7272727272727273,0.4,1.0,0.8333333333333334,0.75
rf,P4,train,2,2,0.5111111111111111,0.5349206349206349,0.5555555555555556,0.3110047846889952,0.5725244840923417,0.1702089304123462,"[[4, 0, 3], [3, 1, 1], [1, 0, 5]]",0.7676212676212676,0.7308703025369692,0.5714285714285714,0.6363636363636364,0.2,1.0,0.8333333333333334,0.6666666666666666
lr,P4,train,2,3,0.7008547008547009,0.7103174603174603,0.7058823529411765,0.5549738219895288,0.5011685083609018,0.22648518858990846,"[[5, 0, 2], [1, 3, 0], [0, 2, 4]]",0.8253413253413253,0.703303728898967,0.7142857142857143,0.9,0.75,0.8461538461538461,0.6666666666666666,0.8181818181818182
svm_rbf,P4,train,2,3,0.638095238095238,0.6547619047619048,0.6470588235294118,0.46875,0.46877391630713416,0.1327960427618839,"[[5, 1, 1], [1, 3, 0], [1, 2, 3]]",0.8362248862248863,0.7911911060720586,0.7142857142857143,0.8,0.75,0.7692307692307693,0.5,0.9090909090909091
rf,P4,train,2,3,0.6241830065359477,0.6190476190476191,0.6470588235294118,0.4486486486486486,0.5003846320543153,0.14145038081028274,"[[6, 1, 0], [2, 2, 0], [2, 1, 3]]",0.8021090021090022,0.769490231990232,0.8571428571428571,0.6,0.5,0.8461538461538461,0.5,1.0
lr,P4,train,2,4,0.4871794871794872,0.5119047619047619,0.47058823529411764,0.2031249999999999,0.7803433631076832,0.3339172388721737,"[[2, 2, 3], [0, 3, 1], [3, 0, 3]]",0.6625152625152625,0.5501072819700271,0.2857142857142857,0.7,0.75,0.8461538461538461,0.5,0.6363636363636364
svm_rbf,P4,train,2,4,0.5262626262626262,0.5238095238095238,0.5294117647058824,0.2727272727272727,0.6611116493343364,0.2492176837951715,"[[4, 2, 1], [1, 2, 1], [3, 0, 3]]",0.7147741147741148,0.6672214910310149,0.5714285714285714,0.6,0.5,0.8461538461538461,0.5,0.8181818181818182
rf,P4,train,2,4,0.5936507936507937,0.5992063492063492,0.6470588235294118,0.43646408839778994,0.5725434858727565,0.19113708771743154,"[[5, 0, 2], [2, 1, 1], [1, 0, 5]]",0.6735930735930736,0.6127267573696145,0.7142857142857143,0.7,0.25,1.0,0.8333333333333334,0.7272727272727273
lr,P4,train,3,0,0.4324009324009324,0.4583333333333333,0.4444444444444444,0.18918918918918926,0.8462838151868302,0.31416087570530393,"[[3, 4, 1], [1, 1, 3], [0, 1, 4]]",0.6060897435897435,0.5135961669049905,0.375,0.9,0.2,0.6153846153846154,0.8,0.6923076923076923
svm_rbf,P4,train,3,0,0.3595959595959595,0.3666666666666667,0.3888888888888889,0.07042253521126751,0.8304958714224345,0.3191376482949727,"[[4, 3, 1], [3, 0, 2], [0, 2, 3]]",0.5474358974358974,0.5071463871096223,0.5,0.7,0.0,0.6153846153846154,0.6,0.7692307692307693
rf,P4,train,3,0,0.4685185185185185,0.4749999999999999,0.5,0.2058823529411764,0.603823278570966,0.13276000375062252,"[[5, 2, 1], [3, 1, 1], [2, 0, 3]]",0.6131410256410257,0.5768987493987494,0.625,0.5,0.2,0.8461538461538461,0.6,0.8461538461538461
lr,P4,train,3,1,0.6426536426536426,0.6492063492063492,0.6666666666666666,0.49295774647887325,0.5633768900420769,0.2882221041114205,"[[5, 1, 1], [2, 2, 1], [0, 1, 5]]",0.7700207200207201,0.6877834467120181,0.7142857142857143,0.8181818181818182,0.4,0.8461538461538461,0.8333333333333334,0.8333333333333334
svm_rbf,P4,train,3,1,0.5555555555555555,0.5825396825396826,0.6111111111111112,0.4,0.5109041344507392,0.30208349815624586,"[[5, 1, 1], [2, 1, 2], [1, 0, 5]]",0.7893384393384393,0.7206048581048581,0.7142857142857143,0.7272727272727273,0.2,0.9230769230769231,0.8333333333333334,0.75
rf,P4,train,3,1,0.5555555555555555,0.5825396825396826,0.6111111111111112,0.4,0.48382651466904153,0.1670748619464226,"[[5, 1, 1], [2, 1, 2], [1, 0, 5]]",0.8403522403522404,0.7566364323507181,0.7142857142857143,0.7272727272727273,0.2,0.9230769230769231,0.8333333333333334,0.75
lr,P4,train,3,2,0.4968734968734969,0.5063492063492063,0.5,0.2429906542056075,0.6599332262188624,0.32537055145130606,"[[2, 0, 5], [1, 2, 2], [1, 0, 5]]",0.7122960372960373,0.6228219399647971,0.2857142857142857,0.8181818181818182,0.4,1.0,0.8333333333333334,0.4166666666666667
svm_rbf,P4,train,3,2,0.4982905982905983,0.4984126984126984,0.5,0.23943661971830987,0.6002161478179605,0.34728015532285816,"[[3, 1, 3], [1, 2, 2], [2, 0, 4]]",0.7197663447663448,0.6669974866403438,0.42857142857142855,0.7272727272727273,0.4,0.9230769230769231,0.6666666666666666,0.5833333333333334
rf,P4,train,3,2,0.6507936507936508,0.6492063492063492,0.6666666666666666,0.48571428571428577,0.6265604615019086,0.3055583816663379,"[[5, 0, 2], [2, 2, 1], [1, 0, 5]]",0.6316526066526067,0.5482849249515916,0.7142857142857143,0.7272727272727273,0.4,1.0,0.8333333333333334,0.75
lr,P4,train,3,3,0.4148148148148148,0.42063492063492064,0.4117647058823529,0.10052910052910047,0.7017025062605233,0.23556132190636825,"[[3, 2, 2], [2, 2, 0], [3, 1, 2]]",0.6327727827727828,0.5465705810943906,0.42857142857142855,0.5,0.5,0.7692307692307693,0.3333333333333333,0.8181818181818182
svm_rbf,P4,train,3,3,0.546031746031746,0.5515873015873015,0.5882352941176471,0.34615384615384626,0.7013753557451841,0.30677155507515985,"[[4, 0, 3], [2, 1, 1], [1, 0, 5]]",0.666000666000666,0.5744338223504891,0.5714285714285714,0.7,0.25,1.0,0.8333333333333334,0.6363636363636364
rf,P4,train,3,3,0.44273504273504277,0.44841269841269843,0.47058823529411764,0.17297297297297298,0.6829873436591397,0.12756820226697316,"[[3, 0, 4], [2, 1, 1], [1, 1, 4]]",0.5637140637140637,0.47809670876897764,0.42857142857142855,0.7,0.25,0.9230769230769231,0.6666666666666666,0.5454545454545454
lr,P4,train,3,4,0.4432234432234432,0.44841269841269843,0.47058823529411764,0.17741935483870974,0.7292154228692157,0.3995469638492786,"[[3, 2, 2], [2, 1, 1], [2, 0, 4]]",0.7632312132312132,0.683875868399678,0.42857142857142855,0.6,0.25,0.8461538461538461,0.6666666666666666,0.7272727272727273
svm_rbf,P4,train,3,4,0.4158730158730159,0.4682539682539682,0.5294117647058824,0.24861878453038655,0.6859047840840553,0.2890558733396696,"[[4, 1, 2], [3, 0, 1], [1, 0, 5]]",0.7303973803973803,0.6144306090734662,0.5714285714285714,0.6,0.0,0.9230769230769231,0.8333333333333334,0.7272727272727273
rf,P4,train,3,4,0.39999999999999997,0.4682539682539682,0.5294117647058824,0.24022346368715097,0.5042613201732076,0.23780930417540502,"[[4, 0, 3], [3, 0, 1], [1, 0, 5]]",0.7705350205350205,0.6786117982546553,0.5714285714285714,0.6,0.0,1.0,0.8333333333333334,0.6363636363636364
lr,P4,train,4,0,0.3481481481481481,0.3833333333333333,0.4444444444444444,0.09090909090909094,0.7323356207105053,0.29889043735252885,"[[6, 1, 1], [4, 0, 1], [2, 1, 2]]",0.5804487179487179,0.5170807406101523,0.75,0.4,0.0,0.8461538461538461,0.4,0.8461538461538461
svm_rbf,P4,train,4,0,0.3253968253968254,0.3416666666666666,0.3888888888888889,-0.015384615384615552,0.9326119968623368,0.41790417095736765,"[[5, 2, 1], [5, 0, 0], [3, 0, 2]]",0.4971153846153846,0.4408169608169608,0.625,0.2,0.0,0.8461538461538461,0.4,0.9230769230769231
rf,P4,train,4,0,0.48888888888888893,0.5583333333333333,0.6111111111111112,0.3538461538461539,0.6414147815150987,0.1639470524991525,"[[7, 0, 1], [5, 0, 0], [1, 0, 4]]",0.6294871794871795,0.4845545630839749,0.875,0.4,0.0,1.0,0.8,0.9230769230769231
lr,P4,train,4,1,0.4594017094017094,0.48730158730158735,0.5,0.23943661971830987,0.8650266242222386,0.33292644425928286,"[[3, 2, 2], [2, 1, 2], [1, 0, 5]]",0.5550930550930552,0.4652144191009737,0.42857142857142855,0.7272727272727273,0.2,0.8461538461538461,0.8333333333333334,0.6666666666666666
svm_rbf,P4,train,4,1,0.4682539682539682,0.47936507936507927,0.5,0.22115384615384626,0.7530362958768618,0.19073710471956762,"[[4, 0, 3], [3, 1, 1], [2, 0, 4]]",0.6031459281459282,0.5113104526970073,0.5714285714285714,0.5454545454545454,0.2,1.0,0.6666666666666666,0.6666666666666666
rf,P4,train,4,1,0.5111111111111111,0.4984126984126984,0.5,0.23222748815165872,0.6323498376166611,0.1813445809597605,"[[3, 0, 4], [2, 2, 1], [2, 0, 4]]",0.6494024494024494,0.5636146481384577,0.42857142857142855,0.6363636363636364,0.4,1.0,0.6666666666666666,0.5833333333333334
lr,P4,train,4,2,0.3333333333333333,0.35714285714285715,0.3888888888888889,0.05714285714285727,0.8447946643542585,0.42579161036689506,"[[4, 2, 1], [3, 0, 2], [2, 1, 3]]",0.6377381877381877,0.514862320219463,0.5714285714285714,0.5454545454545454,0.0,0.7692307692307693,0.5,0.75
svm_rbf,P4,train,4,2,0.28654970760233917,0.34920634920634924,0.3888888888888889,0.02941176470588236,0.8245997545067305,0.43149652036179187,"[[5, 0, 2], [3, 0, 2], [4, 0, 2]]",0.6000444000444,0.5159218377845829,0.7142857142857143,0.36363636363636365,0.0,1.0,0.3333333333333333,0.6666666666666666
rf,P4,train,4,2,0.3228021978021978,0.3206349206349206,0.3333333333333333,-0.03349282296650724,0.689018940462395,0.25492450697028873,"[[3, 1, 3], [2, 1, 2], [4, 0, 2]]",0.5637112887112887,0.5336084488185328,0.42857142857142855,0.45454545454545453,0.2,0.9230769230769231,0.3333333333333333,0.5833333333333334
lr,P4,train,4,3,0.4171122994652407,0.4761904761904762,0.5294117647058824,0.2727272727272727,0.5397728582682446,0.17367272266173842,"[[3, 2, 2], [1, 0, 3], [0, 0, 6]]",0.8206682206682206,0.673007548007548,0.42857142857142855,0.9,0.0,0.8461538461538461,1.0,0.5454545454545454
svm_rbf,P4,train,4,3,0.3434343434343434,0.42857142857142855,0.47058823529411764,0.17297297297297298,0.6731075408118916,0.3355273856362911,"[[2, 1, 4], [2, 0, 2], [0, 0, 6]]",0.7798479298479298,0.6692580567580567,0.2857142857142857,0.8,0.0,0.9230769230769231,1.0,0.45454545454545453
rf,P4,train,4,3,0.5282234105763517,0.5595238095238095,0.5882352941176471,0.36363636363636365,0.5545022975263492,0.19447534856702284,"[[3, 1, 3], [1, 1, 2], [0, 0, 6]]",0.7535298035298036,0.6934674122174123,0.42857142857142855,0.9,0.25,0.9230769230769231,1.0,0.5454545454545454
lr,P4,train,4,4,0.5384615384615384,0.5515873015873015,0.5882352941176471,0.36363636363636365,0.55013740845356,0.19757859930800245,"[[4, 2, 1], [1, 1, 2], [1, 0, 5]]",0.7433455433455434,0.6676827801827802,0.5714285714285714,0.8,0.25,0.8461538461538461,0.8333333333333334,0.7272727272727273
svm_rbf,P4,train,4,4,0.5043290043290044,0.49603174603174605,0.5294117647058824,0.26086956521739135,0.6480869885110289,0.31410039919260313,"[[4, 2, 1], [3, 1, 0], [2, 0, 4]]",0.6721278721278722,0.637706429373096,0.5714285714285714,0.5,0.25,0.8461538461538461,0.6666666666666666,0.9090909090909091
rf,P4,train,4,4,0.6396825396825397,0.6468253968253969,0.7058823529411765,0.5405405405405406,0.5415112609801085,0.22482408831168346,"[[6, 1, 0], [2, 1, 1], [0, 1, 5]]",0.751925851925852,0.7093442932728647,0.8571428571428571,0.8,0.25,0.8461538461538461,0.8333333333333334,0.9090909090909091
lr,P6,train,0,0,0.3333333333333333,0.3416666666666666,0.3888888888888889,0.0,1.145265749503447,0.5649517802310743,"[[5, 2, 1], [5, 0, 0], [2, 1, 2]]",0.557051282051282,0.4265971848140966,0.625,0.3,0.0,0.7692307692307693,0.4,0.9230769230769231
svm_rbf,P6,train,0,0,0.38888888888888884,0.4083333333333334,0.4444444444444444,0.09090909090909094,0.8323335185684817,0.37511495683848317,"[[5, 2, 1], [5, 0, 0], [2, 0, 3]]",0.6788461538461538,0.5503769841269841,0.625,0.3,0.0,0.8461538461538461,0.6,0.9230769230769231
rf,P6,train,0,0,0.2966507177033493,0.3416666666666666,0.3888888888888889,0.01492537313432829,0.630754046297803,0.2085937039815383,"[[5, 1, 2], [3, 0, 2], [3, 0, 2]]",0.6708333333333334,0.5409181994476112,0.625,0.4,0.0,0.9230769230769231,0.4,0.6923076923076923
lr,P6,train,0,1,0.38181818181818183,0.4523809523809524,0.5,0.20197044334975378,0.9440767266694482,0.4814349100244134,"[[6, 0, 1], [4, 0, 1], [3, 0, 3]]",0.6735495985495986,0.5285714285714286,0.8571428571428571,0.36363636363636365,0.0,1.0,0.5,0.8333333333333334
svm_rbf,P6,train,0,1,0.3421052631578947,0.4047619047619048,0.4444444444444444,0.11764705882352944,0.7675732566227575,0.418199388483512,"[[5, 0, 2], [4, 0, 1], [3, 0, 3]]",0.7762487512487511,0.675389517889518,0.7142857142857143,0.36363636363636365,0.0,1.0,0.5,0.75
rf,P6,train,0,1,0.4047619047619048,0.4682539682539682,0.5,0.22115384615384626,0.6193851193562904,0.21336863313292512,"[[4, 1, 2], [4, 0, 1], [1, 0, 5]]",0.6595654345654346,0.6016285962714534,0.5714285714285714,0.5454545454545454,0.0,0.9230769230769231,0.8333333333333334,0.75
lr,P6,train,0,2,0.4551282051282051,0.5238095238095238,0.5555555555555556,0.3207547169811321,0.680901367182122,0.3103632136632415,"[[4, 2, 1], [2, 0, 3], [0, 0, 6]]",0.8059255559255559,0.7071957671957673,0.5714285714285714,0.8181818181818182,0.0,0.8461538461538461,1.0,0.6666666666666666
svm_rbf,P6,train,0,2,0.5193602693602694,0.5619047619047619,0.5555555555555556,0.33333333333333337,0.7070609714055095,0.32152041924921887,"[[2, 2, 3], [2, 2, 1], [0, 0, 6]]",0.7749185999186,0.709798666941524,0.2857142857142857,0.8181818181818182,0.4,0.8461538461538461,1.0,0.6666666666666666
rf,P6,train,0,2,0.37606837606837606,0.4761904761904762,0.5,0.22857142857142865,0.6116786518679327,0.18941046062290737,"[[3, 0, 4], [3, 0, 2], [0, 0, 6]]",0.7341214341214343,0.625549657573467,0.42857142857142855,0.7272727272727273,0.0,1.0,1.0,0.5
lr,P6,train,0,3,0.4090909090909091,0.42063492063492064,0.4117647058823529,0.13265306122448983,0.91706052468148,0.45604548106588844,"[[3, 3, 1], [0, 2, 2], [2, 2, 2]]",0.6863303363303362,0.6138307459736031,0.42857142857142855,0.8,0.5,0.6153846153846154,0.3333333333333333,0.7272727272727273
svm_rbf,P6,train,0,3,0.6286676286676287,0.6349206349206349,0.6470588235294118,0.47150259067357503,0.442472043042891,0.2509052604722831,"[[4, 2, 1], [0, 2, 2], [0, 1, 5]]",0.8180708180708182,0.7486111111111112,0.5714285714285714,1.0,0.5,0.7692307692307693,0.8333333333333334,0.7272727272727273
rf,P6,train,0,3,0.6857142857142856,0.7023809523809524,0.7647058823529411,0.6263736263736264,0.4445594603604195,0.2546799950585833,"[[6, 0, 1], [1, 1, 2], [0, 0, 6]]",0.7954378954378954,0.7315253238047356,0.8571428571428571,0.9,0.25,1.0,1.0,0.7272727272727273
lr,P6,train,0,4,0.45751633986928103,0.5079365079365079,0.5882352941176471,0.33519553072625696,0.7782489950255906,0.42391788853719414,"[[6, 0, 1], [3, 0, 1], [1, 1, 4]]",0.5926906426906426,0.5010893207321779,0.8571428571428571,0.6,0.0,0.9230769230769231,0.6666666666666666,0.8181818181818182
svm_rbf,P6,train,0,4,0.4603174603174603,0.5158730158730159,0.5882352941176471,0.34615384615384626,0.7124557404359398,0.33973789187820047,"[[5, 0, 2], [2, 0, 2], [0, 1, 5]]",0.6313575313575314,0.48137887633685955,0.7142857142857143,0.8,0.0,0.9230769230769231,0.8333333333333334,0.6363636363636364
rf,P6,train,0,4,0.5256410256410257,0.5238095238095238,0.5294117647058824,0.28042328042328035,0.5870992203311628,0.1663422740051487,"[[4, 0, 3], [1, 2, 1], [1, 2, 3]]",0.6608724608724609,0.5444449289687384,0.5714285714285714,0.8,0.5,0.8461538461538461,0.5,0.6363636363636364
lr,P6,train,1,0,0.5527544351073762,0.5833333333333334,0.6111111111111112,0.3913043478260869,0.6156542893685933,0.34638549684561176,"[[6, 1, 1], [2, 1, 2], [1, 0, 4]]",0.8115384615384614,0.7470833333333333,0.75,0.7,0.2,0.9230769230769231,0.8,0.7692307692307693
svm_rbf,P6,train,1,0,0.6420311714429361,0.6916666666666668,0.7222222222222222,0.5652173913043479,0.5397752734999045,0.24963905505615105,"[[7, 0, 1], [2, 1, 2], [0, 0, 5]]",0.8669871794871794,0.7837645891690009,0.875,0.8,0.2,1.0,1.0,0.7692307692307693
rf,P6,train,1,0,0.6481481481481483,0.6916666666666668,0.7222222222222222,0.5588235294117647,0.44719209511589647,0.18986350451189637,"[[7, 0, 1], [3, 1, 1], [0, 0, 5]]",0.8157051282051283,0.7458597883597884,0.875,0.7,0.2,1.0,1.0,0.8461538461538461
lr,P6,train,1,1,0.5086996336996337,0.526984126984127,0.5555555555555556,0.3110047846889952,0.8059386081840798,0.46480416567423477,"[[5, 0, 2], [3, 1, 1], [1, 1, 4]]",0.5998862248862249,0.5052695522653506,0.7142857142857143,0.6363636363636364,0.2,0.9230769230769231,0.6666666666666666,0.75
svm_rbf,P6,train,1,1,0.4682539682539682,0.47936507936507927,0.5,0.22115384615384626,0.772775974560337,0.4026650373356063,"[[4, 0, 3], [3, 1, 1], [2, 0, 4]]",0.607008732008732,0.5062549922844041,0.5714285714285714,0.5454545454545454,0.2,1.0,0.6666666666666666,0.6666666666666666
rf,P6,train,1,1,0.4682539682539682,0.47936507936507927,0.5,0.22115384615384626,0.6112816553137294,0.2844455165567273,"[[4, 0, 3], [3, 1, 1], [2, 0, 4]]",0.6237308987308987,0.5630388350626445,0.5714285714285714,0.5454545454545454,0.2,1.0,0.6666666666666666,0.6666666666666666
lr,P6,train,1,2,0.6527777777777778,0.6492063492063492,0.6666666666666666,0.48571428571428577,0.640791991374303,0.2528391289291768,"[[5, 1, 1], [3, 2, 0], [1, 0, 5]]",0.7098503348503349,0.6246761043189615,0.7142857142857143,0.6363636363636364,0.4,0.9230769230769231,0.8333333333333334,0.9166666666666666
svm_rbf,P6,train,1,2,0.5690943043884221,0.5825396825396826,0.6111111111111112,0.3942307692307693,0.5215046870199243,0.3089447712136896,"[[5, 1, 1], [4, 1, 0], [1, 0, 5]]",0.7641636141636141,0.7054052429052429,0.7142857142857143,0.5454545454545454,0.2,0.9230769230769231,0.8333333333333334,0.9166666666666666
rf,P6,train,1,2,0.5555555555555555,0.5746031746031747,0.6111111111111112,0.38834951456310673,0.5448265051267598,0.1728896473129229,"[[6, 0, 1], [3, 1, 1], [2, 0, 4]]",0.7041208791208792,0.6359374355802927,0.8571428571428571,0.5454545454545454,0.2,1.0,0.6666666666666666,0.8333333333333334
lr,P6,train,1,3,0.6267806267806267,0.6349206349206349,0.6470588235294118,0.46875,0.611568772763034,0.31760971117224723,"[[4, 2, 1], [1, 2, 1], [0, 1, 5]]",0.7101176601176601,0.5877829550623668,0.5714285714285714,0.9,0.5,0.7692307692307693,0.8333333333333334,0.8181818181818182
svm_rbf,P6,train,1,3,0.6794871794871794,0.6825396825396827,0.7058823529411765,0.5502645502645502,0.5459262705488478,0.29162453735642824,"[[5, 1, 1], [1, 2, 1], [0, 1, 5]]",0.7708458208458208,0.6837168822462939,0.7142857142857143,0.9,0.5,0.8461538461538461,0.8333333333333334,0.8181818181818182
rf,P6,train,1,3,0.5860805860805861,0.5912698412698413,0.6470588235294118,0.4516129032258065,0.5041979945213657,0.19281460473275863,"[[6, 0, 1], [1, 1, 2], [0, 2, 4]]",0.7282217782217781,0.6261276020379661,0.8571428571428571,0.9,0.25,0.8461538461538461,0.6666666666666666,0.7272727272727273
lr,P6,train,1,4,0.49401709401709404,0.49603174603174605,0.5294117647058824,0.26486486486486494,0.6097828543901869,0.35553079235185936,"[[4, 0, 3], [1, 1, 2], [1, 1, 4]]",0.8026085026085026,0.739208410636982,0.5714285714285714,0.8,0.25,0.9230769230769231,0.6666666666666666,0.5454545454545454
svm_rbf,P6,train,1,4,0.5467948717948717,0.5515873015873015,0.5882352941176471,0.3497267759562842,0.5974988815260518,0.25285393379234916,"[[4, 0, 3], [1, 1, 2], [1, 0, 5]]",0.7609279609279609,0.696162567591139,0.5714285714285714,0.8,0.25,1.0,0.8333333333333334,0.5454545454545454
rf,P6,train,1,4,0.5352941176470588,0.5595238095238095,0.5882352941176471,0.3532608695652173,0.5127007218917631,0.13293386112471492,"[[3, 0, 4], [2, 1, 1], [0, 0, 6]]",0.7588911088911089,0.7064196385624957,0.42857142857142855,0.8,0.25,1.0,1.0,0.5454545454545454
lr,P6,train,2,0,0.6481481481481483,0.6916666666666668,0.7222222222222222,0.5588235294117647,0.6151157143607819,0.3933938599379778,"[[7, 0, 1], [3, 1, 1], [0, 0, 5]]",0.6910256410256409,0.5933234126984127,0.875,0.7,0.2,1.0,1.0,0.8461538461538461
svm_rbf,P6,train,2,0,0.5233918128654971,0.625,0.6666666666666666,0.4626865671641791,0.5686876053324197,0.26733826942779404,"[[7, 0, 1], [4, 0, 1], [0, 0, 5]]",0.742628205128205,0.66586505814447,0.875,0.6,0.0,1.0,1.0,0.8461538461538461
rf,P6,train,2,0,0.6481481481481483,0.6916666666666668,0.7222222222222222,0.5588235294117647,0.5299522916510073,0.1680969547085701,"[[7, 0, 1], [3, 1, 1], [0, 0, 5]]",0.7054487179487179,0.6226659451659452,0.875,0.7,0.2,1.0,1.0,0.8461538461538461
lr,P6,train,2,1,0.39031339031339035,0.4603174603174603,0.5,0.20975609756097569,0.8755401241013842,0.4389014152586397,"[[5, 0, 2], [4, 0, 1], [2, 0, 4]]",0.641014541014541,0.5736044417767107,0.7142857142857143,0.45454545454545453,0.0,1.0,0.6666666666666666,0.75
svm_rbf,P6,train,2,1,0.5575396825396824,0.5825396825396826,0.6111111111111112,0.3942307692307693,0.6859913914695813,0.3173447137703659,"[[5, 0, 2], [3, 1, 1], [1, 0, 5]]",0.7254958004958006,0.6594654528478058,0.7142857142857143,0.6363636363636364,0.2,1.0,0.8333333333333334,0.75
rf,P6,train,2,1,0.38888888888888884,0.4682539682539682,0.5,0.21739130434782605,0.6318556394876009,0.22638191612566125,"[[4, 0, 3], [4, 0, 1], [1, 0, 5]]",0.642011692011692,0.5280854766148884,0.5714285714285714,0.5454545454545454,0.0,1.0,0.8333333333333334,0.6666666666666666
lr,P6,train,2,2,0.7825396825396825,0.7825396825396825,0.7777777777777778,0.6666666666666667,0.4911137085675203,0.3131198370738384,"[[5, 0, 2], [0, 4, 1], [0, 1, 5]]",0.8159368409368408,0.7310303095597211,0.7142857142857143,1.0,0.8,0.9230769230769231,0.8333333333333334,0.75
svm_rbf,P6,train,2,2,0.6031746031746031,0.6015873015873016,0.6111111111111112,0.40284360189573454,0.5791388809280399,0.31426010854733566,"[[4, 0, 3], [2, 2, 1], [1, 0, 5]]",0.8113775113775112,0.7557857789580478,0.5714285714285714,0.7272727272727273,0.4,1.0,0.8333333333333334,0.6666666666666666
rf,P6,train,2,2,0.5945165945165946,0.6095238095238095,0.6111111111111112,0.4112149532710281,0.4837197893855094,0.292725794701992,"[[3, 0, 4], [1, 2, 2], [0, 0, 6]]",0.8260027010027011,0.782920188277331,0.42857142857142855,0.9090909090909091,0.4,1.0,1.0,0.5
lr,P6,train,2,3,0.7555555555555555,0.7658730158730159,0.7647058823529411,0.6494845360824743,0.35951897401680216,0.1751354999686886,"[[5, 2, 0], [0, 3, 1], [0, 1, 5]]",0.8810023310023309,0.8262457119599976,0.7142857142857143,1.0,0.75,0.7692307692307693,0.8333333333333334,0.9090909090909091
svm_rbf,P6,train,2,3,0.6286676286676286,0.626984126984127,0.6470588235294118,0.4631578947368421,0.3522006445519732,0.22333986375716589,"[[5, 2, 0], [1, 2, 1], [1, 1, 4]]",0.9148074148074148,0.8673280423280424,0.7142857142857143,0.8,0.5,0.7692307692307693,0.6666666666666666,0.9090909090909091
rf,P6,train,2,3,0.6829004329004329,0.6746031746031745,0.7058823529411765,0.5380434782608696,0.4601117898552587,0.28220372456107923,"[[6, 0, 1], [2, 2, 0], [1, 1, 4]]",0.8075591075591074,0.7637875352161067,0.8571428571428571,0.7,0.5,0.9230769230769231,0.6666666666666666,0.9090909090909091
lr,P6,train,2,4,0.6829004329004329,0.6746031746031745,0.7058823529411765,0.5380434782608696,0.4530718253654751,0.20874011845036933,"[[6, 1, 0], [1, 2, 1], [2, 0, 4]]",0.8632367632367632,0.8404856386999243,0.8571428571428571,0.7,0.5,0.9230769230769231,0.6666666666666666,0.9090909090909091
svm_rbf,P6,train,2,4,0.6825396825396827,0.6825396825396827,0.7058823529411765,0.5526315789473684,0.3885712528857632,0.2472537232004501,"[[5, 1, 1], [0, 2, 2], [0, 1, 5]]",0.8855810855810855,0.8576152683295541,0.7142857142857143,1.0,0.5,0.8461538461538461,0.8333333333333334,0.7272727272727273
rf,P6,train,2,4,0.5897435897435898,0.5992063492063492,0.6470588235294118,0.4545454545454546,0.4962166022310156,0.1288460134564162,"[[5, 1, 1], [1, 1, 2], [0, 1, 5]]",0.748889998889999,0.6902427637721756,0.7142857142857143,0.9,0.25,0.8461538461538461,0.8333333333333334,0.7272727272727273
lr,P6,train,3,0,0.4714285714285715,0.4749999999999999,0.5,0.25,0.7365519459576718,0.36755196943519997,"[[5, 2, 1], [1, 1, 3], [0, 2, 3]]",0.7471153846153845,0.6649607309901427,0.625,0.9,0.2,0.6923076923076923,0.6,0.6923076923076923
svm_rbf,P6,train,3,0,0.5527544351073762,0.5833333333333334,0.6111111111111112,0.3913043478260869,0.5751488661439339,0.24497683326172617,"[[6, 1, 1], [2, 1, 2], [1, 0, 4]]",0.771474358974359,0.6401449938949938,0.75,0.7,0.2,0.9230769230769231,0.8,0.7692307692307693
rf,P6,train,3,0,0.6420311714429361,0.6916666666666668,0.7222222222222222,0.5652173913043479,0.5025948752070555,0.2660828538305835,"[[7, 0, 1], [2, 1, 2], [0, 0, 5]]",0.8083333333333335,0.7057189542483661,0.875,0.8,0.2,1.0,1.0,0.7692307692307693
lr,P6,train,3,1,0.6226579520697167,0.6333333333333333,0.6666666666666666,0.48571428571428577,0.6005930300975663,0.31730175225350177,"[[7, 0, 0], [2, 2, 1], [1, 2, 3]]",0.9028249528249527,0.8107142857142856,1.0,0.7272727272727273,0.4,0.8461538461538461,0.5,0.9166666666666666
svm_rbf,P6,train,3,1,0.5444444444444444,0.5666666666666667,0.6111111111111112,0.3823529411764707,0.5986900909518336,0.2624193464880283,"[[7, 0, 0], [3, 1, 1], [3, 0, 3]]",0.8472767972767973,0.7461099086099087,1.0,0.45454545454545453,0.2,1.0,0.5,0.9166666666666666
rf,P6,train,3,1,0.569423558897243,0.5777777777777777,0.6111111111111112,0.38834951456310685,0.5118806375401719,0.15368627787701652,"[[7, 0, 0], [1, 2, 2], [4, 0, 2]]",0.7746429496429497,0.6728811752621277,1.0,0.5454545454545454,0.4,1.0,0.3333333333333333,0.8333333333333334
lr,P6,train,3,2,0.5989057239057239,0.5936507936507937,0.6111111111111112,0.40284360189573454,0.602881531226799,0.3365513481242651,"[[5, 2, 0], [2, 2, 1], [2, 0, 4]]",0.8131831131831131,0.7279052429052429,0.7142857142857143,0.6363636363636364,0.4,0.8461538461538461,0.6666666666666666,0.9166666666666666
svm_rbf,P6,train,3,2,0.6944444444444445,0.6968253968253969,0.7222222222222222,0.5714285714285714,0.4640237938565316,0.2073270427944294,"[[6, 1, 0], [2, 2, 1], [1, 0, 5]]",0.800030525030525,0.7344637544217375,0.8571428571428571,0.7272727272727273,0.4,0.9230769230769231,0.8333333333333334,0.9166666666666666
rf,P6,train,3,2,0.5209605209605209,0.5349206349206349,0.5555555555555556,0.323943661971831,0.5737991670567026,0.1667560303449611,"[[4, 3, 0], [2, 1, 2], [1, 0, 5]]",0.7015577015577016,0.5627951180472188,0.5714285714285714,0.7272727272727273,0.2,0.7692307692307693,0.8333333333333334,0.8333333333333334
lr,P6,train,3,3,0.2857142857142857,0.31746031746031744,0.35294117647058826,-0.016304347826086918,1.1269965568676266,0.5616277558093002,"[[2, 1, 4], [4, 0, 0], [1, 1, 4]]",0.6128593628593629,0.44616001282667944,0.2857142857142857,0.5,0.0,0.8461538461538461,0.6666666666666666,0.6363636363636364
svm_rbf,P6,train,3,3,0.5371794871794872,0.5595238095238095,0.5882352941176471,0.3497267759562842,0.7332178186310654,0.35839611152209283,"[[3, 0, 4], [3, 1, 0], [0, 0, 6]]",0.6979464979464979,0.6234387344681461,0.42857142857142855,0.7,0.25,1.0,1.0,0.6363636363636364
rf,P6,train,3,3,0.3621794871794872,0.42063492063492064,0.47058823529411764,0.16393442622950827,0.6583150317403762,0.2151452228926837,"[[3, 0, 4], [3, 0, 1], [0, 1, 5]]",0.6456154956154957,0.523190294636373,0.42857142857142855,0.7,0.0,0.9230769230769231,0.8333333333333334,0.5454545454545454
lr,P6,train,3,4,0.4284016636957813,0.45634920634920634,0.47058823529411764,0.18181818181818177,0.9087700596066874,0.4514026831468887,"[[2, 1, 4], [1, 1, 2], [1, 0, 5]]",0.7460650460650461,0.6658606605035177,0.2857142857142857,0.8,0.25,0.9230769230769231,0.8333333333333334,0.45454545454545453
svm_rbf,P6,train,3,4,0.5373737373737374,0.5595238095238095,0.5882352941176471,0.3567567567567568,0.6461475224111397,0.26873286372709015,"[[3, 0, 4], [1, 1, 2], [0, 0, 6]]",0.8053058053058053,0.7366024187452759,0.42857142857142855,0.9,0.25,1.0,1.0,0.45454545454545453
rf,P6,train,3,4,0.5908496732026144,0.6071428571428571,0.6470588235294118,0.44565217391304346,0.5057082527657594,0.17448513643391683,"[[4, 0, 3], [1, 1, 2], [0, 0, 6]]",0.8102508602508602,0.7388053084481655,0.5714285714285714,0.9,0.25,1.0,1.0,0.5454545454545454
lr,P6,train,4,0,0.5507936507936507,0.5583333333333332,0.6111111111111112,0.36363636363636365,0.7172348501359216,0.35464987708826434,"[[7, 0, 1], [4, 1, 0], [1, 1, 3]]",0.7557692307692307,0.5842261904761905,0.875,0.5,0.2,0.9230769230769231,0.6,0.9230769230769231
svm_rbf,P6,train,4,0,0.5233918128654971,0.625,0.6666666666666666,0.4626865671641791,0.6352673784932273,0.28378365578905673,"[[7, 0, 1], [4, 0, 1], [0, 0, 5]]",0.7474358974358974,0.5790013227513228,0.875,0.6,0.0,1.0,1.0,0.8461538461538461
rf,P6,train,4,0,0.5233918128654971,0.625,0.6666666666666666,0.4626865671641791,0.5629393916879126,0.20215462916767085,"[[7, 0, 1], [4, 0, 1], [0, 0, 5]]",0.673397435897436,0.5753396807440924,0.875,0.6,0.0,1.0,1.0,0.8461538461538461
lr,P6,train,4,1,0.46103569632981395,0.48730158730158735,0.5,0.23222748815165872,0.8491394305792938,0.4406193914551091,"[[3, 0, 4], [2, 1, 2], [1, 0, 5]]",0.7266603766603769,0.6566805813234384,0.42857142857142855,0.7272727272727273,0.2,1.0,0.8333333333333334,0.5
svm_rbf,P6,train,4,1,0.6039377289377289,0.6015873015873016,0.6111111111111112,0.4056603773584906,0.5940606167688028,0.23531536272609457,"[[4, 0, 3], [1, 2, 2], [1, 0, 5]]",0.7479797979797979,0.7182659932659933,0.5714285714285714,0.8181818181818182,0.4,1.0,0.8333333333333334,0.5833333333333334
rf,P6,train,4,1,0.6031746031746031,0.6015873015873016,0.6111111111111112,0.40284360189573454,0.5538174474563617,0.15056636810059812,"[[4, 0, 3], [2, 2, 1], [1, 0, 5]]",0.7499740999741,0.7178661985384674,0.5714285714285714,0.7272727272727273,0.4,1.0,0.8333333333333334,0.6666666666666666
lr,P6,train,4,2,0.4225589225589226,0.4238095238095238,0.4444444444444444,0.14691943127962082,1.010440396351391,0.4804255129906904,"[[4, 2, 1], [3, 1, 1], [2, 1, 3]]",0.638973063973064,0.531797505326917,0.5714285714285714,0.5454545454545454,0.2,0.7692307692307693,0.5,0.8333333333333334
svm_rbf,P6,train,4,2,0.4662393162393162,0.47936507936507927,0.5,0.23943661971830987,0.8451757509823784,0.36328406822373227,"[[4, 1, 2], [1, 1, 3], [1, 1, 4]]",0.6090983090983091,0.5343699328993446,0.5714285714285714,0.8181818181818182,0.2,0.8461538461538461,0.6666666666666666,0.5833333333333334
rf,P6,train,4,2,0.4662393162393162,0.47936507936507927,0.5,0.23222748815165872,0.6259054540560169,0.22377047156923016,"[[4, 2, 1], [2, 1, 2], [2, 0, 4]]",0.6394087394087394,0.5906016641310758,0.5714285714285714,0.6363636363636364,0.2,0.8461538461538461,0.6666666666666666,0.75
lr,P6,train,4,3,0.6397435897435898,0.6547619047619048,0.7058823529411765,0.5355191256830601,0.47955571948418835,0.18460161757132443,"[[5, 0, 2], [1, 1, 2], [0, 0, 6]]",0.8936119436119436,0.8703042328042327,0.7142857142857143,0.9,0.25,1.0,1.0,0.6363636363636364
svm_rbf,P6,train,4,3,0.5908496732026144,0.6071428571428571,0.6470588235294118,0.44565217391304346,0.5549235041317062,0.28355070918679487,"[[4, 0, 3], [1, 1, 2], [0, 0, 6]]",0.853002553002553,0.7745690195270027,0.5714285714285714,0.9,0.25,1.0,1.0,0.5454545454545454
rf,P6,train,4,3,0.5908496732026144,0.6071428571428571,0.6470588235294118,0.44565217391304346,0.5101550882827627,0.1431157753355855,"[[4, 0, 3], [1, 1, 2], [0, 0, 6]]",0.7777278277278278,0.7111555111555111,0.5714285714285714,0.9,0.25,1.0,1.0,0.5454545454545454
lr,P6,train,4,4,0.5075187969924811,0.5277777777777778,0.5882352941176471,0.3425414364640885,0.6292086819992817,0.3303185548258036,"[[7, 0, 0], [3, 1, 0], [2, 2, 2]]",0.8242757242757243,0.7431464368964368,1.0,0.5,0.25,0.8461538461538461,0.3333333333333333,1.0
svm_rbf,P6,train,4,4,0.725,0.7222222222222222,0.7647058823529411,0.6344086021505376,0.4052237682331736,0.21401669823474403,"[[7, 0, 0], [2, 2, 0], [0, 2, 4]]",0.8070873570873571,0.7014861500155618,1.0,0.8,0.5,0.8461538461538461,0.6666666666666666,1.0
rf,P6,train,4,4,0.6364145658263306,0.6388888888888888,0.7058823529411765,0.53551912568306,0.4557882546525938,0.3501877938239569,"[[7, 0, 0], [3, 1, 0], [0, 2, 4]]",0.822050172050172,0.7571954539391514,1.0,0.7,0.25,0.8461538461538461,0.6666666666666666,1.0
lr,P7,train,0,0,0.5023310023310024,0.525,0.5,0.26027397260273977,0.6752657529461278,0.2161092872649407,"[[3, 3, 2], [1, 3, 1], [1, 1, 3]]",0.6557692307692308,0.5924214130096482,0.375,0.8,0.6,0.6923076923076923,0.6,0.7692307692307693
svm_rbf,P7,train,0,0,0.4252044252044252,0.4333333333333333,0.4444444444444444,0.11764705882352933,0.6830950104685216,0.3563399653726854,"[[4, 1, 3], [4, 1, 0], [2, 0, 3]]",0.7044871794871795,0.6495090877259995,0.5,0.4,0.2,0.9230769230769231,0.6,0.7692307692307693
rf,P7,train,0,0,0.5945165945165946,0.5833333333333334,0.6111111111111112,0.38235294117647056,0.5399329348450469,0.08694155401749203,"[[6, 0, 2], [2, 2, 1], [2, 0, 3]]",0.7564102564102564,0.6595728291316526,0.75,0.6,0.4,1.0,0.6,0.7692307692307693
lr,P7,train,0,1,0.4018518518518519,0.4158730158730159,0.4444444444444444,0.13461538461538458,0.6741123661210981,0.3208013556206405,"[[5, 0, 2], [4, 1, 0], [2, 2, 2]]",0.7260267510267511,0.6713064713064713,0.7142857142857143,0.45454545454545453,0.2,0.8461538461538461,0.3333333333333333,0.8333333333333334
svm_rbf,P7,train,0,1,0.47385620915032683,0.5158730158730159,0.5555555555555556,0.3076923076923078,0.7727287889027572,0.4347217975443072,"[[5, 1, 1], [5, 0, 0], [0, 1, 5]]",0.6677248677248677,0.593897174254317,0.7142857142857143,0.5454545454545454,0.0,0.8461538461538461,0.8333333333333334,0.9166666666666666
rf,P7,train,0,1,0.41830065359477125,0.4603174603174603,0.5,0.22115384615384626,0.5796869742061166,0.17527691465487433,"[[5, 0, 2], [5, 0, 0], [0, 2, 4]]",0.6925666925666926,0.6133115468409586,0.7142857142857143,0.5454545454545454,0.0,0.8461538461538461,0.6666666666666666,0.8333333333333334
lr,P7,train,0,2,0.3611111111111111,0.3841269841269841,0.3888888888888889,0.07476635514018692,0.6903491360139754,0.30716671404189577,"[[2, 1, 4], [2, 1, 2], [1, 1, 4]]",0.613965663965664,0.48126300507252884,0.2857142857142857,0.7272727272727273,0.2,0.8461538461538461,0.6666666666666666,0.5
svm_rbf,P7,train,0,2,0.5034556087187666,0.5428571428571428,0.5555555555555556,0.3239436619718309,0.5946519241332973,0.30639470922065204,"[[3, 0, 4], [1, 1, 3], [0, 0, 6]]",0.7229649979649979,0.5959893048128342,0.42857142857142855,0.9090909090909091,0.2,1.0,1.0,0.4166666666666667
rf,P7,train,0,2,0.38181818181818183,0.4761904761904762,0.5,0.23584905660377364,0.5765349572238637,0.2886931299758438,"[[3, 0, 4], [1, 0, 4], [0, 0, 6]]",0.7517075517075518,0.6686507936507936,0.42857142857142855,0.9090909090909091,0.0,1.0,1.0,0.3333333333333333
lr,P7,train,0,3,0.32380952380952377,0.32936507936507936,0.35294117647058826,0.02604166666666663,0.7273519314870062,0.35151286219933414,"[[4, 2, 1], [1, 1, 2], [2, 3, 1]]",0.6425241425241425,0.5620851370851371,0.5714285714285714,0.7,0.25,0.6153846153846154,0.16666666666666666,0.7272727272727273
svm_rbf,P7,train,0,3,0.5384615384615384,0.5436507936507936,0.5882352941176471,0.3602150537634409,0.564020936778333,0.17648508502307572,"[[5, 1, 1], [1, 1, 2], [1, 1, 4]]",0.658069708069708,0.608654000320667,0.7142857142857143,0.8,0.25,0.8461538461538461,0.6666666666666666,0.7272727272727273
rf,P7,train,0,3,0.5897435897435898,0.5992063492063492,0.6470588235294118,0.4486486486486486,0.6076837159113986,0.3127577441560998,"[[5, 1, 1], [0, 1, 3], [1, 0, 5]]",0.6474969474969475,0.5910493827160493,0.7142857142857143,0.9,0.25,0.9230769230769231,0.8333333333333334,0.6363636363636364
lr,P7,train,0,4,0.4761904761904761,0.5238095238095238,0.5882352941176471,0.3532608695652174,0.6061775174433007,0.10614624862822107,"[[4, 2, 1], [3, 0, 1], [0, 0, 6]]",0.6262903762903762,0.5588963363123026,0.5714285714285714,0.7,0.0,0.8461538461538461,1.0,0.8181818181818182
svm_rbf,P7,train,0,4,0.3717948717948718,0.41269841269841273,0.47058823529411764,0.1499999999999998,0.6605470074631666,0.23184301472212032,"[[4, 1, 2], [3, 0, 1], [2, 0, 4]]",0.6404650904650905,0.4952471729432513,0.5714285714285714,0.5,0.0,0.9230769230769231,0.6666666666666666,0.7272727272727273
rf,P7,train,0,4,0.49607843137254903,0.48809523809523814,0.5294117647058824,0.24022346368715086,0.5444204675522478,0.16606127909539292,"[[5, 0, 2], [2, 1, 1], [3, 0, 3]]",0.7127539127539126,0.64510952010952,0.7142857142857143,0.5,0.25,1.0,0.5,0.7272727272727273
lr,P7,train,1,0,0.5106837606837606,0.5416666666666666,0.5555555555555556,0.3239436619718309,0.7044996350939576,0.21049332159048195,"[[5, 1, 2], [2, 1, 2], [0, 1, 4]]",0.6032051282051282,0.5180668378462496,0.625,0.8,0.2,0.8461538461538461,0.8,0.6923076923076923
svm_rbf,P7,train,1,0,0.46438746438746437,0.5583333333333333,0.6111111111111112,0.38235294117647056,0.6523707780692662,0.2836986377103434,"[[7, 0, 1], [2, 0, 3], [1, 0, 4]]",0.6541666666666667,0.5195483193277312,0.875,0.7,0.0,1.0,0.8,0.6923076923076923
rf,P7,train,1,0,0.5126050420168067,0.625,0.6666666666666666,0.4782608695652174,0.5292256066220911,0.14243922239794463,"[[7, 0, 1], [2, 0, 3], [0, 0, 5]]",0.7096153846153846,0.6061940374440374,0.875,0.8,0.0,1.0,1.0,0.6923076923076923
lr,P7,train,1,1,0.32315832315832316,0.32857142857142857,0.3333333333333333,-0.014084507042253502,0.8707040370797976,0.40348132838166584,"[[2, 2, 3], [3, 1, 1], [2, 1, 3]]",0.5125319125319127,0.4255481990776109,0.2857142857142857,0.5454545454545454,0.2,0.7692307692307693,0.5,0.6666666666666666
svm_rbf,P7,train,1,1,0.47222222222222215,0.47936507936507927,0.5,0.22857142857142865,0.8038493743628601,0.303112721616552,"[[4, 1, 2], [4, 1, 0], [1, 1, 4]]",0.6031857031857032,0.5172946101517529,0.5714285714285714,0.5454545454545454,0.2,0.8461538461538461,0.6666666666666666,0.8333333333333334
rf,P7,train,1,1,0.4158730158730159,0.4682539682539682,0.5,0.22857142857142865,0.6280781761304264,0.2865056335504439,"[[4, 1, 2], [4, 0, 1], [0, 1, 5]]",0.6387825137825138,0.5128373874802447,0.5714285714285714,0.6363636363636364,0.0,0.8461538461538461,0.8333333333333334,0.75
lr,P7,train,1,2,0.49350649350649345,0.4984126984126984,0.5,0.25688073394495425,0.6136891860293602,0.18035246166480667,"[[3, 2, 2], [1, 2, 2], [0, 2, 4]]",0.7044770044770045,0.6177692187986304,0.42857142857142855,0.9090909090909091,0.4,0.6923076923076923,0.6666666666666666,0.6666666666666666
svm_rbf,P7,train,1,2,0.46422558922558926,0.4714285714285715,0.5,0.23222748815165872,0.7249734370837024,0.31468860816395083,"[[5, 1, 1], [3, 1, 1], [1, 2, 3]]",0.6211982461982463,0.5281378933339718,0.7142857142857143,0.6363636363636364,0.2,0.7692307692307693,0.5,0.8333333333333334
rf,P7,train,1,2,0.42205942205942204,0.4317460317460317,0.4444444444444444,0.15492957746478875,0.5791906193793224,0.18147370824568343,"[[3, 2, 2], [3, 1, 1], [1, 1, 4]]",0.717907092907093,0.6177910052910053,0.42857142857142855,0.6363636363636364,0.2,0.7692307692307693,0.6666666666666666,0.75
lr,P7,train,1,3,0.7326007326007326,0.7301587301587302,0.7647058823529411,0.6344086021505376,0.46689749948528425,0.24252935821732147,"[[6, 0, 1], [1, 2, 1], [0, 1, 5]]",0.8009601509601509,0.7537698412698414,0.8571428571428571,0.9,0.5,0.9230769230769231,0.8333333333333334,0.8181818181818182
svm_rbf,P7,train,1,3,0.6380952380952382,0.6468253968253969,0.7058823529411765,0.5303867403314917,0.5097315045599052,0.15648805660109824,"[[6, 0, 1], [1, 1, 2], [1, 0, 5]]",0.7012154512154511,0.6180650037792894,0.8571428571428571,0.8,0.25,1.0,0.8333333333333334,0.7272727272727273
rf,P7,train,1,3,0.5904761904761905,0.5912698412698413,0.6470588235294118,0.43646408839778994,0.4716630161330113,0.2119141107627367,"[[6, 0, 1], [0, 1, 3], [2, 0, 4]]",0.7839771339771339,0.7109484651151318,0.8571428571428571,0.8,0.25,1.0,0.6666666666666666,0.6363636363636364
lr,P7,train,1,4,0.36296296296296293,0.4087301587301588,0.4117647058823529,0.12371134020618557,0.6932506968925166,0.2847874401775173,"[[1, 4, 2], [1, 1, 2], [1, 0, 5]]",0.6708458208458209,0.6149728578300007,0.14285714285714285,0.8,0.25,0.6923076923076923,0.8333333333333334,0.6363636363636364
svm_rbf,P7,train,1,4,0.43956043956043955,0.44841269841269843,0.47058823529411764,0.18181818181818177,0.6629518402915998,0.23894629060991376,"[[3, 1, 3], [2, 1, 1], [1, 1, 4]]",0.6452269952269952,0.5913006564967349,0.42857142857142855,0.7,0.25,0.8461538461538461,0.6666666666666666,0.6363636363636364
rf,P7,train,1,4,0.4246498599439776,0.45634920634920634,0.47058823529411764,0.1947368421052631,0.5636406785962697,0.17731468776973025,"[[2, 2, 3], [0, 1, 3], [1, 0, 5]]",0.6975024975024975,0.6510347016299397,0.2857142857142857,0.9,0.25,0.8461538461538461,0.8333333333333334,0.45454545454545453
lr,P7,train,2,0,0.32857142857142857,0.35833333333333334,0.4444444444444444,0.09090909090909094,0.6176282699307734,0.2692528716949017,"[[7, 1, 0], [4, 0, 1], [1, 3, 1]]",0.7336538461538463,0.5793560606060606,0.875,0.5,0.0,0.6923076923076923,0.2,0.9230769230769231
svm_rbf,P7,train,2,0,0.4444444444444444,0.4916666666666667,0.5555555555555556,0.2615384615384615,0.7257622869337977,0.3514047904319755,"[[7, 1, 0], [4, 0, 1], [2, 0, 3]]",0.6301282051282052,0.5041018907563025,0.875,0.4,0.0,0.9230769230769231,0.6,0.9230769230769231
rf,P7,train,2,0,0.5925925925925926,0.625,0.6666666666666666,0.47058823529411764,0.5975583498261391,0.2514721636079908,"[[7, 0, 1], [2, 1, 2], [1, 0, 4]]",0.6304487179487179,0.5347272798008093,0.875,0.7,0.2,1.0,0.8,0.7692307692307693
lr,P7,train,2,1,0.5665445665445665,0.565079365079365,0.5555555555555556,0.3271028037383178,0.5784842667438936,0.14797751683796806,"[[3, 0, 4], [2, 3, 0], [1, 1, 4]]",0.7032495282495281,0.6215936879802426,0.42857142857142855,0.7272727272727273,0.6,0.9230769230769231,0.6666666666666666,0.6666666666666666
svm_rbf,P7,train,2,1,0.3111111111111111,0.36507936507936506,0.3888888888888889,0.05263157894736836,0.7866659721216537,0.3516947945163612,"[[3, 1, 3], [3, 0, 2], [2, 0, 4]]",0.609010434010434,0.5200920502881287,0.42857142857142855,0.5454545454545454,0.0,0.9230769230769231,0.6666666666666666,0.5833333333333334
rf,P7,train,2,1,0.38611111111111107,0.4682539682539682,0.5,0.22115384615384615,0.5646200745787523,0.18848782834218641,"[[4, 0, 3], [3, 0, 2], [1, 0, 5]]",0.7339558589558589,0.663265306122449,0.5714285714285714,0.6363636363636364,0.0,1.0,0.8333333333333334,0.5833333333333334
lr,P7,train,2,2,0.6428571428571429,0.6492063492063492,0.6666666666666666,0.49056603773584906,0.5672456226927164,0.20986882640835633,"[[5, 0, 2], [2, 2, 1], [0, 1, 5]]",0.7236994486994487,0.656710815639387,0.7142857142857143,0.8181818181818182,0.4,0.9230769230769231,0.8333333333333334,0.75
svm_rbf,P7,train,2,2,0.42735042735042733,0.5238095238095238,0.5555555555555556,0.3142857142857144,0.5735431823830051,0.3039924923531185,"[[4, 0, 3], [2, 0, 3], [0, 0, 6]]",0.7721879971879972,0.6866051976346094,0.5714285714285714,0.8181818181818182,0.0,1.0,1.0,0.5
rf,P7,train,2,2,0.5555555555555555,0.5904761904761905,0.6111111111111112,0.4056603773584906,0.54678898831042,0.10071431905236114,"[[4, 0, 3], [1, 1, 3], [0, 0, 6]]",0.7666564916564914,0.6572896768134863,0.5714285714285714,0.9090909090909091,0.2,1.0,1.0,0.5
lr,P7,train,2,3,0.39031339031339035,0.43650793650793646,0.4117647058823529,0.1542288557213931,0.7196060576321807,0.2673743562522464,"[[1, 4, 2], [1, 2, 1], [0, 2, 4]]",0.6532023532023531,0.5995189995189995,0.14285714285714285,0.9,0.5,0.5384615384615384,0.6666666666666666,0.7272727272727273
svm_rbf,P7,train,2,3,0.4090909090909091,0.42857142857142855,0.4117647058823529,0.13705583756345185,0.7070403025974602,0.36900659998278573,"[[2, 3, 2], [1, 2, 1], [1, 2, 3]]",0.6382395382395382,0.5424813942671084,0.2857142857142857,0.8,0.5,0.6153846153846154,0.5,0.7272727272727273
rf,P7,train,2,3,0.5396825396825397,0.5515873015873015,0.5882352941176471,0.3670212765957447,0.544256654918706,0.2105127421929724,"[[4, 1, 2], [1, 1, 2], [0, 1, 5]]",0.7199522699522699,0.6485449735449735,0.5714285714285714,0.9,0.25,0.8461538461538461,0.8333333333333334,0.6363636363636364
lr,P7,train,2,4,0.5824175824175825,0.5873015873015873,0.5882352941176471,0.36363636363636365,0.4866001937238361,0.21663431031197958,"[[3, 1, 3], [2, 2, 0], [1, 0, 5]]",0.793950493950494,0.7633063695563695,0.42857142857142855,0.7,0.5,0.9230769230769231,0.8333333333333334,0.7272727272727273
svm_rbf,P7,train,2,4,0.7326007326007327,0.7380952380952381,0.7647058823529411,0.6363636363636364,0.42750745600285045,0.11414901265728966,"[[5, 1, 1], [1, 2, 1], [0, 0, 6]]",0.8294039294039295,0.7935508935508935,0.7142857142857143,0.9,0.5,0.9230769230769231,1.0,0.8181818181818182
rf,P7,train,2,4,0.5416666666666666,0.5436507936507936,0.5882352941176471,0.34615384615384626,0.5482700157647983,0.19134395507568142,"[[5, 1, 1], [2, 1, 1], [2, 0, 4]]",0.7297369297369297,0.6447394245188363,0.7142857142857143,0.6,0.25,0.9230769230769231,0.6666666666666666,0.8181818181818182
lr,P7,train,3,0,0.4444444444444444,0.4583333333333333,0.4444444444444444,0.18918918918918926,0.8214204309043234,0.31020785270506135,"[[3, 5, 0], [1, 1, 3], [0, 1, 4]]",0.5961538461538461,0.5194937558356676,0.375,0.9,0.2,0.5384615384615384,0.8,0.7692307692307693
svm_rbf,P7,train,3,0,0.39015151515151514,0.4083333333333334,0.4444444444444444,0.1428571428571429,0.7642543325215913,0.36452121963177053,"[[5, 3, 0], [2, 0, 3], [1, 1, 3]]",0.583974358974359,0.5001636993181111,0.625,0.7,0.0,0.6923076923076923,0.6,0.7692307692307693
rf,P7,train,3,0,0.4707070707070707,0.4749999999999999,0.5,0.23943661971830976,0.572657685965945,0.09931450115467463,"[[5, 3, 0], [1, 1, 3], [1, 1, 3]]",0.689102564102564,0.6245472120472121,0.625,0.8,0.2,0.6923076923076923,0.6,0.7692307692307693
lr,P7,train,3,1,0.36296296296296293,0.3682539682539682,0.3888888888888889,0.0660377358490567,0.7214059049912822,0.2786945518854558,"[[4, 1, 2], [2, 1, 2], [2, 2, 2]]",0.5954147704147704,0.49856803690137025,0.5714285714285714,0.6363636363636364,0.2,0.7692307692307693,0.3333333333333333,0.6666666666666666
svm_rbf,P7,train,3,1,0.4612299465240642,0.4714285714285715,0.5,0.22488038277511957,0.6715319119019829,0.27139799390696523,"[[5, 1, 1], [3, 1, 1], [2, 1, 3]]",0.6977901727901727,0.5903741893027606,0.7142857142857143,0.5454545454545454,0.2,0.8461538461538461,0.5,0.8333333333333334
rf,P7,train,3,1,0.42735042735042733,0.5079365079365079,0.5555555555555556,0.29756097560975614,0.5684107281242212,0.17590066585773187,"[[6, 0, 1], [3, 0, 2], [2, 0, 4]]",0.7041134791134791,0.6229035553615385,0.8571428571428571,0.5454545454545454,0.0,1.0,0.6666666666666666,0.75
lr,P7,train,3,2,0.5,0.4904761904761905,0.5,0.25688073394495425,0.6676595541976708,0.21996775216942127,"[[4, 2, 1], [1, 2, 2], [0, 3, 3]]",0.6682465682465683,0.5401593903554688,0.5714285714285714,0.9090909090909091,0.4,0.6153846153846154,0.5,0.75
svm_rbf,P7,train,3,2,0.4341880341880342,0.4682539682539682,0.5,0.23222748815165872,0.6102344783120057,0.26419531424422044,"[[4, 3, 0], [3, 0, 2], [1, 0, 5]]",0.6943630443630443,0.5381519274376417,0.5714285714285714,0.6363636363636364,0.0,0.7692307692307693,0.8333333333333334,0.8333333333333334
rf,P7,train,3,2,0.5595238095238095,0.5825396825396826,0.6111111111111112,0.4056603773584906,0.560380225913621,0.2856661589070649,"[[5, 1, 1], [2, 1, 2], [0, 1, 5]]",0.691031191031191,0.5346298014155156,0.7142857142857143,0.8181818181818182,0.2,0.8461538461538461,0.8333333333333334,0.75
lr,P7,train,3,3,0.4686609686609686,0.4761904761904762,0.47058823529411764,0.2031249999999999,0.7224934106515105,0.3955926364234768,"[[3, 1, 3], [1, 2, 1], [1, 2, 3]]",0.6464757464757465,0.5536312673217435,0.42857142857142855,0.8,0.5,0.7692307692307693,0.5,0.6363636363636364
svm_rbf,P7,train,3,3,0.6495726495726495,0.6349206349206349,0.6470588235294118,0.4486486486486486,0.5601794192071194,0.19547212448842244,"[[4, 0, 3], [1, 2, 1], [1, 0, 5]]",0.7198190698190698,0.7142302362540457,0.5714285714285714,0.8,0.5,1.0,0.8333333333333334,0.6363636363636364
rf,P7,train,3,3,0.4861111111111111,0.503968253968254,0.5294117647058824,0.26881720430107525,0.6328241970498295,0.08025151431245342,"[[3, 0, 4], [2, 1, 1], [0, 1, 5]]",0.6134532134532135,0.5441128134755586,0.42857142857142855,0.8,0.25,0.9230769230769231,0.8333333333333334,0.5454545454545454
lr,P7,train,3,4,0.5452991452991452,0.5515873015873015,0.5882352941176471,0.3497267759562842,0.5712215696200269,0.16689122162010495,"[[4, 1, 2], [3, 1, 0], [1, 0, 5]]",0.7031080031080031,0.663497419169688,0.5714285714285714,0.6,0.25,0.9230769230769231,0.8333333333333334,0.8181818181818182
svm_rbf,P7,train,3,4,0.5904761904761905,0.6071428571428571,0.6470588235294118,0.43956043956043966,0.5905848042115759,0.14139805646107467,"[[4, 0, 3], [3, 1, 0], [0, 0, 6]]",0.7121378621378621,0.6697143503866192,0.5714285714285714,0.7,0.25,1.0,1.0,0.7272727272727273
rf,P7,train,3,4,0.48809523809523814,0.5714285714285715,0.6470588235294118,0.43333333333333335,0.49986356907653023,0.18336589676425133,"[[5, 0, 2], [2, 0, 2], [0, 0, 6]]",0.8143356643356644,0.767219387755102,0.7142857142857143,0.8,0.0,1.0,1.0,0.6363636363636364
lr,P7,train,4,0,0.3636752136752137,0.3666666666666667,0.3888888888888889,0.07042253521126751,0.6748869278737977,0.2751673297926601,"[[4, 2, 2], [0, 1, 4], [3, 0, 2]]",0.6291666666666667,0.5821254208754209,0.5,0.7,0.2,0.8461538461538461,0.4,0.5384615384615384
svm_rbf,P7,train,4,0,0.4166666666666667,0.4333333333333333,0.4444444444444444,0.1428571428571428,0.7226272531336939,0.2870011660000393,"[[4, 2, 2], [2, 1, 2], [2, 0, 3]]",0.5762820512820513,0.5203470895934131,0.5,0.6,0.2,0.8461538461538461,0.6,0.6923076923076923
rf,P7,train,4,0,0.4012066365007542,0.47500000000000003,0.5,0.21739130434782605,0.5991035141973947,0.24017149580969974,"[[5, 1, 2], [3, 0, 2], [1, 0, 4]]",0.6560897435897436,0.5448498465042583,0.625,0.6,0.0,0.9230769230769231,0.8,0.6923076923076923
lr,P7,train,4,1,0.3956043956043956,0.41269841269841273,0.4444444444444444,0.15887850467289721,0.8394806872486651,0.2813245276356099,"[[4, 2, 1], [2, 0, 3], [0, 2, 4]]",0.5096681096681097,0.4208139210099995,0.5714285714285714,0.8181818181818182,0.0,0.6923076923076923,0.6666666666666666,0.6666666666666666
svm_rbf,P7,train,4,1,0.5175213675213676,0.5349206349206349,0.5555555555555556,0.31753554502369663,0.6594980983319175,0.2026826610426382,"[[4, 2, 1], [3, 1, 1], [1, 0, 5]]",0.6445841195841197,0.5993136399859088,0.5714285714285714,0.6363636363636364,0.2,0.8461538461538461,0.8333333333333334,0.8333333333333334
rf,P7,train,4,1,0.5814814814814815,0.6095238095238095,0.6111111111111112,0.4139534883720929,0.575578336127985,0.14825857760003544,"[[3, 2, 2], [2, 2, 1], [0, 0, 6]]",0.721008621008621,0.7009186580615152,0.42857142857142855,0.8181818181818182,0.4,0.8461538461538461,1.0,0.75
lr,P7,train,4,2,0.3212121212121212,0.32857142857142857,0.3333333333333333,0.004608294930875667,0.7234050469652635,0.3146926197712742,"[[2, 2, 3], [1, 1, 3], [1, 2, 3]]",0.5930800680800681,0.5431719515052849,0.2857142857142857,0.8181818181818182,0.2,0.6923076923076923,0.5,0.5
svm_rbf,P7,train,4,2,0.36274509803921573,0.4047619047619048,0.4444444444444444,0.1346153846153847,0.9005566056743687,0.4451654671968823,"[[5, 1, 1], [3, 0, 2], [2, 1, 3]]",0.5408008658008657,0.44929467798515416,0.7142857142857143,0.5454545454545454,0.0,0.8461538461538461,0.5,0.75
rf,P7,train,4,2,0.4386724386724386,0.46349206349206346,0.5,0.21739130434782605,0.6819093434906511,0.17436283978054767,"[[6, 0, 1], [2, 1, 2], [3, 1, 2]]",0.5755355755355755,0.49565586529872246,0.8571428571428571,0.5454545454545454,0.2,0.9230769230769231,0.3333333333333333,0.75
lr,P7,train,4,3,0.4853896103896103,0.503968253968254,0.5294117647058824,0.28042328042328035,0.6075447801254144,0.24694753348497397,"[[3, 1, 3], [1, 1, 2], [0, 1, 5]]",0.7045898545898547,0.5551143890604675,0.42857142857142855,0.9,0.25,0.8461538461538461,0.8333333333333334,0.5454545454545454
svm_rbf,P7,train,4,3,0.5467948717948717,0.5515873015873015,0.5882352941176471,0.3497267759562842,0.6240890274966097,0.28705306822693083,"[[4, 0, 3], [1, 1, 2], [1, 0, 5]]",0.7399433899433899,0.6508997875244372,0.5714285714285714,0.8,0.25,1.0,0.8333333333333334,0.5454545454545454
rf,P7,train,4,3,0.4444444444444444,0.5238095238095238,0.5882352941176471,0.34615384615384626,0.5323926713369038,0.19511699263425655,"[[4, 0, 3], [1, 0, 3], [0, 0, 6]]",0.7794760794760794,0.6684712773998488,0.5714285714285714,0.9,0.0,1.0,1.0,0.45454545454545453
lr,P7,train,4,4,0.5333333333333333,0.5238095238095238,0.5294117647058824,0.2879581151832461,0.5970178567658926,0.24166252185881107,"[[4, 3, 0], [2, 2, 0], [2, 1, 3]]",0.7510989010989011,0.6918373293373294,0.5714285714285714,0.6,0.5,0.6923076923076923,0.5,1.0
svm_rbf,P7,train,4,4,0.6416666666666667,0.626984126984127,0.6470588235294118,0.4516129032258065,0.5419692444304746,0.2453979924270302,"[[5, 2, 0], [2, 2, 0], [2, 0, 4]]",0.752952602952603,0.6566949001822951,0.7142857142857143,0.6,0.5,0.8461538461538461,0.6666666666666666,1.0
rf,P7,train,4,4,0.6849816849816849,0.6825396825396827,0.7058823529411765,0.543010752688172,0.539240328815048,0.27514491201604896,"[[5, 1, 1], [1, 2, 1], [1, 0, 5]]",0.7586025086025087,0.6738406473700591,0.7142857142857143,0.8,0.5,0.9230769230769231,0.8333333333333334,0.8181818181818182
