model,pipeline,fit_on,seed,fold,macro_f1,balanced_acc,accuracy,kappa,brier,ece,confusion,roc_auc,pr_auc,sens_0,spec_0,sens_1,spec_1
lr,P1,train,0,0,0.6411483253588517,0.6499999999999999,0.6666666666666666,0.2857142857142857,0.4652084300312117,0.1783503220339948,"[[14, 6], [4, 6]]",0.74,0.7751234946683864,0.7,0.6,0.6,0.7
svm_rbf,P1,train,0,0,0.7,0.7,0.7333333333333333,0.4,0.3846591754218284,0.2041850691134509,"[[16, 4], [4, 6]]",0.785,0.7847547341003224,0.8,0.6,0.6,0.8
rf,P1,train,0,0,0.6306429548563611,0.625,0.7,0.2702702702702703,0.3748519348405498,0.0985665704357067,"[[17, 3], [6, 4]]",0.74,0.7228004066356766,0.85,0.4,0.4,0.85
lr,P1,train,0,1,0.6703296703296704,0.675,0.7,0.3414634146341463,0.4239779064133345,0.1403259640913257,"[[15, 5], [4, 6]]",0.7150000000000001,0.7187092681466547,0.75,0.6,0.6,0.75
svm_rbf,P1,train,0,1,0.5738636363636364,0.575,0.6666666666666666,0.1666666666666666,0.5058384533283099,0.2451938276739126,"[[17, 3], [7, 3]]",0.65,0.6423204717109517,0.85,0.3,0.3,0.85
rf,P1,train,0,1,0.4886363636363636,0.5,0.6,0.0,0.4766220759864306,0.1287293027142216,"[[16, 4], [8, 2]]",0.605,0.6030351618033106,0.8,0.2,0.2,0.8
lr,P1,train,0,2,0.6031746031746031,0.6000000000000001,0.6666666666666666,0.2105263157894736,0.5106571074522187,0.2596063317000474,"[[16, 4], [6, 4]]",0.71,0.7138808765040722,0.8,0.4,0.4,0.8
svm_rbf,P1,train,0,2,0.576379974326059,0.575,0.6333333333333333,0.1538461538461538,0.5414525405568413,0.2158092558229459,"[[15, 5], [6, 4]]",0.675,0.6809674667632967,0.75,0.4,0.4,0.75
rf,P1,train,0,2,0.576379974326059,0.575,0.6333333333333333,0.1538461538461538,0.3698748331108248,0.1369715159220704,"[[15, 5], [6, 4]]",0.755,0.7521713898191598,0.75,0.4,0.4,0.75
lr,P1,train,0,3,0.4712103407755582,0.475,0.5,-0.0465116279069768,0.8030022174505517,0.3897792783514596,"[[11, 9], [6, 4]]",0.475,0.515285173088686,0.55,0.4,0.4,0.55
svm_rbf,P1,train,0,3,0.4258373205741627,0.425,0.4666666666666667,-0.1428571428571428,0.8994753595770136,0.4704031856849726,"[[11, 9], [7, 3]]",0.48,0.536034830122914,0.55,0.3,0.3,0.55
rf,P1,train,0,3,0.325,0.325,0.4,-0.3499999999999998,0.5524498166534929,0.3009465631010813,"[[11, 9], [9, 1]]",0.45,0.5574079132906156,0.55,0.1,0.1,0.55
lr,P1,train,0,4,0.5695006747638327,0.5722222222222222,0.6206896551724138,0.1401617250673853,0.5534199038108456,0.264911832443534,"[[14, 6], [5, 4]]",0.6888888888888889,0.6496119523289442,0.7,0.4444444444444444,0.4444444444444444,0.7
svm_rbf,P1,train,0,4,0.3829787234042553,0.45,0.6206896551724138,-0.1272084805653712,0.5550380652280477,0.2895706671988097,"[[18, 2], [9, 0]]",0.7333333333333334,0.6816161221763158,0.9,0.0,0.0,0.9
rf,P1,train,0,4,0.4821428571428571,0.4861111111111111,0.5862068965517241,-0.0295857988165679,0.3885723404689585,0.1738839300125206,"[[15, 5], [7, 2]]",0.7277777777777779,0.6727849458563624,0.75,0.2222222222222222,0.2222222222222222,0.75
lr,P1,train,1,0,0.6825396825396826,0.675,0.7333333333333333,0.3684210526315788,0.4201310670918553,0.2129107105050855,"[[17, 3], [5, 5]]",0.73,0.704322579653462,0.85,0.5,0.5,0.85
svm_rbf,P1,train,1,0,0.6534017971758665,0.65,0.7,0.3076923076923077,0.4443291919588742,0.2353546854934401,"[[16, 4], [5, 5]]",0.73,0.7029999754788843,0.8,0.5,0.5,0.8
rf,P1,train,1,0,0.6306429548563611,0.625,0.7,0.2702702702702703,0.3536191674008551,0.1576817142578613,"[[17, 3], [6, 4]]",0.7749999999999999,0.7887230786427768,0.85,0.4,0.4,0.85
lr,P1,train,1,1,0.7129186602870814,0.725,0.7333333333333333,0.4285714285714286,0.4212863601832741,0.1926793537932876,"[[15, 5], [3, 7]]",0.73,0.7395628189001668,0.75,0.7,0.7,0.75
svm_rbf,P1,train,1,1,0.6534017971758665,0.65,0.7,0.3076923076923077,0.3593043056161441,0.1246886214303155,"[[16, 4], [5, 5]]",0.8049999999999999,0.8020004934155898,0.8,0.5,0.5,0.8
rf,P1,train,1,1,0.7127222982216143,0.7,0.7666666666666667,0.4324324324324324,0.3629348988835098,0.1145896345859746,"[[18, 2], [5, 5]]",0.7849999999999999,0.7559504556975534,0.9,0.5,0.5,0.9
lr,P1,train,1,2,0.6703296703296704,0.675,0.7,0.3414634146341463,0.4628666262508091,0.226045118508971,"[[15, 5], [4, 6]]",0.75,0.7257992465591951,0.75,0.6,0.6,0.75
svm_rbf,P1,train,1,2,0.4993581514762516,0.5,0.5666666666666667,0.0,0.5510625897603291,0.2625262779939099,"[[14, 6], [7, 3]]",0.645,0.632204811859436,0.7,0.3,0.3,0.7
rf,P1,train,1,2,0.55,0.55,0.6,0.1,0.4314989022815892,0.148855230813937,"[[14, 6], [6, 4]]",0.645,0.6477154740562754,0.7,0.4,0.4,0.7
lr,P1,train,1,3,0.569377990430622,0.575,0.6,0.1428571428571429,0.6125076273004912,0.2946103012192295,"[[13, 7], [5, 5]]",0.61,0.5948399851370242,0.65,0.5,0.5,0.65
svm_rbf,P1,train,1,3,0.569377990430622,0.575,0.6,0.1428571428571429,0.6128908220610781,0.2541835974941372,"[[13, 7], [5, 5]]",0.585,0.5814034125942631,0.65,0.5,0.5,0.65
rf,P1,train,1,3,0.55,0.55,0.6,0.1,0.4181468482803509,0.1021184779212198,"[[14, 6], [6, 4]]",0.66,0.6728686311005224,0.7,0.4,0.4,0.7
lr,P1,train,1,4,0.4657894736842105,0.4666666666666667,0.5172413793103449,-0.0628272251308901,0.5866175459994819,0.3408425451552142,"[[12, 8], [6, 3]]",0.5888888888888888,0.6238748025604265,0.6,0.3333333333333333,0.3333333333333333,0.6
svm_rbf,P1,train,1,4,0.5054263565891473,0.5111111111111111,0.6206896551724138,0.0244648318042813,0.5937458672473529,0.2615204811493755,"[[16, 4], [7, 2]]",0.4888888888888889,0.5211251301960631,0.8,0.2222222222222222,0.2222222222222222,0.8
rf,P1,train,1,4,0.5972222222222222,0.5972222222222222,0.6551724137931034,0.1944444444444444,0.4506421222177582,0.242494785670649,"[[15, 5], [5, 4]]",0.6,0.5962834236045822,0.75,0.4444444444444444,0.4444444444444444,0.75
lr,P1,train,2,0,0.576379974326059,0.575,0.6333333333333333,0.1538461538461538,0.5413993302515633,0.2373096821807018,"[[15, 5], [6, 4]]",0.67,0.6814105487725215,0.75,0.4,0.4,0.75
svm_rbf,P1,train,2,0,0.5738636363636364,0.575,0.6666666666666666,0.1666666666666666,0.5664538009587143,0.2835453859030091,"[[17, 3], [7, 3]]",0.645,0.6559538645908616,0.85,0.3,0.3,0.85
rf,P1,train,2,0,0.6534017971758665,0.65,0.7,0.3076923076923077,0.3882698621379868,0.1425882683840401,"[[16, 4], [5, 5]]",0.7050000000000001,0.6861515867030574,0.8,0.5,0.5,0.8
lr,P1,train,2,1,0.7,0.7,0.7333333333333333,0.4,0.3999115758896741,0.2126770415669335,"[[16, 4], [4, 6]]",0.675,0.7168970855107493,0.8,0.6,0.6,0.8
svm_rbf,P1,train,2,1,0.6825396825396826,0.675,0.7333333333333333,0.3684210526315788,0.4344347387084938,0.1962884566600236,"[[17, 3], [5, 5]]",0.67,0.6782381717700277,0.85,0.5,0.5,0.85
rf,P1,train,2,1,0.6825396825396826,0.675,0.7333333333333333,0.3684210526315788,0.4062769027610679,0.110201241834528,"[[17, 3], [5, 5]]",0.685,0.6843633336692547,0.85,0.5,0.5,0.85
lr,P1,train,2,2,0.4,0.4,0.4666666666666667,-0.1999999999999999,0.7374602086206375,0.4117180283522705,"[[12, 8], [8, 2]]",0.5650000000000001,0.5755263994366434,0.6,0.2,0.2,0.6
svm_rbf,P1,train,2,2,0.466484268125855,0.475,0.5666666666666667,-0.0540540540540539,0.6537563820503371,0.2815979738619438,"[[15, 5], [8, 2]]",0.515,0.5452061276499057,0.75,0.2,0.2,0.75
rf,P1,train,2,2,0.475,0.475,0.5333333333333333,-0.05,0.4244189778260491,0.1755315553584575,"[[13, 7], [7, 3]]",0.57,0.586471971567907,0.65,0.3,0.3,0.65
lr,P1,train,2,3,0.569377990430622,0.575,0.6,0.1428571428571429,0.6392654738022706,0.3178750669406001,"[[13, 7], [5, 5]]",0.61,0.6354808576019415,0.65,0.5,0.5,0.65
svm_rbf,P1,train,2,3,0.6411483253588517,0.6499999999999999,0.6666666666666666,0.2857142857142857,0.5303654514062488,0.2602779880371789,"[[14, 6], [4, 6]]",0.675,0.6428817666303722,0.7,0.6,0.6,0.7
rf,P1,train,2,3,0.7129186602870814,0.725,0.7333333333333333,0.4285714285714286,0.3910592053532233,0.1668002626840524,"[[15, 5], [3, 7]]",0.715,0.6734497648086646,0.75,0.7,0.7,0.75
lr,P1,train,2,4,0.5024509803921569,0.5277777777777778,0.5172413793103449,0.0469483568075117,0.7040356508772031,0.3213791754163135,"[[10, 10], [4, 5]]",0.5222222222222221,0.5549267235601408,0.5,0.5555555555555556,0.5555555555555556,0.5
svm_rbf,P1,train,2,4,0.5054263565891473,0.5111111111111111,0.6206896551724138,0.0244648318042813,0.4430235924968445,0.1644709029677229,"[[16, 4], [7, 2]]",0.6777777777777778,0.6754596693820374,0.8,0.2222222222222222,0.2222222222222222,0.8
rf,P1,train,2,4,0.6477732793522267,0.6527777777777778,0.6896551724137931,0.2964959568733153,0.3882480806639243,0.0427583088436377,"[[15, 5], [4, 5]]",0.7166666666666667,0.6900014607272107,0.75,0.5555555555555556,0.5555555555555556,0.75
lr,P1,train,3,0,0.4976076555023923,0.5,0.5333333333333333,0.0,0.5838544956430771,0.3433173952554784,"[[12, 8], [6, 4]]",0.715,0.7444467238308773,0.6,0.4,0.4,0.6
svm_rbf,P1,train,3,0,0.4993581514762516,0.5,0.5666666666666667,0.0,0.6054383501999473,0.3227236947598866,"[[14, 6], [7, 3]]",0.63,0.617753725558471,0.7,0.3,0.3,0.7
rf,P1,train,3,0,0.466484268125855,0.475,0.5666666666666667,-0.0540540540540539,0.4170499527182524,0.1599205998982586,"[[15, 5], [8, 2]]",0.675,0.646853922198116,0.75,0.2,0.2,0.75
lr,P1,train,3,1,0.5542857142857143,0.575,0.5666666666666667,0.1333333333333333,0.5879336878607083,0.3095347370492856,"[[11, 9], [4, 6]]",0.655,0.6751360560454442,0.55,0.6,0.6,0.55
svm_rbf,P1,train,3,1,0.4712103407755582,0.475,0.5,-0.0465116279069768,0.6901851258820239,0.3243175228478927,"[[11, 9], [6, 4]]",0.5449999999999999,0.5819332348106494,0.55,0.4,0.4,0.55
rf,P1,train,3,1,0.5238095238095238,0.525,0.6,0.0526315789473683,0.4163611607522776,0.0687288074837871,"[[15, 5], [7, 3]]",0.655,0.6538831327235555,0.75,0.3,0.3,0.75
lr,P1,train,3,2,0.55,0.55,0.6,0.1,0.5510291497182938,0.2533769854074564,"[[14, 6], [6, 4]]",0.6,0.6629868491644808,0.7,0.4,0.4,0.7
svm_rbf,P1,train,3,2,0.5341614906832298,0.55,0.6666666666666666,0.1176470588235293,0.5159156031810207,0.2418663107609272,"[[18, 2], [8, 2]]",0.565,0.6005919535368865,0.9,0.2,0.2,0.9
rf,P1,train,3,2,0.5485636114911081,0.55,0.6333333333333333,0.1081081081081081,0.4457672378262445,0.1163805370933945,"[[16, 4], [7, 3]]",0.615,0.6296265439645312,0.8,0.3,0.3,0.8
lr,P1,train,3,3,0.730423620025674,0.725,0.7666666666666667,0.4615384615384615,0.3807649924826805,0.2025521693741797,"[[17, 3], [4, 6]]",0.815,0.8177166369635411,0.85,0.6,0.6,0.85
svm_rbf,P1,train,3,3,0.4791666666666666,0.525,0.6666666666666666,0.0625000000000001,0.5281535641463955,0.2703891047368671,"[[19, 1], [9, 1]]",0.71,0.7072620507685163,0.95,0.1,0.1,0.95
rf,P1,train,3,3,0.6000000000000001,0.6,0.7,0.2285714285714286,0.3844551844341722,0.1177187401255337,"[[18, 2], [7, 3]]",0.76,0.7391812161333087,0.9,0.3,0.3,0.9
lr,P1,train,3,4,0.6777777777777778,0.6777777777777778,0.7241379310344828,0.3555555555555555,0.4381623644517827,0.1333572186068208,"[[16, 4], [4, 5]]",0.7277777777777777,0.6991146571532278,0.8,0.5555555555555556,0.5555555555555556,0.8
svm_rbf,P1,train,3,4,0.6777777777777778,0.6777777777777778,0.7241379310344828,0.3555555555555555,0.4105389640474878,0.2483572081265487,"[[16, 4], [4, 5]]",0.7222222222222222,0.6805315010638084,0.8,0.5555555555555556,0.5555555555555556,0.8
rf,P1,train,3,4,0.6947368421052631,0.7083333333333333,0.7241379310344828,0.3926701570680628,0.4074057946811488,0.1068593267205404,"[[15, 5], [3, 6]]",0.7333333333333333,0.721900154402398,0.75,0.6666666666666666,0.6666666666666666,0.75
lr,P1,train,4,0,0.7222222222222222,0.75,0.7333333333333333,0.4545454545454546,0.3917966573568886,0.128912684524162,"[[14, 6], [2, 8]]",0.8150000000000001,0.7732122202852114,0.7,0.8,0.8,0.7
svm_rbf,P1,train,4,0,0.6306429548563611,0.625,0.7,0.2702702702702703,0.399668706461331,0.257062221114583,"[[17, 3], [6, 4]]",0.8049999999999999,0.7602090588934631,0.85,0.4,0.4,0.85
rf,P1,train,4,0,0.5111111111111111,0.525,0.6333333333333333,0.0571428571428572,0.3696373280400143,0.1594061029408429,"[[17, 3], [8, 2]]",0.74,0.7057596850031063,0.85,0.2,0.2,0.85
lr,P1,train,4,1,0.55,0.55,0.6,0.1,0.6242342852505743,0.3047662677811897,"[[14, 6], [6, 4]]",0.56,0.5877399033723089,0.7,0.4,0.4,0.7
svm_rbf,P1,train,4,1,0.5485636114911081,0.55,0.6333333333333333,0.1081081081081081,0.5888615395860521,0.278013894855118,"[[16, 4], [7, 3]]",0.64,0.6319568262012737,0.8,0.3,0.3,0.8
rf,P1,train,4,1,0.569377990430622,0.575,0.6,0.1428571428571429,0.4462289824299525,0.1423853529909407,"[[13, 7], [5, 5]]",0.655,0.6320165135197631,0.65,0.5,0.5,0.65
lr,P1,train,4,2,0.5417156286721504,0.55,0.5666666666666667,0.0930232558139534,0.567858859572636,0.2996742035821206,"[[12, 8], [5, 5]]",0.685,0.7291347218549737,0.6,0.5,0.5,0.6
svm_rbf,P1,train,4,2,0.6031746031746031,0.6000000000000001,0.6666666666666666,0.2105263157894736,0.5094142044480278,0.2471756244712597,"[[16, 4], [6, 4]]",0.69,0.6704191037650895,0.8,0.4,0.4,0.8
rf,P1,train,4,2,0.576379974326059,0.575,0.6333333333333333,0.1538461538461538,0.4395327316869035,0.1532085806639095,"[[15, 5], [6, 4]]",0.605,0.6087183862193726,0.75,0.4,0.4,0.75
lr,P1,train,4,3,0.4976076555023923,0.5,0.5333333333333333,0.0,0.5910897859808298,0.2981042538337414,"[[12, 8], [6, 4]]",0.635,0.6413015881930946,0.6,0.4,0.4,0.6
svm_rbf,P1,train,4,3,0.5485636114911081,0.55,0.6333333333333333,0.1081081081081081,0.6237534355871072,0.3194967390613403,"[[16, 4], [7, 3]]",0.595,0.635486450333532,0.8,0.3,0.3,0.8
rf,P1,train,4,3,0.576379974326059,0.575,0.6333333333333333,0.1538461538461538,0.4602726792956179,0.0976072874436112,"[[15, 5], [6, 4]]",0.585,0.6108255691570909,0.75,0.4,0.4,0.75
lr,P1,train,4,4,0.5423242467718795,0.5416666666666666,0.6206896551724138,0.0859598853868195,0.5695521298408457,0.2614119809273418,"[[15, 5], [6, 3]]",0.6444444444444444,0.6361721552375033,0.75,0.3333333333333333,0.3333333333333333,0.75
svm_rbf,P1,train,4,4,0.5054263565891473,0.5111111111111111,0.6206896551724138,0.0244648318042813,0.548484674433275,0.2324967747871078,"[[16, 4], [7, 2]]",0.6055555555555555,0.6117877021634273,0.8,0.2222222222222222,0.2222222222222222,0.8
rf,P1,train,4,4,0.4591104734576757,0.4611111111111111,0.5517241379310345,-0.0802292263610313,0.4371727829104954,0.2165237215439777,"[[14, 6], [7, 2]]",0.6166666666666667,0.6205819236882933,0.7,0.2222222222222222,0.2222222222222222,0.7
lr,P2,train,0,0,0.5417156286721504,0.55,0.5666666666666667,0.0930232558139534,0.4446214577737667,0.2545284064556999,"[[12, 8], [5, 5]]",0.7100000000000001,0.712033224524761,0.6,0.5,0.5,0.6
svm_rbf,P2,train,0,0,0.5581014729950899,0.575,0.7,0.1818181818181817,0.3520944494152933,0.1794625317133641,"[[19, 1], [8, 2]]",0.8400000000000001,0.7998042010130659,0.95,0.2,0.2,0.95
rf,P2,train,0,0,0.4791666666666666,0.525,0.6666666666666666,0.0625000000000001,0.3882605918347644,0.1920478339302223,"[[19, 1], [9, 1]]",0.82,0.8072943188601884,0.95,0.1,0.1,0.95
lr,P2,train,0,1,0.55,0.55,0.6,0.1,0.45874661903874,0.0731296192818091,"[[14, 6], [6, 4]]",0.655,0.6453607631353879,0.7,0.4,0.4,0.7
svm_rbf,P2,train,0,1,0.5581014729950899,0.575,0.7,0.1818181818181817,0.3806776621748834,0.0512876182396673,"[[19, 1], [8, 2]]",0.74,0.7235154974024943,0.95,0.2,0.2,0.95
rf,P2,train,0,1,0.4791666666666666,0.525,0.6666666666666666,0.0625000000000001,0.4113730053812992,0.1348180312845728,"[[19, 1], [9, 1]]",0.73,0.7113288909167814,0.95,0.1,0.1,0.95
lr,P2,train,0,2,0.55,0.55,0.6,0.1,0.4872201264258105,0.0960676559631281,"[[14, 6], [6, 4]]",0.5700000000000001,0.5605834078936047,0.7,0.4,0.4,0.7
svm_rbf,P2,train,0,2,0.5833333333333334,0.6,0.7333333333333333,0.2500000000000001,0.4110551442173918,0.1035298823839915,"[[20, 0], [8, 2]]",0.67,0.6909403095421401,1.0,0.2,0.2,1.0
rf,P2,train,0,2,0.6563011456628478,0.65,0.7666666666666667,0.3636363636363636,0.4248852672301442,0.272474323345603,"[[20, 0], [7, 3]]",0.625,0.6814162052351411,1.0,0.3,0.3,1.0
lr,P2,train,0,3,0.5417156286721504,0.55,0.5666666666666667,0.0930232558139534,0.4630982913384213,0.0861801913500438,"[[12, 8], [5, 5]]",0.64,0.6781129718234982,0.6,0.5,0.5,0.6
svm_rbf,P2,train,0,3,0.5485636114911081,0.55,0.6333333333333333,0.1081081081081081,0.452696102410412,0.1100327225342382,"[[16, 4], [7, 3]]",0.57,0.6275270571796729,0.8,0.3,0.3,0.8
rf,P2,train,0,3,0.4409937888198757,0.475,0.6,-0.0588235294117647,0.4551400355180551,0.0554524256264069,"[[17, 3], [9, 1]]",0.535,0.5900412822333716,0.85,0.1,0.1,0.85
lr,P2,train,0,4,0.5894465894465895,0.6027777777777779,0.6206896551724138,0.188295165394402,0.4373902999726022,0.0841154104045346,"[[13, 7], [4, 5]]",0.6888888888888889,0.6738734902524656,0.65,0.5555555555555556,0.5555555555555556,0.65
svm_rbf,P2,train,0,4,0.6073500967117988,0.6111111111111112,0.7586206896551724,0.282685512367491,0.3752710125818612,0.0957075486244782,"[[20, 0], [7, 2]]",0.7277777777777777,0.7387763953498463,1.0,0.2222222222222222,0.2222222222222222,1.0
rf,P2,train,0,4,0.5166666666666667,0.5555555555555556,0.7241379310344828,0.1470588235294119,0.4190377751034748,0.1341733262458339,"[[20, 0], [8, 1]]",0.6277777777777778,0.7014582486034231,1.0,0.1111111111111111,0.1111111111111111,1.0
lr,P2,train,1,0,0.5970695970695971,0.6,0.6333333333333333,0.1951219512195121,0.4667331642270064,0.0585444078039462,"[[14, 6], [5, 5]]",0.5800000000000001,0.6159132867106097,0.7,0.5,0.5,0.7
svm_rbf,P2,train,1,0,0.6563011456628478,0.65,0.7666666666666667,0.3636363636363636,0.4024456076350344,0.1252823638174363,"[[20, 0], [7, 3]]",0.63,0.6811351761453182,1.0,0.3,0.3,1.0
rf,P2,train,1,0,0.7204968944099379,0.7,0.8,0.4705882352941176,0.4314690440348095,0.2641893161906979,"[[20, 0], [6, 4]]",0.6100000000000001,0.676838120946089,1.0,0.4,0.4,1.0
lr,P2,train,1,1,0.569377990430622,0.575,0.6,0.1428571428571429,0.4515569594727617,0.0971362474110112,"[[13, 7], [5, 5]]",0.645,0.6307762012487519,0.65,0.5,0.5,0.65
svm_rbf,P2,train,1,1,0.5833333333333334,0.6,0.7333333333333333,0.2500000000000001,0.346421929973961,0.1143594448012263,"[[20, 0], [8, 2]]",0.915,0.9085835111096334,1.0,0.2,0.2,1.0
rf,P2,train,1,1,0.4,0.5,0.6666666666666666,0.0,0.400415803241728,0.2283615377461005,"[[20, 0], [10, 0]]",0.89,0.8853297088117135,1.0,0.0,0.0,1.0
lr,P2,train,1,2,0.6228571428571429,0.6499999999999999,0.6333333333333333,0.2666666666666667,0.42815986275817,0.1636488941318408,"[[12, 8], [3, 7]]",0.6900000000000001,0.7021117515382221,0.6,0.7,0.7,0.6
svm_rbf,P2,train,1,2,0.6000000000000001,0.6,0.7,0.2285714285714286,0.3900954164411327,0.0849563843172739,"[[18, 2], [7, 3]]",0.715,0.71878878301105,0.9,0.3,0.3,0.9
rf,P2,train,1,2,0.4599018003273322,0.5,0.6333333333333333,0.0,0.4239715469521572,0.0609741378751885,"[[18, 2], [9, 1]]",0.68,0.6598614713123732,0.9,0.1,0.1,0.9
lr,P2,train,1,3,0.6329254727474972,0.7,0.6333333333333333,0.3265306122448979,0.4332137361797563,0.0659896204470047,"[[10, 10], [1, 9]]",0.79,0.7693168871358527,0.5,0.9,0.9,0.5
svm_rbf,P2,train,1,3,0.6888888888888889,0.675,0.7666666666666667,0.4,0.3865828275041327,0.1976266697742381,"[[19, 1], [6, 4]]",0.775,0.7840238749832824,0.95,0.4,0.4,0.95
rf,P2,train,1,3,0.5581014729950899,0.575,0.7,0.1818181818181817,0.4355117098085642,0.1297756365193191,"[[19, 1], [8, 2]]",0.715,0.709741546007026,0.95,0.2,0.2,0.95
lr,P2,train,1,4,0.5606060606060606,0.5777777777777777,0.5862068965517241,0.1386138613861385,0.4929117365667282,0.0526779350062018,"[[12, 8], [4, 5]]",0.5611111111111111,0.5515151451548765,0.6,0.5555555555555556,0.5555555555555556,0.6
svm_rbf,P2,train,1,4,0.3958333333333333,0.475,0.6551724137931034,-0.0661764705882352,0.4450383763812128,0.1604148685025632,"[[19, 1], [9, 0]]",0.5388888888888889,0.5368962334309035,0.95,0.0,0.0,0.95
rf,P2,train,1,4,0.3958333333333333,0.475,0.6551724137931034,-0.0661764705882352,0.4489570662211133,0.0779513387904068,"[[19, 1], [9, 0]]",0.5333333333333332,0.5390924015710133,0.95,0.0,0.0,0.95
lr,P2,train,2,0,0.6703296703296704,0.675,0.7,0.3414634146341463,0.4076122491685618,0.0858879588087068,"[[15, 5], [4, 6]]",0.76,0.7446967885238811,0.75,0.6,0.6,0.75
svm_rbf,P2,train,2,0,0.4791666666666666,0.525,0.6666666666666666,0.0625000000000001,0.3649687923462598,0.1326733792522739,"[[19, 1], [9, 1]]",0.805,0.7834936313869004,0.95,0.1,0.1,0.95
rf,P2,train,2,0,0.4990723562152134,0.55,0.7,0.129032258064516,0.3974706460953907,0.1332090791802322,"[[20, 0], [9, 1]]",0.8300000000000001,0.840849672670325,1.0,0.1,0.1,1.0
lr,P2,train,2,1,0.4570135746606335,0.475,0.4666666666666667,-0.0434782608695651,0.5762198689901,0.1719278212085552,"[[9, 11], [5, 5]]",0.47,0.5506854208676419,0.45,0.5,0.5,0.45
svm_rbf,P2,train,2,1,0.5111111111111111,0.525,0.6333333333333333,0.0571428571428572,0.4383131158639352,0.1906997701162006,"[[17, 3], [8, 2]]",0.5700000000000001,0.5929002717659038,0.85,0.2,0.2,0.85
rf,P2,train,2,1,0.6273291925465838,0.625,0.7333333333333333,0.2941176470588235,0.4508474587760906,0.1438709978574686,"[[19, 1], [7, 3]]",0.5700000000000001,0.6345811707234426,0.95,0.3,0.3,0.95
lr,P2,train,2,2,0.4666666666666667,0.5249999999999999,0.4666666666666667,0.04,0.5484694763042469,0.1927235312009002,"[[7, 13], [3, 7]]",0.51,0.5519539773984707,0.35,0.7,0.7,0.35
svm_rbf,P2,train,2,2,0.5738636363636364,0.575,0.6666666666666666,0.1666666666666666,0.4234879848718998,0.1372462431312744,"[[17, 3], [7, 3]]",0.65,0.6490719005721699,0.85,0.3,0.3,0.85
rf,P2,train,2,2,0.6000000000000001,0.6,0.7,0.2285714285714286,0.4181892611899163,0.1003936177101392,"[[18, 2], [7, 3]]",0.705,0.7111915750554323,0.9,0.3,0.3,0.9
lr,P2,train,2,3,0.6296296296296295,0.675,0.6333333333333333,0.297872340425532,0.4516123493766547,0.1201602774532788,"[[11, 9], [2, 8]]",0.715,0.6835741066925278,0.55,0.8,0.8,0.55
svm_rbf,P2,train,2,3,0.7443181818181819,0.725,0.8,0.5,0.3642073648587977,0.1635002744677292,"[[19, 1], [5, 5]]",0.7999999999999999,0.8130094634903492,0.95,0.5,0.5,0.95
rf,P2,train,2,3,0.5833333333333334,0.6,0.7333333333333333,0.2500000000000001,0.4122519233098579,0.14092170331245,"[[20, 0], [8, 2]]",0.76,0.777653489255892,1.0,0.2,0.2,1.0
lr,P2,train,2,4,0.6947368421052631,0.7083333333333333,0.7241379310344828,0.3926701570680628,0.4169920621269549,0.1191501567772621,"[[15, 5], [3, 6]]",0.6888888888888888,0.6537800800340945,0.75,0.6666666666666666,0.6666666666666666,0.75
svm_rbf,P2,train,2,4,0.4746376811594203,0.5055555555555555,0.6551724137931034,0.0136054421768706,0.3904553537989375,0.0745883673422042,"[[18, 2], [8, 1]]",0.7055555555555556,0.7015882303189226,0.9,0.1111111111111111,0.1111111111111111,0.9
rf,P2,train,2,4,0.495164410058027,0.5305555555555556,0.6896551724137931,0.0777385159010599,0.419801126259657,0.0726804490738624,"[[19, 1], [8, 1]]",0.6333333333333333,0.6346304944558007,0.95,0.1111111111111111,0.1111111111111111,0.95
lr,P2,train,3,0,0.4949494949494949,0.525,0.5,0.0425531914893617,0.5114699408240301,0.1661590766978581,"[[9, 11], [4, 6]]",0.5499999999999999,0.5998470615145767,0.45,0.6,0.6,0.45
svm_rbf,P2,train,3,0,0.5738636363636364,0.575,0.6666666666666666,0.1666666666666666,0.3936008063028574,0.1180030512535959,"[[17, 3], [7, 3]]",0.6950000000000001,0.6635206990922957,0.85,0.3,0.3,0.85
rf,P2,train,3,0,0.5341614906832298,0.55,0.6666666666666666,0.1176470588235293,0.4265545763513489,0.1013364357002369,"[[18, 2], [8, 2]]",0.675,0.6359188404409414,0.9,0.2,0.2,0.9
lr,P2,train,3,1,0.7129186602870814,0.725,0.7333333333333333,0.4285714285714286,0.4091294858594826,0.1206623048347836,"[[15, 5], [3, 7]]",0.78,0.7359804815067974,0.75,0.7,0.7,0.75
svm_rbf,P2,train,3,1,0.6273291925465838,0.625,0.7333333333333333,0.2941176470588235,0.3743375861286668,0.1039459246709533,"[[19, 1], [7, 3]]",0.79,0.7677372621349352,0.95,0.3,0.3,0.95
rf,P2,train,3,1,0.4,0.5,0.6666666666666666,0.0,0.4015548168013332,0.1966518410135355,"[[20, 0], [10, 0]]",0.87,0.8729500861989673,1.0,0.0,0.0,1.0
lr,P2,train,3,2,0.5622895622895623,0.6,0.5666666666666667,0.1702127659574468,0.5237923901340352,0.1257165569005373,"[[10, 10], [3, 7]]",0.555,0.5951723582676518,0.5,0.7,0.7,0.5
svm_rbf,P2,train,3,2,0.6273291925465838,0.625,0.7333333333333333,0.2941176470588235,0.4398566971089988,0.1991324156669413,"[[19, 1], [7, 3]]",0.5900000000000001,0.6141064174708044,0.95,0.3,0.3,0.95
rf,P2,train,3,2,0.5581014729950899,0.575,0.7,0.1818181818181817,0.4517225794110421,0.2029736696758797,"[[19, 1], [8, 2]]",0.575,0.6125273044013703,0.95,0.2,0.2,0.95
lr,P2,train,3,3,0.6122209165687427,0.625,0.6333333333333333,0.2325581395348837,0.4056084325029918,0.1426599130318628,"[[13, 7], [4, 6]]",0.72,0.7150040617768317,0.65,0.6,0.6,0.65
svm_rbf,P2,train,3,3,0.5581014729950899,0.575,0.7,0.1818181818181817,0.401666371225322,0.0621533002290235,"[[19, 1], [8, 2]]",0.7050000000000001,0.7265401295564339,0.95,0.2,0.2,0.95
rf,P2,train,3,3,0.4990723562152134,0.55,0.7,0.129032258064516,0.4250445050263735,0.109264461602736,"[[20, 0], [9, 1]]",0.64,0.6615719393843849,1.0,0.1,0.1,1.0
lr,P2,train,3,4,0.6477732793522267,0.6527777777777778,0.6896551724137931,0.2964959568733153,0.414575836850063,0.0581998163272326,"[[15, 5], [4, 5]]",0.6944444444444444,0.7060738916298127,0.75,0.5555555555555556,0.5555555555555556,0.75
svm_rbf,P2,train,3,4,0.5538461538461539,0.5611111111111111,0.6896551724137931,0.1442622950819672,0.3805968405396173,0.1226386638114178,"[[18, 2], [7, 2]]",0.7388888888888889,0.7275475539348089,0.9,0.2222222222222222,0.2222222222222222,0.9
rf,P2,train,3,4,0.495164410058027,0.5305555555555556,0.6896551724137931,0.0777385159010599,0.4157031667221627,0.0956428307152749,"[[19, 1], [8, 1]]",0.7444444444444445,0.7171426256657097,0.95,0.1111111111111111,0.1111111111111111,0.95
lr,P2,train,4,0,0.4976076555023923,0.5,0.5333333333333333,0.0,0.56097027281958,0.1924444544396545,"[[12, 8], [6, 4]]",0.48,0.5048908612761356,0.6,0.4,0.4,0.6
svm_rbf,P2,train,4,0,0.5581014729950899,0.575,0.7,0.1818181818181817,0.435242012707111,0.1354091889942195,"[[19, 1], [8, 2]]",0.575,0.618430791609037,0.95,0.2,0.2,0.95
rf,P2,train,4,0,0.4990723562152134,0.55,0.7,0.129032258064516,0.4350530862534144,0.1340354722313105,"[[20, 0], [9, 1]]",0.57,0.656385919806716,1.0,0.1,0.1,1.0
lr,P2,train,4,1,0.6228571428571429,0.6499999999999999,0.6333333333333333,0.2666666666666667,0.4505447602815281,0.02477286398569,"[[12, 8], [3, 7]]",0.675,0.6724811144315455,0.6,0.7,0.7,0.6
svm_rbf,P2,train,4,1,0.5341614906832298,0.55,0.6666666666666666,0.1176470588235293,0.3786875944864383,0.175800075468939,"[[18, 2], [8, 2]]",0.785,0.7733924150904061,0.9,0.2,0.2,0.9
rf,P2,train,4,1,0.4791666666666666,0.525,0.6666666666666666,0.0625000000000001,0.4186749688924076,0.0730570090190858,"[[19, 1], [9, 1]]",0.8,0.753782267080322,0.95,0.1,0.1,0.95
lr,P2,train,4,2,0.6122209165687427,0.625,0.6333333333333333,0.2325581395348837,0.3966687998897973,0.1551666454248058,"[[13, 7], [4, 6]]",0.755,0.7776727678639443,0.65,0.6,0.6,0.65
svm_rbf,P2,train,4,2,0.6273291925465838,0.625,0.7333333333333333,0.2941176470588235,0.3827600911211766,0.0822816918206258,"[[19, 1], [7, 3]]",0.735,0.7571632634579617,0.95,0.3,0.3,0.95
rf,P2,train,4,2,0.4791666666666666,0.525,0.6666666666666666,0.0625000000000001,0.4179885811790954,0.0739575410758868,"[[19, 1], [9, 1]]",0.695,0.7025559180866552,0.95,0.1,0.1,0.95
lr,P2,train,4,3,0.5417156286721504,0.55,0.5666666666666667,0.0930232558139534,0.4954752879989249,0.0596131993375213,"[[12, 8], [5, 5]]",0.51,0.5421068937660884,0.6,0.5,0.5,0.6
svm_rbf,P2,train,4,3,0.4791666666666666,0.525,0.6666666666666666,0.0625000000000001,0.4300327809159919,0.0730274905201102,"[[19, 1], [9, 1]]",0.625,0.6089267152526888,0.95,0.1,0.1,0.95
rf,P2,train,4,3,0.4,0.5,0.6666666666666666,0.0,0.4448405747583323,0.1362845987196038,"[[20, 0], [10, 0]]",0.5800000000000001,0.6263570533536506,1.0,0.0,0.0,1.0
lr,P2,train,4,4,0.4361111111111111,0.4361111111111111,0.5172413793103449,-0.1277777777777777,0.5355316333148396,0.1230764441026605,"[[13, 7], [7, 2]]",0.4333333333333333,0.4986582549093698,0.65,0.2222222222222222,0.2222222222222222,0.65
svm_rbf,P2,train,4,4,0.495164410058027,0.5305555555555556,0.6896551724137931,0.0777385159010599,0.4332092400856845,0.1239173842108662,"[[19, 1], [8, 1]]",0.5611111111111111,0.5832516133396006,0.95,0.1111111111111111,0.1111111111111111,0.95
rf,P2,train,4,4,0.5797101449275363,0.586111111111111,0.7241379310344828,0.2108843537414965,0.4408742157994673,0.1865645168460017,"[[19, 1], [7, 2]]",0.5111111111111111,0.5490142267218232,0.95,0.2222222222222222,0.2222222222222222,0.95
lr,P3,train,0,0,0.730423620025674,0.725,0.7666666666666667,0.4615384615384615,0.4158269098960087,0.2180323875155484,"[[17, 3], [4, 6]]",0.775,0.7504500028480293,0.85,0.6,0.6,0.85
svm_rbf,P3,train,0,0,0.625,0.625,0.6666666666666666,0.25,0.4139805082082015,0.2066049117676037,"[[15, 5], [5, 5]]",0.795,0.7950327352965159,0.75,0.5,0.5,0.75
rf,P3,train,0,0,0.6703296703296704,0.675,0.7,0.3414634146341463,0.3807079993749471,0.1284818337039387,"[[15, 5], [4, 6]]",0.745,0.6992100611806495,0.75,0.6,0.6,0.75
lr,P3,train,0,1,0.6703296703296704,0.675,0.7,0.3414634146341463,0.512593434402012,0.2800010313300413,"[[15, 5], [4, 6]]",0.695,0.6623516268355265,0.75,0.6,0.6,0.75
svm_rbf,P3,train,0,1,0.6534017971758665,0.65,0.7,0.3076923076923077,0.4402360106011485,0.1814882139755381,"[[16, 4], [5, 5]]",0.76,0.7020694882225055,0.8,0.5,0.5,0.8
rf,P3,train,0,1,0.5485636114911081,0.55,0.6333333333333333,0.1081081081081081,0.3591408374445566,0.2737905868293699,"[[16, 4], [7, 3]]",0.83,0.818362715987716,0.8,0.3,0.3,0.8
lr,P3,train,0,2,0.730423620025674,0.725,0.7666666666666667,0.4615384615384615,0.4416699059071401,0.226186469708698,"[[17, 3], [4, 6]]",0.77,0.7380098361183554,0.85,0.6,0.6,0.85
svm_rbf,P3,train,0,2,0.6000000000000001,0.6,0.7,0.2285714285714286,0.4104151205309838,0.18375844372123,"[[18, 2], [7, 3]]",0.8,0.7997850681453624,0.9,0.3,0.3,0.9
rf,P3,train,0,2,0.6888888888888889,0.675,0.7666666666666667,0.4,0.3256782710413117,0.112407130148593,"[[19, 1], [6, 4]]",0.795,0.8146184572800705,0.95,0.4,0.4,0.95
lr,P3,train,0,3,0.5238095238095237,0.525,0.5666666666666667,0.0487804878048779,0.6962425837884499,0.3458093036725207,"[[13, 7], [6, 4]]",0.53,0.5307518229838466,0.65,0.4,0.4,0.65
svm_rbf,P3,train,0,3,0.4223363286264441,0.425,0.5,-0.1538461538461537,0.7238059074366789,0.3486615957250353,"[[13, 7], [8, 2]]",0.485,0.5421963164207285,0.65,0.2,0.2,0.65
rf,P3,train,0,3,0.475,0.475,0.5333333333333333,-0.05,0.5172864271553189,0.2049446914398312,"[[13, 7], [7, 3]]",0.545,0.5536627175106865,0.65,0.3,0.3,0.65
lr,P3,train,0,4,0.6255380200860832,0.6222222222222222,0.6896551724137931,0.2521489971346705,0.4853852676319371,0.2625156760797604,"[[16, 4], [5, 4]]",0.7388888888888888,0.7366843551565418,0.8,0.4444444444444444,0.4444444444444444,0.8
svm_rbf,P3,train,0,4,0.7919655667144907,0.7833333333333333,0.8275862068965517,0.5845272206303725,0.2620107120620681,0.0994006171331117,"[[18, 2], [3, 6]]",0.9,0.8153304044827034,0.9,0.6666666666666666,0.6666666666666666,0.9
rf,P3,train,0,4,0.7410714285714286,0.7277777777777779,0.7931034482758621,0.485207100591716,0.3161622773209267,0.1193202461800752,"[[18, 2], [4, 5]]",0.888888888888889,0.8056327191271233,0.9,0.5555555555555556,0.5555555555555556,0.9
lr,P3,train,1,0,0.7204968944099379,0.7,0.8,0.4705882352941176,0.4468730773627589,0.2682232920770148,"[[20, 0], [6, 4]]",0.655,0.7225510907034667,1.0,0.4,0.4,1.0
svm_rbf,P3,train,1,0,0.6825396825396826,0.675,0.7333333333333333,0.3684210526315788,0.3339663551273579,0.1594583177152115,"[[17, 3], [5, 5]]",0.81,0.8201158255522066,0.85,0.5,0.5,0.85
rf,P3,train,1,0,0.6534017971758665,0.65,0.7,0.3076923076923077,0.3605276108268326,0.076154484623654,"[[16, 4], [5, 5]]",0.755,0.7099812664187666,0.8,0.5,0.5,0.8
lr,P3,train,1,1,0.6703296703296704,0.675,0.7,0.3414634146341463,0.5742952113373184,0.3148884053500826,"[[15, 5], [4, 6]]",0.6749999999999999,0.7267643766681239,0.75,0.6,0.6,0.75
svm_rbf,P3,train,1,1,0.8412698412698413,0.825,0.8666666666666667,0.6842105263157894,0.2450965358721661,0.1126358320300095,"[[19, 1], [3, 7]]",0.85,0.8728710230258219,0.95,0.7,0.7,0.95
rf,P3,train,1,1,0.7749999999999999,0.7749999999999999,0.8,0.55,0.3106220146337391,0.1253374824541406,"[[17, 3], [3, 7]]",0.8550000000000001,0.8712796976844965,0.85,0.7,0.7,0.85
lr,P3,train,1,2,0.5970695970695971,0.6,0.6333333333333333,0.1951219512195121,0.637162826049747,0.3330742058593823,"[[14, 6], [5, 5]]",0.605,0.5992907555997915,0.7,0.5,0.5,0.7
svm_rbf,P3,train,1,2,0.5417156286721504,0.55,0.5666666666666667,0.0930232558139534,0.6439491743922482,0.3296871004993683,"[[12, 8], [5, 5]]",0.605,0.6045292922833411,0.6,0.5,0.5,0.6
rf,P3,train,1,2,0.5417156286721504,0.55,0.5666666666666667,0.0930232558139534,0.4572715277210371,0.1522629092586284,"[[12, 8], [5, 5]]",0.645,0.6296730633754228,0.6,0.5,0.5,0.6
lr,P3,train,1,3,0.6703296703296704,0.675,0.7,0.3414634146341463,0.3410592378795487,0.1753258509011883,"[[15, 5], [4, 6]]",0.845,0.8446210782394993,0.75,0.6,0.6,0.75
svm_rbf,P3,train,1,3,0.7443181818181819,0.725,0.8,0.5,0.3128057623396728,0.1441623966252805,"[[19, 1], [5, 5]]",0.8300000000000001,0.8454044085849763,0.95,0.5,0.5,0.95
rf,P3,train,1,3,0.6273291925465838,0.625,0.7333333333333333,0.2941176470588235,0.4240702419156204,0.1463195880627859,"[[19, 1], [7, 3]]",0.635,0.6638314006724251,0.95,0.3,0.3,0.95
lr,P3,train,1,4,0.5972222222222222,0.5972222222222222,0.6551724137931034,0.1944444444444444,0.569767735467631,0.2911495102899045,"[[15, 5], [5, 4]]",0.6722222222222223,0.6385927571777692,0.75,0.4444444444444444,0.4444444444444444,0.75
svm_rbf,P3,train,1,4,0.6233766233766234,0.6166666666666667,0.7241379310344828,0.2658227848101265,0.3913113487859827,0.1060303846562693,"[[18, 2], [6, 3]]",0.7444444444444445,0.7163118529215597,0.9,0.3333333333333333,0.3333333333333333,0.9
rf,P3,train,1,4,0.6547619047619048,0.6472222222222221,0.7241379310344828,0.3136094674556212,0.3440754046578039,0.0534843585583061,"[[17, 3], [5, 4]]",0.7833333333333333,0.7819350535975055,0.85,0.4444444444444444,0.4444444444444444,0.85
lr,P3,train,2,0,0.6703296703296704,0.675,0.7,0.3414634146341463,0.5418723167788364,0.3012660456878923,"[[15, 5], [4, 6]]",0.7000000000000001,0.6746056794876877,0.75,0.6,0.6,0.75
svm_rbf,P3,train,2,0,0.6306429548563611,0.625,0.7,0.2702702702702703,0.5517526390206898,0.2764348559225908,"[[17, 3], [6, 4]]",0.67,0.6450775796416381,0.85,0.4,0.4,0.85
rf,P3,train,2,0,0.6534017971758665,0.65,0.7,0.3076923076923077,0.4233383688436072,0.0823086538695433,"[[16, 4], [5, 5]]",0.685,0.6704840279910361,0.8,0.5,0.5,0.8
lr,P3,train,2,1,0.6000000000000001,0.6,0.7,0.2285714285714286,0.5208885170094486,0.2611394157133183,"[[18, 2], [7, 3]]",0.7350000000000001,0.7192068748714286,0.9,0.3,0.3,0.9
svm_rbf,P3,train,2,1,0.6888888888888889,0.675,0.7666666666666667,0.4,0.3999016691484386,0.1880126872114936,"[[19, 1], [6, 4]]",0.77,0.7668329998467802,0.95,0.4,0.4,0.95
rf,P3,train,2,1,0.6590909090909092,0.65,0.7333333333333333,0.3333333333333333,0.3582324737972602,0.0772037108767155,"[[18, 2], [6, 4]]",0.78,0.7424542176090164,0.9,0.4,0.4,0.9
lr,P3,train,2,2,0.7532314923619272,0.775,0.7666666666666667,0.5116279069767442,0.3358121669523323,0.1296190988058328,"[[15, 5], [2, 8]]",0.8450000000000001,0.8045340738234341,0.75,0.8,0.8,0.75
svm_rbf,P3,train,2,2,0.5833333333333333,0.6,0.6,0.1818181818181818,0.4953264284043711,0.2674966301824218,"[[12, 8], [4, 6]]",0.78,0.7716236462522094,0.6,0.6,0.6,0.6
rf,P3,train,2,2,0.5417156286721504,0.55,0.5666666666666667,0.0930232558139534,0.4591076109154188,0.1469702224631434,"[[12, 8], [5, 5]]",0.605,0.6057707291666544,0.6,0.5,0.5,0.6
lr,P3,train,2,3,0.7435897435897436,0.75,0.7666666666666667,0.4878048780487805,0.3999618900045538,0.2215867475378057,"[[16, 4], [3, 7]]",0.78,0.7469920249065787,0.8,0.7,0.7,0.8
svm_rbf,P3,train,2,3,0.8168498168498168,0.825,0.8333333333333334,0.6341463414634146,0.2880589762689816,0.1049037273576138,"[[17, 3], [2, 8]]",0.865,0.8379048182535827,0.85,0.8,0.8,0.85
rf,P3,train,2,3,0.7749999999999999,0.7749999999999999,0.8,0.55,0.302657382042761,0.1354073967777216,"[[17, 3], [3, 7]]",0.905,0.9029911178218069,0.85,0.7,0.7,0.85
lr,P3,train,2,4,0.5972222222222222,0.5972222222222222,0.6551724137931034,0.1944444444444444,0.5650999016081965,0.279073203474056,"[[15, 5], [5, 4]]",0.6388888888888888,0.6367343917445338,0.75,0.4444444444444444,0.4444444444444444,0.75
svm_rbf,P3,train,2,4,0.7175324675324675,0.6972222222222222,0.7931034482758621,0.4493670886075949,0.352913683216019,0.191229661712346,"[[19, 1], [5, 4]]",0.7611111111111111,0.7930871265536935,0.95,0.4444444444444444,0.4444444444444444,0.95
rf,P3,train,2,4,0.7583333333333333,0.7583333333333333,0.7931034482758621,0.5166666666666666,0.3282363098153096,0.1207100932915082,"[[17, 3], [3, 6]]",0.8166666666666667,0.7875803113008996,0.85,0.6666666666666666,0.6666666666666666,0.85
lr,P3,train,3,0,0.730423620025674,0.725,0.7666666666666667,0.4615384615384615,0.3821701570689194,0.1499422366781874,"[[17, 3], [4, 6]]",0.8150000000000001,0.788969167847344,0.85,0.6,0.6,0.85
svm_rbf,P3,train,3,0,0.625,0.625,0.6666666666666666,0.25,0.4420258445940987,0.2453708708832446,"[[15, 5], [5, 5]]",0.7949999999999999,0.761250303960574,0.75,0.5,0.5,0.75
rf,P3,train,3,0,0.5970695970695971,0.6,0.6333333333333333,0.1951219512195121,0.4290645236509257,0.1468364504001942,"[[14, 6], [5, 5]]",0.7,0.6775499165745414,0.7,0.5,0.5,0.7
lr,P3,train,3,1,0.576379974326059,0.575,0.6333333333333333,0.1538461538461538,0.6015850288425139,0.2879351062203473,"[[15, 5], [6, 4]]",0.6699999999999999,0.6481129737350714,0.75,0.4,0.4,0.75
svm_rbf,P3,train,3,1,0.576379974326059,0.575,0.6333333333333333,0.1538461538461538,0.4184385614342475,0.1974213960252993,"[[15, 5], [6, 4]]",0.755,0.7453497502659026,0.75,0.4,0.4,0.75
rf,P3,train,3,1,0.6534017971758665,0.65,0.7,0.3076923076923077,0.3711334152298787,0.1426007061380405,"[[16, 4], [5, 5]]",0.77,0.766456644662527,0.8,0.5,0.5,0.8
lr,P3,train,3,2,0.730423620025674,0.725,0.7666666666666667,0.4615384615384615,0.4709775234963224,0.2620054983043466,"[[17, 3], [4, 6]]",0.6549999999999999,0.6360201242952391,0.85,0.6,0.6,0.85
svm_rbf,P3,train,3,2,0.4886363636363636,0.5,0.6,0.0,0.5697900914774088,0.2716183241941858,"[[16, 4], [8, 2]]",0.5700000000000001,0.5716578843739087,0.8,0.2,0.2,0.8
rf,P3,train,3,2,0.4222222222222222,0.45,0.5666666666666667,-0.1142857142857141,0.4495254447288016,0.1135615659644093,"[[16, 4], [9, 1]]",0.605,0.6034270556396958,0.8,0.1,0.1,0.8
lr,P3,train,3,3,0.4993581514762516,0.5,0.5666666666666667,0.0,0.7485937555220192,0.3789872594254935,"[[14, 6], [7, 3]]",0.665,0.6666803749552229,0.7,0.3,0.3,0.7
svm_rbf,P3,train,3,3,0.4,0.5,0.6666666666666666,0.0,0.4765634862381988,0.2338004984717103,"[[20, 0], [10, 0]]",0.755,0.7033296308576482,1.0,0.0,0.0,1.0
rf,P3,train,3,3,0.6273291925465838,0.625,0.7333333333333333,0.2941176470588235,0.3702782940031513,0.1281066827163453,"[[19, 1], [7, 3]]",0.765,0.7708319087537775,0.95,0.3,0.3,0.95
lr,P3,train,3,4,0.7070707070707071,0.7388888888888889,0.7241379310344828,0.4257425742574257,0.4112177043628621,0.1827675598849253,"[[14, 6], [2, 7]]",0.7888888888888889,0.7379754651992295,0.7,0.7777777777777778,0.7777777777777778,0.7
svm_rbf,P3,train,3,4,0.7583333333333333,0.7583333333333333,0.7931034482758621,0.5166666666666666,0.2786678727760669,0.0795209452296978,"[[17, 3], [3, 6]]",0.8388888888888888,0.8384015695194438,0.85,0.6666666666666666,0.6666666666666666,0.85
rf,P3,train,3,4,0.7919655667144907,0.7833333333333333,0.8275862068965517,0.5845272206303725,0.3648288288550246,0.1953275267399621,"[[18, 2], [3, 6]]",0.7388888888888888,0.7460534103481086,0.9,0.6666666666666666,0.6666666666666666,0.9
lr,P3,train,4,0,0.6000000000000001,0.6,0.7,0.2285714285714286,0.4182399519787994,0.2280218798664518,"[[18, 2], [7, 3]]",0.835,0.7837481908505937,0.9,0.3,0.3,0.9
svm_rbf,P3,train,4,0,0.6273291925465838,0.625,0.7333333333333333,0.2941176470588235,0.3240852636587806,0.165492283450266,"[[19, 1], [7, 3]]",0.895,0.8538765822716348,0.95,0.3,0.3,0.95
rf,P3,train,4,0,0.7127222982216143,0.7,0.7666666666666667,0.4324324324324324,0.2851522497260467,0.1710444670547181,"[[18, 2], [5, 5]]",0.885,0.8615248015873016,0.9,0.5,0.5,0.9
lr,P3,train,4,1,0.55,0.55,0.6,0.1,0.6682015699544311,0.3001418107135116,"[[14, 6], [6, 4]]",0.585,0.5890809086834229,0.7,0.4,0.4,0.7
svm_rbf,P3,train,4,1,0.7127222982216143,0.7,0.7666666666666667,0.4324324324324324,0.3314186240773132,0.1080180738876927,"[[18, 2], [5, 5]]",0.825,0.84226860469028,0.9,0.5,0.5,0.9
rf,P3,train,4,1,0.6306429548563611,0.625,0.7,0.2702702702702703,0.3362552561759741,0.0930843730281574,"[[17, 3], [6, 4]]",0.79,0.78816452313671,0.85,0.4,0.4,0.85
lr,P3,train,4,2,0.6827262044653349,0.7,0.7,0.3720930232558139,0.4830186000974653,0.2024909358740702,"[[14, 6], [3, 7]]",0.76,0.7362425343608926,0.7,0.7,0.7,0.7
svm_rbf,P3,train,4,2,0.576379974326059,0.575,0.6333333333333333,0.1538461538461538,0.5656725467670606,0.265128714920482,"[[15, 5], [6, 4]]",0.7,0.7027959706809951,0.75,0.4,0.4,0.75
rf,P3,train,4,2,0.5238095238095238,0.525,0.6,0.0526315789473683,0.4162659121169245,0.1211876770486181,"[[15, 5], [7, 3]]",0.6849999999999999,0.7067816009635484,0.75,0.3,0.3,0.75
lr,P3,train,4,3,0.5970695970695971,0.6,0.6333333333333333,0.1951219512195121,0.644118599409948,0.3661273805342833,"[[14, 6], [5, 5]]",0.65,0.6563840356306327,0.7,0.5,0.5,0.7
svm_rbf,P3,train,4,3,0.6825396825396826,0.675,0.7333333333333333,0.3684210526315788,0.4400176078385728,0.1955475979202516,"[[17, 3], [5, 5]]",0.6950000000000001,0.7358769047149887,0.85,0.5,0.5,0.85
rf,P3,train,4,3,0.6411483253588517,0.6499999999999999,0.6666666666666666,0.2857142857142857,0.3832891467206278,0.1460491512449415,"[[14, 6], [4, 6]]",0.775,0.7756245259185639,0.7,0.6,0.6,0.7
lr,P3,train,4,4,0.6255380200860832,0.6222222222222222,0.6896551724137931,0.2521489971346705,0.5221859294803648,0.23404130341306,"[[16, 4], [5, 4]]",0.7,0.7142316791944632,0.8,0.4444444444444444,0.4444444444444444,0.8
svm_rbf,P3,train,4,4,0.6255380200860832,0.6222222222222222,0.6896551724137931,0.2521489971346705,0.4518062772532168,0.2408168240405097,"[[16, 4], [5, 4]]",0.7277777777777777,0.6828133492507359,0.8,0.4444444444444444,0.4444444444444444,0.8
rf,P3,train,4,4,0.5684523809523809,0.5666666666666667,0.6551724137931034,0.1420118343195265,0.4055099471748463,0.0760039560197829,"[[16, 4], [6, 3]]",0.7,0.6539454971618693,0.8,0.3333333333333333,0.3333333333333333,0.8
lr,P4,train,0,0,0.7532314923619272,0.775,0.7666666666666667,0.5116279069767442,0.3316836168934006,0.1374837495006295,"[[15, 5], [2, 8]]",0.795,0.7567358272825024,0.75,0.8,0.8,0.75
svm_rbf,P4,train,0,0,0.6590909090909092,0.65,0.7333333333333333,0.3333333333333333,0.3153654087540041,0.1447711127015862,"[[18, 2], [6, 4]]",0.8350000000000001,0.8405941735136783,0.9,0.4,0.4,0.9
rf,P4,train,0,0,0.7127222982216143,0.7,0.7666666666666667,0.4324324324324324,0.3463033018198163,0.1041212179045801,"[[18, 2], [5, 5]]",0.835,0.7827221429145057,0.9,0.5,0.5,0.9
lr,P4,train,0,1,0.7285067873303167,0.775,0.7333333333333333,0.4782608695652174,0.3925203084066404,0.1408112479805949,"[[13, 7], [1, 9]]",0.81,0.7600803552748634,0.65,0.9,0.9,0.65
svm_rbf,P4,train,0,1,0.6534017971758665,0.65,0.7,0.3076923076923077,0.4110149123226881,0.1373527464852571,"[[16, 4], [5, 5]]",0.78,0.740262627517709,0.8,0.5,0.5,0.8
rf,P4,train,0,1,0.6306429548563611,0.625,0.7,0.2702702702702703,0.3771935501372987,0.0956232765437311,"[[17, 3], [6, 4]]",0.76,0.7513217062425025,0.85,0.4,0.4,0.85
lr,P4,train,0,2,0.5970695970695971,0.6,0.6333333333333333,0.1951219512195121,0.5735257847781386,0.2146918580649294,"[[14, 6], [5, 5]]",0.655,0.660462948418911,0.7,0.5,0.5,0.7
svm_rbf,P4,train,0,2,0.576379974326059,0.575,0.6333333333333333,0.1538461538461538,0.4756530291210563,0.2515801285654513,"[[15, 5], [6, 4]]",0.6950000000000001,0.7131433600263525,0.75,0.4,0.4,0.75
rf,P4,train,0,2,0.7,0.7,0.7333333333333333,0.4,0.3850777698448382,0.1226244638459234,"[[16, 4], [4, 6]]",0.745,0.7700003369165521,0.8,0.6,0.6,0.8
lr,P4,train,0,3,0.6122209165687427,0.625,0.6333333333333333,0.2325581395348837,0.5778159736931561,0.2519352045646958,"[[13, 7], [4, 6]]",0.615,0.6036769201626814,0.65,0.6,0.6,0.65
svm_rbf,P4,train,0,3,0.5111111111111111,0.525,0.6333333333333333,0.0571428571428572,0.6118390341459748,0.2716071395007262,"[[17, 3], [8, 2]]",0.5449999999999999,0.5730343861382488,0.85,0.2,0.2,0.85
rf,P4,train,0,3,0.4505494505494505,0.4499999999999999,0.5,-0.0975609756097561,0.51347273375293,0.1799416599937303,"[[12, 8], [7, 3]]",0.52,0.5647235350524151,0.6,0.3,0.3,0.6
lr,P4,train,0,4,0.6777777777777778,0.6777777777777778,0.7241379310344828,0.3555555555555555,0.4715232022299412,0.2239629528436748,"[[16, 4], [4, 5]]",0.6388888888888888,0.656870300266801,0.8,0.5555555555555556,0.5555555555555556,0.8
svm_rbf,P4,train,0,4,0.5292207792207793,0.5361111111111111,0.6551724137931034,0.0822784810126582,0.5868733744844687,0.2817205341434148,"[[17, 3], [7, 2]]",0.6722222222222223,0.6433740110834566,0.85,0.2222222222222222,0.2222222222222222,0.85
rf,P4,train,0,4,0.6233766233766234,0.6166666666666667,0.7241379310344828,0.2658227848101265,0.350369286978312,0.2079736732839565,"[[18, 2], [6, 3]]",0.8111111111111111,0.7381830109811433,0.9,0.3333333333333333,0.3333333333333333,0.9
lr,P4,train,1,0,0.6031746031746031,0.6000000000000001,0.6666666666666666,0.2105263157894736,0.5180393035556575,0.2395319457169559,"[[16, 4], [6, 4]]",0.685,0.7111489926581798,0.8,0.4,0.4,0.8
svm_rbf,P4,train,1,0,0.6534017971758665,0.65,0.7,0.3076923076923077,0.4313953051475256,0.2175745214225511,"[[16, 4], [5, 5]]",0.755,0.7153131217624252,0.8,0.5,0.5,0.8
rf,P4,train,1,0,0.576379974326059,0.575,0.6333333333333333,0.1538461538461538,0.3983553793347805,0.0826073871572573,"[[15, 5], [6, 4]]",0.6900000000000001,0.6704686401561402,0.75,0.4,0.4,0.75
lr,P4,train,1,1,0.6825396825396826,0.675,0.7333333333333333,0.3684210526315788,0.4388718264331837,0.1900186598513391,"[[17, 3], [5, 5]]",0.72,0.7396499824069904,0.85,0.5,0.5,0.85
svm_rbf,P4,train,1,1,0.6825396825396826,0.675,0.7333333333333333,0.3684210526315788,0.3621121576909252,0.1590458572258036,"[[17, 3], [5, 5]]",0.735,0.7664281654239504,0.85,0.5,0.5,0.85
rf,P4,train,1,1,0.7777777777777777,0.75,0.8333333333333334,0.5714285714285714,0.3636088359800941,0.1862981551567546,"[[20, 0], [5, 5]]",0.75,0.7990856459785235,1.0,0.5,0.5,1.0
lr,P4,train,1,2,0.5970695970695971,0.6,0.6333333333333333,0.1951219512195121,0.4707646108327308,0.1975610807168463,"[[14, 6], [5, 5]]",0.7,0.6910509008535324,0.7,0.5,0.5,0.7
svm_rbf,P4,train,1,2,0.5970695970695971,0.6,0.6333333333333333,0.1951219512195121,0.4656431532260341,0.2490696567015114,"[[14, 6], [5, 5]]",0.71,0.7371582030678899,0.7,0.5,0.5,0.7
rf,P4,train,1,2,0.466484268125855,0.475,0.5666666666666667,-0.0540540540540539,0.4634952478504048,0.1564241389157832,"[[15, 5], [8, 2]]",0.65,0.630543962082689,0.75,0.2,0.2,0.75
lr,P4,train,1,3,0.7285067873303167,0.775,0.7333333333333333,0.4782608695652174,0.3171068716962749,0.0929829869648546,"[[13, 7], [1, 9]]",0.85,0.8604130092305655,0.65,0.9,0.9,0.65
svm_rbf,P4,train,1,3,0.6703296703296704,0.675,0.7,0.3414634146341463,0.4192783580925041,0.1410873205949616,"[[15, 5], [4, 6]]",0.735,0.7413206825495913,0.75,0.6,0.6,0.75
rf,P4,train,1,3,0.4993581514762516,0.5,0.5666666666666667,0.0,0.493566029241604,0.125920457893589,"[[14, 6], [7, 3]]",0.5800000000000001,0.5768976678043616,0.7,0.3,0.3,0.7
lr,P4,train,1,4,0.5894465894465895,0.6027777777777779,0.6206896551724138,0.188295165394402,0.6244998962660849,0.2476540116507431,"[[13, 7], [4, 5]]",0.6166666666666667,0.6051304809494465,0.65,0.5555555555555556,0.5555555555555556,0.65
svm_rbf,P4,train,1,4,0.5953488372093023,0.5916666666666667,0.6896551724137931,0.2018348623853211,0.4658472663149875,0.2137012459342064,"[[17, 3], [6, 3]]",0.7444444444444445,0.6990027999214032,0.85,0.3333333333333333,0.3333333333333333,0.85
rf,P4,train,1,4,0.6547619047619048,0.6472222222222221,0.7241379310344828,0.3136094674556212,0.3424799279964295,0.1153324538032496,"[[17, 3], [5, 4]]",0.8222222222222222,0.7645731408729921,0.85,0.4444444444444444,0.4444444444444444,0.85
lr,P4,train,2,0,0.5485636114911081,0.55,0.6333333333333333,0.1081081081081081,0.556853727243072,0.238913348255493,"[[16, 4], [7, 3]]",0.655,0.6367083855094291,0.8,0.3,0.3,0.8
svm_rbf,P4,train,2,0,0.4409937888198757,0.475,0.6,-0.0588235294117647,0.554624310363579,0.2697299769462668,"[[17, 3], [9, 1]]",0.66,0.6659982972112846,0.85,0.1,0.1,0.85
rf,P4,train,2,0,0.5485636114911081,0.55,0.6333333333333333,0.1081081081081081,0.419873442081824,0.0920955898757092,"[[16, 4], [7, 3]]",0.64,0.6791307695036999,0.8,0.3,0.3,0.8
lr,P4,train,2,1,0.6825396825396826,0.675,0.7333333333333333,0.3684210526315788,0.4064725803572523,0.2009176734489478,"[[17, 3], [5, 5]]",0.825,0.7942292218824266,0.85,0.5,0.5,0.85
svm_rbf,P4,train,2,1,0.6000000000000001,0.6,0.7,0.2285714285714286,0.3853691359057372,0.1761833507523794,"[[18, 2], [7, 3]]",0.8450000000000001,0.8137449360606122,0.9,0.3,0.3,0.9
rf,P4,train,2,1,0.6825396825396826,0.675,0.7333333333333333,0.3684210526315788,0.3783624590609407,0.0961481042861466,"[[17, 3], [5, 5]]",0.74,0.7090067198525017,0.85,0.5,0.5,0.85
lr,P4,train,2,2,0.625,0.625,0.6666666666666666,0.25,0.5251786377901576,0.2845889923264313,"[[15, 5], [5, 5]]",0.71,0.7037440342427052,0.75,0.5,0.5,0.75
svm_rbf,P4,train,2,2,0.6534017971758665,0.65,0.7,0.3076923076923077,0.5791439381360785,0.3345351255541751,"[[16, 4], [5, 5]]",0.615,0.6235739582556533,0.8,0.5,0.5,0.8
rf,P4,train,2,2,0.4976076555023923,0.5,0.5333333333333333,0.0,0.4655189698996941,0.1723050080549633,"[[12, 8], [6, 4]]",0.555,0.5900540476400031,0.6,0.4,0.4,0.6
lr,P4,train,2,3,0.660633484162896,0.7,0.6666666666666666,0.3478260869565217,0.4905115037673376,0.2198804483721446,"[[12, 8], [2, 8]]",0.8,0.7870705273778535,0.6,0.8,0.8,0.6
svm_rbf,P4,train,2,3,0.6527777777777778,0.675,0.6666666666666666,0.3181818181818182,0.4355825788200116,0.1653423362509299,"[[13, 7], [3, 7]]",0.76,0.7079980031938341,0.65,0.7,0.7,0.65
rf,P4,train,2,3,0.7435897435897436,0.75,0.7666666666666667,0.4878048780487805,0.3485410968302952,0.1329580693294823,"[[16, 4], [3, 7]]",0.845,0.8323861073566957,0.8,0.7,0.7,0.8
lr,P4,train,2,4,0.5695006747638327,0.5722222222222222,0.6206896551724138,0.1401617250673853,0.5897536192086735,0.2662256707796128,"[[14, 6], [5, 4]]",0.6055555555555556,0.57544728560605,0.7,0.4444444444444444,0.4444444444444444,0.7
svm_rbf,P4,train,2,4,0.5797101449275363,0.586111111111111,0.7241379310344828,0.2108843537414965,0.4344592509385367,0.2332168253154711,"[[19, 1], [7, 2]]",0.6499999999999999,0.6565490398712652,0.95,0.2222222222222222,0.2222222222222222,0.95
rf,P4,train,2,4,0.5538461538461539,0.5611111111111111,0.6896551724137931,0.1442622950819672,0.3423366039527586,0.1761130207594771,"[[18, 2], [7, 2]]",0.8111111111111111,0.7402450521320003,0.9,0.2222222222222222,0.2222222222222222,0.9
lr,P4,train,3,0,0.55,0.55,0.6,0.1,0.6104652009130781,0.2544283013895166,"[[14, 6], [6, 4]]",0.645,0.6330984555179792,0.7,0.4,0.4,0.7
svm_rbf,P4,train,3,0,0.6534017971758665,0.65,0.7,0.3076923076923077,0.4593754404897351,0.2416796043582243,"[[16, 4], [5, 5]]",0.775,0.7634030000214211,0.8,0.5,0.5,0.8
rf,P4,train,3,0,0.5970695970695971,0.6,0.6333333333333333,0.1951219512195121,0.4899668359691148,0.1447701048645057,"[[14, 6], [5, 5]]",0.58,0.590287462460469,0.7,0.5,0.5,0.7
lr,P4,train,3,1,0.7,0.7,0.7333333333333333,0.4,0.4294113835253362,0.2270398571251691,"[[16, 4], [4, 6]]",0.6799999999999999,0.6302615326976382,0.8,0.6,0.6,0.8
svm_rbf,P4,train,3,1,0.576379974326059,0.575,0.6333333333333333,0.1538461538461538,0.6061021503317388,0.2700901219760637,"[[15, 5], [6, 4]]",0.575,0.5570408631166746,0.75,0.4,0.4,0.75
rf,P4,train,3,1,0.5111111111111111,0.525,0.6333333333333333,0.0571428571428572,0.4389880758634357,0.1141230703469088,"[[17, 3], [8, 2]]",0.62,0.6142525110605206,0.85,0.2,0.2,0.85
lr,P4,train,3,2,0.6122209165687427,0.625,0.6333333333333333,0.2325581395348837,0.5211524343794158,0.2044113582389962,"[[13, 7], [4, 6]]",0.66,0.6791222574833845,0.65,0.6,0.6,0.65
svm_rbf,P4,train,3,2,0.55,0.55,0.6,0.1,0.6147173134540082,0.2632916710033327,"[[14, 6], [6, 4]]",0.57,0.5908045095175933,0.7,0.4,0.4,0.7
rf,P4,train,3,2,0.4886363636363636,0.5,0.6,0.0,0.4611551492452717,0.1121934368444693,"[[16, 4], [8, 2]]",0.58,0.6236602943129101,0.8,0.2,0.2,0.8
lr,P4,train,3,3,0.625,0.625,0.6666666666666666,0.25,0.5438960564885209,0.2469540290192529,"[[15, 5], [5, 5]]",0.605,0.6379968302565011,0.75,0.5,0.5,0.75
svm_rbf,P4,train,3,3,0.5581014729950899,0.575,0.7,0.1818181818181817,0.4584149756148942,0.1482353998157617,"[[19, 1], [8, 2]]",0.6499999999999999,0.647421930714042,0.95,0.2,0.2,0.95
rf,P4,train,3,3,0.6000000000000001,0.6,0.7,0.2285714285714286,0.3705430913554049,0.2030911932389639,"[[18, 2], [7, 3]]",0.73,0.7501866238486241,0.9,0.3,0.3,0.9
lr,P4,train,3,4,0.6947368421052631,0.7083333333333333,0.7241379310344828,0.3926701570680628,0.4089389533108581,0.2193820788678661,"[[15, 5], [3, 6]]",0.7777777777777778,0.7510736965997645,0.75,0.6666666666666666,0.6666666666666666,0.75
svm_rbf,P4,train,3,4,0.7087517934002869,0.7027777777777777,0.7586206896551724,0.4183381088825215,0.3364201223383666,0.0886838100396501,"[[17, 3], [4, 5]]",0.8111111111111111,0.83782148225205,0.85,0.5555555555555556,0.5555555555555556,0.85
rf,P4,train,3,4,0.6852713178294574,0.6722222222222223,0.7586206896551724,0.3792048929663608,0.3632328760301854,0.0998794109837876,"[[18, 2], [5, 4]]",0.7444444444444445,0.749852561649882,0.9,0.4444444444444444,0.4444444444444444,0.9
lr,P4,train,4,0,0.730423620025674,0.725,0.7666666666666667,0.4615384615384615,0.3913514669320364,0.1564857374611659,"[[17, 3], [4, 6]]",0.8049999999999999,0.7586301056405969,0.85,0.6,0.6,0.85
svm_rbf,P4,train,4,0,0.6000000000000001,0.6,0.7,0.2285714285714286,0.3520219079988108,0.1687366373690248,"[[18, 2], [7, 3]]",0.86,0.8431109328000314,0.9,0.3,0.3,0.9
rf,P4,train,4,0,0.6590909090909092,0.65,0.7333333333333333,0.3333333333333333,0.3386948131923752,0.1019798033218919,"[[18, 2], [6, 4]]",0.8150000000000001,0.8180728648149735,0.9,0.4,0.4,0.9
lr,P4,train,4,1,0.576379974326059,0.575,0.6333333333333333,0.1538461538461538,0.6031671136944617,0.3116018973885518,"[[15, 5], [6, 4]]",0.6200000000000001,0.59413872717321,0.75,0.4,0.4,0.75
svm_rbf,P4,train,4,1,0.6825396825396826,0.675,0.7333333333333333,0.3684210526315788,0.4253249195161646,0.1913219407341209,"[[17, 3], [5, 5]]",0.7100000000000001,0.7259099115467149,0.85,0.5,0.5,0.85
rf,P4,train,4,1,0.6000000000000001,0.6,0.7,0.2285714285714286,0.3701920824985054,0.1566850414624434,"[[18, 2], [7, 3]]",0.78,0.7339030847749888,0.9,0.3,0.3,0.9
lr,P4,train,4,2,0.7222222222222222,0.75,0.7333333333333333,0.4545454545454546,0.3332807719871963,0.1099469445713287,"[[14, 6], [2, 8]]",0.86,0.8668347913901657,0.7,0.8,0.8,0.7
svm_rbf,P4,train,4,2,0.7,0.7,0.7333333333333333,0.4,0.4373649576108228,0.1787185258402577,"[[16, 4], [4, 6]]",0.705,0.7275591869788851,0.8,0.6,0.6,0.8
rf,P4,train,4,2,0.625,0.625,0.6666666666666666,0.25,0.3962443204932896,0.1940384884639145,"[[15, 5], [5, 5]]",0.7150000000000001,0.7479611011501996,0.75,0.5,0.5,0.75
lr,P4,train,4,3,0.5970695970695971,0.6,0.6333333333333333,0.1951219512195121,0.6252798623282546,0.3386711310834689,"[[14, 6], [5, 5]]",0.585,0.6308006111111217,0.7,0.5,0.5,0.7
svm_rbf,P4,train,4,3,0.576379974326059,0.575,0.6333333333333333,0.1538461538461538,0.4847765155731681,0.1997891780019474,"[[15, 5], [6, 4]]",0.7050000000000001,0.7252762968237798,0.75,0.4,0.4,0.75
rf,P4,train,4,3,0.7,0.7,0.7333333333333333,0.4,0.3982169165757006,0.0793174875475143,"[[16, 4], [4, 6]]",0.73,0.7070505725575807,0.8,0.6,0.6,0.8
lr,P4,train,4,4,0.7070707070707071,0.7388888888888889,0.7241379310344828,0.4257425742574257,0.4257878686321631,0.1952653934007599,"[[14, 6], [2, 7]]",0.7777777777777777,0.7672063861329241,0.7,0.7777777777777778,0.7777777777777778,0.7
svm_rbf,P4,train,4,4,0.6255380200860832,0.6222222222222222,0.6896551724137931,0.2521489971346705,0.4012586264002907,0.1613799040599385,"[[16, 4], [5, 4]]",0.7611111111111112,0.74054354079109,0.8,0.4444444444444444,0.4444444444444444,0.8
rf,P4,train,4,4,0.6547619047619048,0.6472222222222221,0.7241379310344828,0.3136094674556212,0.3948498657338302,0.1140634959132948,"[[17, 3], [5, 4]]",0.7,0.6845461315589181,0.85,0.4444444444444444,0.4444444444444444,0.85
lr,P6,train,0,0,0.7435897435897436,0.75,0.7666666666666667,0.4878048780487805,0.4310769858558885,0.2413141003644967,"[[16, 4], [3, 7]]",0.83,0.8382770908070831,0.8,0.7,0.7,0.8
svm_rbf,P6,train,0,0,0.7749999999999999,0.7749999999999999,0.8,0.55,0.2868201958523215,0.1224775883834744,"[[17, 3], [3, 7]]",0.8500000000000001,0.870058809654398,0.85,0.7,0.7,0.85
rf,P6,train,0,0,0.6411483253588517,0.6499999999999999,0.6666666666666666,0.2857142857142857,0.3699940771552686,0.1304378377413757,"[[14, 6], [4, 6]]",0.755,0.7494250376243411,0.7,0.6,0.6,0.7
lr,P6,train,0,1,0.7777777777777777,0.75,0.8333333333333334,0.5714285714285714,0.2783274815044596,0.0953371888356723,"[[20, 0], [5, 5]]",0.8300000000000001,0.8465025771647625,1.0,0.5,0.5,1.0
svm_rbf,P6,train,0,1,0.7127222982216143,0.7,0.7666666666666667,0.4324324324324324,0.365227540318461,0.1674633696873482,"[[18, 2], [5, 5]]",0.8,0.7608403338870091,0.9,0.5,0.5,0.9
rf,P6,train,0,1,0.6306429548563611,0.625,0.7,0.2702702702702703,0.3574822503912074,0.1132788082578546,"[[17, 3], [6, 4]]",0.8250000000000001,0.781365593589358,0.85,0.4,0.4,0.85
lr,P6,train,0,2,0.6306429548563611,0.625,0.7,0.2702702702702703,0.4311525688609235,0.2056216705731486,"[[17, 3], [6, 4]]",0.81,0.7778458249592952,0.85,0.4,0.4,0.85
svm_rbf,P6,train,0,2,0.6888888888888889,0.675,0.7666666666666667,0.4,0.4057616581850948,0.251830826819138,"[[19, 1], [6, 4]]",0.8,0.7954246671035103,0.95,0.4,0.4,0.95
rf,P6,train,0,2,0.6590909090909092,0.65,0.7333333333333333,0.3333333333333333,0.3267267235238936,0.1401800337719185,"[[18, 2], [6, 4]]",0.81,0.8197393301143302,0.9,0.4,0.4,0.9
lr,P6,train,0,3,0.6122209165687427,0.625,0.6333333333333333,0.2325581395348837,0.655962848389824,0.2999292401937417,"[[13, 7], [4, 6]]",0.595,0.5796486797180027,0.65,0.6,0.6,0.65
svm_rbf,P6,train,0,3,0.5238095238095237,0.525,0.5666666666666667,0.0487804878048779,0.6314380584155094,0.3363140028807417,"[[13, 7], [6, 4]]",0.5700000000000001,0.585782610840589,0.65,0.4,0.4,0.65
rf,P6,train,0,3,0.4976076555023923,0.5,0.5333333333333333,0.0,0.5042924478058189,0.1765181136751879,"[[12, 8], [6, 4]]",0.565,0.6009905438884569,0.6,0.4,0.4,0.6
lr,P6,train,0,4,0.5972222222222222,0.5972222222222222,0.6551724137931034,0.1944444444444444,0.5393056822333012,0.2905375042442512,"[[15, 5], [5, 4]]",0.75,0.7203805132489344,0.75,0.4444444444444444,0.4444444444444444,0.75
svm_rbf,P6,train,0,4,0.6547619047619048,0.6472222222222221,0.7241379310344828,0.3136094674556212,0.3563651950304123,0.1420343021001763,"[[17, 3], [5, 4]]",0.8222222222222222,0.7745365371737922,0.85,0.4444444444444444,0.4444444444444444,0.85
rf,P6,train,0,4,0.7410714285714286,0.7277777777777779,0.7931034482758621,0.485207100591716,0.3112066207772327,0.1658789256748365,"[[18, 2], [4, 5]]",0.8777777777777778,0.7957984111349207,0.9,0.5555555555555556,0.5555555555555556,0.9
lr,P6,train,1,0,0.6888888888888889,0.675,0.7666666666666667,0.4,0.4176819839754385,0.2203898904690365,"[[19, 1], [6, 4]]",0.76,0.7932654021226676,0.95,0.4,0.4,0.95
svm_rbf,P6,train,1,0,0.6534017971758665,0.65,0.7,0.3076923076923077,0.3469093243402447,0.208518854555913,"[[16, 4], [5, 5]]",0.79,0.8147382082076776,0.8,0.5,0.5,0.8
rf,P6,train,1,0,0.6534017971758665,0.65,0.7,0.3076923076923077,0.3473785096143063,0.0929689097227162,"[[16, 4], [5, 5]]",0.77,0.7125345337978453,0.8,0.5,0.5,0.8
lr,P6,train,1,1,0.6534017971758665,0.65,0.7,0.3076923076923077,0.4824627613355165,0.2310298200069607,"[[16, 4], [5, 5]]",0.785,0.8111523747514882,0.8,0.5,0.5,0.8
svm_rbf,P6,train,1,1,0.8768809849521204,0.85,0.9,0.7567567567567568,0.1948740481845444,0.1062450004102428,"[[20, 0], [3, 7]]",0.885,0.8992185158369621,1.0,0.7,0.7,1.0
rf,P6,train,1,1,0.8074454428754814,0.8,0.8333333333333334,0.6153846153846154,0.2872393664111295,0.153701310995299,"[[18, 2], [3, 7]]",0.885,0.9007737814992324,0.9,0.7,0.7,0.9
lr,P6,train,1,2,0.5417156286721504,0.55,0.5666666666666667,0.0930232558139534,0.6155671969396377,0.3157170314095801,"[[12, 8], [5, 5]]",0.65,0.6465882144065784,0.6,0.5,0.5,0.6
svm_rbf,P6,train,1,2,0.5417156286721504,0.55,0.5666666666666667,0.0930232558139534,0.5216454000921324,0.2427169712406462,"[[12, 8], [5, 5]]",0.66,0.6486975912855932,0.6,0.5,0.5,0.6
rf,P6,train,1,2,0.5833333333333333,0.6,0.6,0.1818181818181818,0.4623635831280452,0.1187396750123544,"[[12, 8], [4, 6]]",0.635,0.624620598296642,0.6,0.6,0.6,0.6
lr,P6,train,1,3,0.7129186602870814,0.725,0.7333333333333333,0.4285714285714286,0.4252153076538492,0.2230583250473355,"[[15, 5], [3, 7]]",0.795,0.7396984960867046,0.75,0.7,0.7,0.75
svm_rbf,P6,train,1,3,0.6703296703296704,0.675,0.7,0.3414634146341463,0.3506670785087413,0.1496802329189525,"[[15, 5], [4, 6]]",0.8200000000000001,0.8456794256430817,0.75,0.6,0.6,0.75
rf,P6,train,1,3,0.6306429548563611,0.625,0.7,0.2702702702702703,0.4297893617757606,0.1464105699886059,"[[17, 3], [6, 4]]",0.65,0.6589576310006382,0.85,0.4,0.4,0.85
lr,P6,train,1,4,0.6477732793522267,0.6527777777777778,0.6896551724137931,0.2964959568733153,0.4606309718132322,0.2273183297351818,"[[15, 5], [4, 5]]",0.7444444444444445,0.6976224623033205,0.75,0.5555555555555556,0.5555555555555556,0.75
svm_rbf,P6,train,1,4,0.652991452991453,0.6416666666666666,0.7586206896551724,0.3344262295081968,0.3943069770753021,0.1651467214518339,"[[19, 1], [6, 3]]",0.7555555555555555,0.7296743826584697,0.95,0.3333333333333333,0.3333333333333333,0.95
rf,P6,train,1,4,0.7087517934002869,0.7027777777777777,0.7586206896551724,0.4183381088825215,0.3388650162662258,0.0788575979681619,"[[17, 3], [4, 5]]",0.7888888888888889,0.7986894414533426,0.85,0.5555555555555556,0.5555555555555556,0.85
lr,P6,train,2,0,0.6703296703296704,0.675,0.7,0.3414634146341463,0.4559385348462815,0.224244580500587,"[[15, 5], [4, 6]]",0.735,0.7133039815576581,0.75,0.6,0.6,0.75
svm_rbf,P6,train,2,0,0.6306429548563611,0.625,0.7,0.2702702702702703,0.4685538749082861,0.2480255658911098,"[[17, 3], [6, 4]]",0.705,0.6771602348941345,0.85,0.4,0.4,0.85
rf,P6,train,2,0,0.6534017971758665,0.65,0.7,0.3076923076923077,0.3991998106576944,0.1750907879786268,"[[16, 4], [5, 5]]",0.6950000000000001,0.688223791111074,0.8,0.5,0.5,0.8
lr,P6,train,2,1,0.7948016415868673,0.7749999999999999,0.8333333333333334,0.5945945945945946,0.3585456313132998,0.2186327574618854,"[[19, 1], [4, 6]]",0.78,0.7666936348393394,0.95,0.6,0.6,0.95
svm_rbf,P6,train,2,1,0.7948016415868673,0.7749999999999999,0.8333333333333334,0.5945945945945946,0.3273982509341343,0.1788774162307316,"[[19, 1], [4, 6]]",0.77,0.7826247520354694,0.95,0.6,0.6,0.95
rf,P6,train,2,1,0.7443181818181819,0.725,0.8,0.5,0.3355181788651357,0.1460640574576031,"[[19, 1], [5, 5]]",0.79,0.7773074989062632,0.95,0.5,0.5,0.95
lr,P6,train,2,2,0.6703296703296704,0.675,0.7,0.3414634146341463,0.4712659387044268,0.2495914690059926,"[[15, 5], [4, 6]]",0.7949999999999999,0.7715644832453414,0.75,0.6,0.6,0.75
svm_rbf,P6,train,2,2,0.6703296703296704,0.675,0.7,0.3414634146341463,0.4628133014391181,0.1981558936389438,"[[15, 5], [4, 6]]",0.765,0.7475007622497234,0.75,0.6,0.6,0.75
rf,P6,train,2,2,0.5833333333333333,0.6,0.6,0.1818181818181818,0.4248562066091235,0.1107632861536875,"[[12, 8], [4, 6]]",0.64,0.634302186504586,0.6,0.6,0.6,0.6
lr,P6,train,2,3,0.6527777777777778,0.675,0.6666666666666666,0.3181818181818182,0.5092225120708228,0.2049853862777882,"[[13, 7], [3, 7]]",0.725,0.7112304600825139,0.65,0.7,0.7,0.65
svm_rbf,P6,train,2,3,0.784688995215311,0.8,0.8,0.5714285714285714,0.2975098559014521,0.1199428182099236,"[[16, 4], [2, 8]]",0.865,0.862632998945499,0.8,0.8,0.8,0.8
rf,P6,train,2,3,0.8168498168498168,0.825,0.8333333333333334,0.6341463414634146,0.2991846538078889,0.1612252246965986,"[[17, 3], [2, 8]]",0.9,0.9002185476193166,0.85,0.8,0.8,0.85
lr,P6,train,2,4,0.5684523809523809,0.5666666666666667,0.6551724137931034,0.1420118343195265,0.5422963299384974,0.2461278805102253,"[[16, 4], [6, 3]]",0.6499999999999999,0.6292492577191381,0.8,0.3333333333333333,0.3333333333333333,0.8
svm_rbf,P6,train,2,4,0.652991452991453,0.6416666666666666,0.7586206896551724,0.3344262295081968,0.3614792454098873,0.135993568899797,"[[19, 1], [6, 3]]",0.7722222222222223,0.7309891964917136,0.95,0.3333333333333333,0.3333333333333333,0.95
rf,P6,train,2,4,0.6777777777777778,0.6777777777777778,0.7241379310344828,0.3555555555555555,0.3302075394270294,0.1302198294996813,"[[16, 4], [4, 5]]",0.8111111111111111,0.7891942521422431,0.8,0.5555555555555556,0.5555555555555556,0.8
lr,P6,train,3,0,0.625,0.625,0.6666666666666666,0.25,0.5692386374899777,0.314025416798493,"[[15, 5], [5, 5]]",0.76,0.7178795899986505,0.75,0.5,0.5,0.75
svm_rbf,P6,train,3,0,0.6825396825396826,0.675,0.7333333333333333,0.3684210526315788,0.4581076446760716,0.2718768112844408,"[[17, 3], [5, 5]]",0.765,0.7202121347864383,0.85,0.5,0.5,0.85
rf,P6,train,3,0,0.5970695970695971,0.6,0.6333333333333333,0.1951219512195121,0.408812782595618,0.1425645801990918,"[[14, 6], [5, 5]]",0.725,0.6891335204650423,0.7,0.5,0.5,0.7
lr,P6,train,3,1,0.6534017971758665,0.65,0.7,0.3076923076923077,0.5378784676924124,0.3077553237299792,"[[16, 4], [5, 5]]",0.685,0.6481587808742981,0.8,0.5,0.5,0.8
svm_rbf,P6,train,3,1,0.7,0.7,0.7333333333333333,0.4,0.3302971027907258,0.077671301464061,"[[16, 4], [4, 6]]",0.81,0.8029479706459617,0.8,0.6,0.6,0.8
rf,P6,train,3,1,0.730423620025674,0.725,0.7666666666666667,0.4615384615384615,0.3523776446804847,0.1274010171726659,"[[17, 3], [4, 6]]",0.83,0.8365763336431496,0.85,0.6,0.6,0.85
lr,P6,train,3,2,0.6306429548563611,0.625,0.7,0.2702702702702703,0.5709470782872766,0.2811985277633845,"[[17, 3], [6, 4]]",0.605,0.6499428038196758,0.85,0.4,0.4,0.85
svm_rbf,P6,train,3,2,0.5238095238095238,0.525,0.6,0.0526315789473683,0.530389516219332,0.2677088973273039,"[[15, 5], [7, 3]]",0.5950000000000001,0.5848572689387906,0.75,0.3,0.3,0.75
rf,P6,train,3,2,0.5111111111111111,0.525,0.6333333333333333,0.0571428571428572,0.4254200205870982,0.0747631096011042,"[[17, 3], [8, 2]]",0.645,0.6276796919807357,0.85,0.2,0.2,0.85
lr,P6,train,3,3,0.6000000000000001,0.6,0.7,0.2285714285714286,0.5539809216161705,0.2868988866980255,"[[18, 2], [7, 3]]",0.755,0.7438090223319858,0.9,0.3,0.3,0.9
svm_rbf,P6,train,3,3,0.4,0.5,0.6666666666666666,0.0,0.4663987775205535,0.234558467170247,"[[20, 0], [10, 0]]",0.8350000000000001,0.8216427108258024,1.0,0.0,0.0,1.0
rf,P6,train,3,3,0.6888888888888889,0.675,0.7666666666666667,0.4,0.3608111664596171,0.0837494213847433,"[[19, 1], [6, 4]]",0.76,0.7591934168173781,0.95,0.4,0.4,0.95
lr,P6,train,3,4,0.7803030303030303,0.8194444444444444,0.7931034482758621,0.5693069306930693,0.3793392806536153,0.1840783576134474,"[[15, 5], [1, 8]]",0.7944444444444444,0.7708088001973872,0.75,0.8888888888888888,0.8888888888888888,0.75
svm_rbf,P6,train,3,4,0.8388888888888889,0.8388888888888889,0.8620689655172413,0.6777777777777778,0.2214099537871157,0.1379909568096625,"[[18, 2], [2, 7]]",0.8722222222222222,0.8792081658809601,0.9,0.7777777777777778,0.7777777777777778,0.9
rf,P6,train,3,4,0.7583333333333333,0.7583333333333333,0.7931034482758621,0.5166666666666666,0.3617057508842454,0.151773922628519,"[[17, 3], [3, 6]]",0.7555555555555555,0.8024783062385842,0.85,0.6666666666666666,0.6666666666666666,0.85
lr,P6,train,4,0,0.6590909090909092,0.65,0.7333333333333333,0.3333333333333333,0.4204941601066674,0.2172792148391549,"[[18, 2], [6, 4]]",0.86,0.8021257251520411,0.9,0.4,0.4,0.9
svm_rbf,P6,train,4,0,0.7443181818181819,0.725,0.8,0.5,0.3363799599611392,0.1714765926226127,"[[19, 1], [5, 5]]",0.895,0.8359746065338172,0.95,0.5,0.5,0.95
rf,P6,train,4,0,0.7443181818181819,0.725,0.8,0.5,0.2746175107547122,0.1007304598619488,"[[19, 1], [5, 5]]",0.905,0.8934477212602214,0.95,0.5,0.5,0.95
lr,P6,train,4,1,0.576379974326059,0.575,0.6333333333333333,0.1538461538461538,0.5717511477064356,0.3069968815060022,"[[15, 5], [6, 4]]",0.665,0.6465624489889197,0.75,0.4,0.4,0.75
svm_rbf,P6,train,4,1,0.7435897435897436,0.75,0.7666666666666667,0.4878048780487805,0.3172384175738155,0.0898998503799064,"[[16, 4], [3, 7]]",0.8300000000000001,0.8064237316801972,0.8,0.7,0.7,0.8
rf,P6,train,4,1,0.7,0.7,0.7333333333333333,0.4,0.3416877825837829,0.0689444868893334,"[[16, 4], [4, 6]]",0.805,0.7788776275226801,0.8,0.6,0.6,0.8
lr,P6,train,4,2,0.784688995215311,0.8,0.8,0.5714285714285714,0.3656893601983023,0.1903714171205333,"[[16, 4], [2, 8]]",0.87,0.8765508592714475,0.8,0.8,0.8,0.8
svm_rbf,P6,train,4,2,0.6534017971758665,0.65,0.7,0.3076923076923077,0.3905327065525762,0.1630345628876244,"[[16, 4], [5, 5]]",0.8,0.799737785500994,0.8,0.5,0.5,0.8
rf,P6,train,4,2,0.5238095238095238,0.525,0.6,0.0526315789473683,0.4230829036776122,0.1704472663568647,"[[15, 5], [7, 3]]",0.68,0.6876623154757284,0.75,0.3,0.3,0.75
lr,P6,train,4,3,0.475,0.475,0.5333333333333333,-0.05,0.6348769989805876,0.3644687355717957,"[[13, 7], [7, 3]]",0.675,0.7016992440932659,0.65,0.3,0.3,0.65
svm_rbf,P6,train,4,3,0.6590909090909092,0.65,0.7333333333333333,0.3333333333333333,0.4756349987833949,0.2136749184482411,"[[18, 2], [6, 4]]",0.68,0.7227586484529713,0.9,0.4,0.4,0.9
rf,P6,train,4,3,0.6411483253588517,0.6499999999999999,0.6666666666666666,0.2857142857142857,0.397250853206521,0.0689789605649715,"[[14, 6], [4, 6]]",0.735,0.7568407813741052,0.7,0.6,0.6,0.7
lr,P6,train,4,4,0.6777777777777778,0.6777777777777778,0.7241379310344828,0.3555555555555555,0.4905938010527647,0.2306330555237732,"[[16, 4], [4, 5]]",0.7222222222222223,0.6899181676426444,0.8,0.5555555555555556,0.5555555555555556,0.8
svm_rbf,P6,train,4,4,0.6547619047619048,0.6472222222222221,0.7241379310344828,0.3136094674556212,0.4026188052155814,0.2053868925114515,"[[17, 3], [5, 4]]",0.75,0.7147370093019787,0.85,0.4444444444444444,0.4444444444444444,0.85
rf,P6,train,4,4,0.5972222222222222,0.5972222222222222,0.6551724137931034,0.1944444444444444,0.3890229765608537,0.1019214480809554,"[[15, 5], [5, 4]]",0.7277777777777779,0.7085035981618744,0.75,0.4444444444444444,0.4444444444444444,0.75
lr,P7,train,0,0,0.5970695970695971,0.6,0.6333333333333333,0.1951219512195121,0.531281352824278,0.2270995013517746,"[[14, 6], [5, 5]]",0.57,0.6265509453482683,0.7,0.5,0.5,0.7
svm_rbf,P7,train,0,0,0.7777777777777777,0.75,0.8333333333333334,0.5714285714285714,0.3168715986291929,0.2248482202462421,"[[20, 0], [5, 5]]",0.695,0.7602732575937248,1.0,0.5,0.5,1.0
rf,P7,train,0,0,0.6825396825396826,0.675,0.7333333333333333,0.3684210526315788,0.3669394448114431,0.1119931417859609,"[[17, 3], [5, 5]]",0.745,0.7663258819829313,0.85,0.5,0.5,0.85
lr,P7,train,0,1,0.76,0.8,0.7666666666666667,0.5333333333333333,0.3895816672611135,0.1621291567597684,"[[14, 6], [1, 9]]",0.775,0.7673147301994557,0.7,0.9,0.9,0.7
svm_rbf,P7,train,0,1,0.6031746031746031,0.6000000000000001,0.6666666666666666,0.2105263157894736,0.4712451879531708,0.1526142646279454,"[[16, 4], [6, 4]]",0.68,0.651200144260131,0.8,0.4,0.4,0.8
rf,P7,train,0,1,0.466484268125855,0.475,0.5666666666666667,-0.0540540540540539,0.4500390326079063,0.1033259322385657,"[[15, 5], [8, 2]]",0.495,0.5444076048546557,0.75,0.2,0.2,0.75
lr,P7,train,0,2,0.569377990430622,0.575,0.6,0.1428571428571429,0.5584145430230195,0.2266045612153419,"[[13, 7], [5, 5]]",0.665,0.6756412404250483,0.65,0.5,0.5,0.65
svm_rbf,P7,train,0,2,0.6031746031746031,0.6000000000000001,0.6666666666666666,0.2105263157894736,0.4326885619832951,0.1603771554965467,"[[16, 4], [6, 4]]",0.75,0.7537057697154952,0.8,0.4,0.4,0.8
rf,P7,train,0,2,0.5111111111111111,0.525,0.6333333333333333,0.0571428571428572,0.4070692501892054,0.0932642727047789,"[[17, 3], [8, 2]]",0.665,0.6521281132475608,0.85,0.2,0.2,0.85
lr,P7,train,0,3,0.4223363286264441,0.425,0.5,-0.1538461538461537,0.6614674512125752,0.2658320268649564,"[[13, 7], [8, 2]]",0.375,0.5082209831603175,0.65,0.2,0.2,0.65
svm_rbf,P7,train,0,3,0.325,0.325,0.4,-0.3499999999999998,0.8922258401087038,0.4655122589931348,"[[11, 9], [9, 1]]",0.415,0.4907795209961214,0.55,0.1,0.1,0.55
rf,P7,train,0,3,0.3650793650793651,0.375,0.4666666666666667,-0.2631578947368422,0.5705572082783822,0.3063498687073574,"[[13, 7], [9, 1]]",0.405,0.5241610169453506,0.65,0.1,0.1,0.65
lr,P7,train,0,4,0.5538461538461539,0.5611111111111111,0.6896551724137931,0.1442622950819672,0.5172801021122293,0.1900745247084782,"[[18, 2], [7, 2]]",0.4888888888888889,0.570012329397282,0.9,0.2222222222222222,0.2222222222222222,0.9
svm_rbf,P7,train,0,4,0.5538461538461539,0.5611111111111111,0.6896551724137931,0.1442622950819672,0.5197668927129981,0.2592459029947748,"[[18, 2], [7, 2]]",0.6055555555555555,0.6395257515818662,0.9,0.2222222222222222,0.2222222222222222,0.9
rf,P7,train,0,4,0.4746376811594203,0.5055555555555555,0.6551724137931034,0.0136054421768706,0.4095654815937537,0.1320635842101996,"[[18, 2], [8, 1]]",0.6666666666666667,0.6373729141067348,0.9,0.1111111111111111,0.1111111111111111,0.9
lr,P7,train,1,0,0.6411483253588517,0.6499999999999999,0.6666666666666666,0.2857142857142857,0.6187341141639168,0.2822737089589375,"[[14, 6], [4, 6]]",0.545,0.5558912366115301,0.7,0.6,0.6,0.7
svm_rbf,P7,train,1,0,0.6031746031746031,0.6000000000000001,0.6666666666666666,0.2105263157894736,0.4732557955029339,0.2267901119229017,"[[16, 4], [6, 4]]",0.6900000000000001,0.7031159129255105,0.8,0.4,0.4,0.8
rf,P7,train,1,0,0.4222222222222222,0.45,0.5666666666666667,-0.1142857142857141,0.3985959496252069,0.1618799435347575,"[[16, 4], [9, 1]]",0.685,0.6537268531528968,0.8,0.1,0.1,0.8
lr,P7,train,1,1,0.5833333333333333,0.6,0.6,0.1818181818181818,0.5049858017612157,0.1585914961422121,"[[12, 8], [4, 6]]",0.65,0.6672456841734168,0.6,0.6,0.6,0.6
svm_rbf,P7,train,1,1,0.4993581514762516,0.5,0.5666666666666667,0.0,0.586548623022315,0.271921424738315,"[[14, 6], [7, 3]]",0.505,0.5905758163672923,0.7,0.3,0.3,0.7
rf,P7,train,1,1,0.4409937888198757,0.475,0.6,-0.0588235294117647,0.42938484727332,0.0699730510514112,"[[17, 3], [9, 1]]",0.6000000000000001,0.6320074529704235,0.85,0.1,0.1,0.85
lr,P7,train,1,2,0.625,0.625,0.6666666666666666,0.25,0.4629179097911384,0.2249024642974829,"[[15, 5], [5, 5]]",0.7500000000000001,0.7115261995452213,0.75,0.5,0.5,0.75
svm_rbf,P7,train,1,2,0.6306429548563611,0.625,0.7,0.2702702702702703,0.4002325817232373,0.1489095768102865,"[[17, 3], [6, 4]]",0.76,0.7608275237834061,0.85,0.4,0.4,0.85
rf,P7,train,1,2,0.5238095238095238,0.525,0.6,0.0526315789473683,0.4103268442871148,0.1481534218932678,"[[15, 5], [7, 3]]",0.675,0.6715398740275743,0.75,0.3,0.3,0.75
lr,P7,train,1,3,0.576379974326059,0.575,0.6333333333333333,0.1538461538461538,0.5972334168031266,0.1866063928650273,"[[15, 5], [6, 4]]",0.48,0.5297590639854783,0.75,0.4,0.4,0.75
svm_rbf,P7,train,1,3,0.569377990430622,0.575,0.6,0.1428571428571429,0.5953324601079463,0.2794914305583831,"[[13, 7], [5, 5]]",0.605,0.6409126342536586,0.65,0.5,0.5,0.65
rf,P7,train,1,3,0.4976076555023923,0.5,0.5333333333333333,0.0,0.4690069987040762,0.1344127718063066,"[[12, 8], [6, 4]]",0.5800000000000001,0.6301669717568772,0.6,0.4,0.4,0.6
lr,P7,train,1,4,0.4313725490196078,0.4472222222222222,0.4482758620689655,-0.0892018779342722,0.7595557729304508,0.2943001981801838,"[[9, 11], [5, 4]]",0.4055555555555555,0.4816516414375776,0.45,0.4444444444444444,0.4444444444444444,0.45
svm_rbf,P7,train,1,4,0.5972222222222222,0.5972222222222222,0.6551724137931034,0.1944444444444444,0.6167153176226599,0.3381216303411618,"[[15, 5], [5, 4]]",0.4722222222222222,0.4994398119406386,0.75,0.4444444444444444,0.4444444444444444,0.75
rf,P7,train,1,4,0.4821428571428571,0.4861111111111111,0.5862068965517241,-0.0295857988165679,0.4592462449758926,0.095184807132652,"[[15, 5], [7, 2]]",0.5444444444444445,0.5570963976287499,0.75,0.2222222222222222,0.2222222222222222,0.75
lr,P7,train,2,0,0.5738636363636364,0.575,0.6666666666666666,0.1666666666666666,0.5774084963704839,0.251672021992406,"[[17, 3], [7, 3]]",0.46,0.4996938984388419,0.85,0.3,0.3,0.85
svm_rbf,P7,train,2,0,0.6031746031746031,0.6000000000000001,0.6666666666666666,0.2105263157894736,0.5364730863784329,0.2526691283578324,"[[16, 4], [6, 4]]",0.59,0.5953549482554059,0.8,0.4,0.4,0.8
rf,P7,train,2,0,0.5485636114911081,0.55,0.6333333333333333,0.1081081081081081,0.4697811418925435,0.1422601601990177,"[[16, 4], [7, 3]]",0.5599999999999999,0.5765283584215073,0.8,0.3,0.3,0.8
lr,P7,train,2,1,0.6411483253588517,0.6499999999999999,0.6666666666666666,0.2857142857142857,0.4979196508079763,0.160288925775215,"[[14, 6], [4, 6]]",0.6900000000000001,0.6747046094120902,0.7,0.6,0.6,0.7
svm_rbf,P7,train,2,1,0.5738636363636364,0.575,0.6666666666666666,0.1666666666666666,0.4361070154827525,0.1422259483596087,"[[17, 3], [7, 3]]",0.7,0.7236554920425815,0.85,0.3,0.3,0.85
rf,P7,train,2,1,0.6306429548563611,0.625,0.7,0.2702702702702703,0.4142950986952733,0.1235052958326102,"[[17, 3], [6, 4]]",0.66,0.6990136974616968,0.85,0.4,0.4,0.85
lr,P7,train,2,2,0.475,0.475,0.5333333333333333,-0.05,0.711052523920441,0.2867667438349241,"[[13, 7], [7, 3]]",0.405,0.494544657426838,0.65,0.3,0.3,0.65
svm_rbf,P7,train,2,2,0.5238095238095238,0.525,0.6,0.0526315789473683,0.6536752582756153,0.304211127141056,"[[15, 5], [7, 3]]",0.4599999999999999,0.4959225077874815,0.75,0.3,0.3,0.75
rf,P7,train,2,2,0.5238095238095238,0.525,0.6,0.0526315789473683,0.5190213785464265,0.235986847674338,"[[15, 5], [7, 3]]",0.51,0.5534887695131103,0.75,0.3,0.3,0.75
lr,P7,train,2,3,0.7222222222222222,0.75,0.7333333333333333,0.4545454545454546,0.4258409413532918,0.2122822735762497,"[[14, 6], [2, 8]]",0.775,0.72713756724946,0.7,0.8,0.8,0.7
svm_rbf,P7,train,2,3,0.6122209165687427,0.625,0.6333333333333333,0.2325581395348837,0.4522045526749437,0.1818336443020081,"[[13, 7], [4, 6]]",0.72,0.6835468135932132,0.65,0.6,0.6,0.65
rf,P7,train,2,3,0.6411483253588517,0.6499999999999999,0.6666666666666666,0.2857142857142857,0.3809707011604786,0.0505109685740486,"[[14, 6], [4, 6]]",0.7100000000000001,0.6764452335590108,0.7,0.6,0.6,0.7
lr,P7,train,2,4,0.5421052631578948,0.5472222222222223,0.5862068965517241,0.0890052356020942,0.7496491928177775,0.3893713335387931,"[[13, 7], [5, 4]]",0.4444444444444445,0.5011976418599577,0.65,0.4444444444444444,0.4444444444444444,0.65
svm_rbf,P7,train,2,4,0.6073500967117988,0.6111111111111112,0.7586206896551724,0.282685512367491,0.4006234277576893,0.1527025014145071,"[[20, 0], [7, 2]]",0.6222222222222222,0.6872455841801817,1.0,0.2222222222222222,0.2222222222222222,1.0
rf,P7,train,2,4,0.5538461538461539,0.5611111111111111,0.6896551724137931,0.1442622950819672,0.4055998781371751,0.1137845124843053,"[[18, 2], [7, 2]]",0.7166666666666666,0.6929965811255958,0.9,0.2222222222222222,0.2222222222222222,0.9
lr,P7,train,3,0,0.4976076555023923,0.5,0.5333333333333333,0.0,0.7823821511663697,0.3339854700088979,"[[12, 8], [6, 4]]",0.38,0.4624794474309126,0.6,0.4,0.4,0.6
svm_rbf,P7,train,3,0,0.5238095238095238,0.525,0.6,0.0526315789473683,0.5828767968255132,0.2265295470644849,"[[15, 5], [7, 3]]",0.555,0.5755362385902835,0.75,0.3,0.3,0.75
rf,P7,train,3,0,0.475,0.475,0.5333333333333333,-0.05,0.5206191833168011,0.1599811882264543,"[[13, 7], [7, 3]]",0.485,0.5390393164756576,0.65,0.3,0.3,0.65
lr,P7,train,3,1,0.6228571428571429,0.6499999999999999,0.6333333333333333,0.2666666666666667,0.5726081877089708,0.1747346757560723,"[[12, 8], [3, 7]]",0.6200000000000001,0.5899767750790957,0.6,0.7,0.7,0.6
svm_rbf,P7,train,3,1,0.475,0.475,0.5333333333333333,-0.05,0.6607887143510439,0.2866763209919496,"[[13, 7], [7, 3]]",0.475,0.5295082100673072,0.65,0.3,0.3,0.65
rf,P7,train,3,1,0.4886363636363636,0.5,0.6,0.0,0.4890539617261233,0.0674913454709798,"[[16, 4], [8, 2]]",0.54,0.5647495967258238,0.8,0.2,0.2,0.8
lr,P7,train,3,2,0.5982142857142857,0.65,0.6,0.25,0.5175556025779209,0.1845568559533897,"[[10, 10], [2, 8]]",0.6950000000000001,0.6669725353149267,0.5,0.8,0.8,0.5
svm_rbf,P7,train,3,2,0.6306429548563611,0.625,0.7,0.2702702702702703,0.4553980026417388,0.1384557823731776,"[[17, 3], [6, 4]]",0.635,0.6132806350897426,0.85,0.4,0.4,0.85
rf,P7,train,3,2,0.5485636114911081,0.55,0.6333333333333333,0.1081081081081081,0.448961924677087,0.088158805562795,"[[16, 4], [7, 3]]",0.595,0.6314709058504955,0.8,0.3,0.3,0.8
lr,P7,train,3,3,0.5417156286721504,0.55,0.5666666666666667,0.0930232558139534,0.6634280957681679,0.320663018463733,"[[12, 8], [5, 5]]",0.54,0.5511097917239892,0.6,0.5,0.5,0.6
svm_rbf,P7,train,3,3,0.5581014729950899,0.575,0.7,0.1818181818181817,0.4718917433653339,0.231179098346034,"[[19, 1], [8, 2]]",0.5449999999999999,0.6108791343432445,0.95,0.2,0.2,0.95
rf,P7,train,3,3,0.4599018003273322,0.5,0.6333333333333333,0.0,0.4055682050818585,0.1100450670209353,"[[18, 2], [9, 1]]",0.68,0.6509946588765849,0.9,0.1,0.1,0.9
lr,P7,train,3,4,0.618421052631579,0.6277777777777778,0.6551724137931034,0.2408376963350785,0.4945161227401158,0.2371572123894647,"[[14, 6], [4, 5]]",0.6222222222222222,0.6669265042511457,0.7,0.5555555555555556,0.5555555555555556,0.7
svm_rbf,P7,train,3,4,0.6547619047619048,0.6472222222222221,0.7241379310344828,0.3136094674556212,0.4678256201307312,0.2294201858944993,"[[17, 3], [5, 4]]",0.6,0.6406530614827115,0.85,0.4444444444444444,0.4444444444444444,0.85
rf,P7,train,3,4,0.5972222222222222,0.5972222222222222,0.6551724137931034,0.1944444444444444,0.4257276159538,0.0870875427391107,"[[15, 5], [5, 4]]",0.65,0.6781234007656642,0.75,0.4444444444444444,0.4444444444444444,0.75
lr,P7,train,4,0,0.6411483253588517,0.6499999999999999,0.6666666666666666,0.2857142857142857,0.4507212503502932,0.1859431180075096,"[[14, 6], [4, 6]]",0.705,0.6790485235210488,0.7,0.6,0.6,0.7
svm_rbf,P7,train,4,0,0.6590909090909092,0.65,0.7333333333333333,0.3333333333333333,0.4177311816827756,0.1856547720056366,"[[18, 2], [6, 4]]",0.73,0.7004289370050241,0.9,0.4,0.4,0.9
rf,P7,train,4,0,0.4222222222222222,0.45,0.5666666666666667,-0.1142857142857141,0.4168274263633582,0.1797874726875267,"[[16, 4], [9, 1]]",0.6699999999999999,0.6445161528820857,0.8,0.1,0.1,0.8
lr,P7,train,4,1,0.4223363286264441,0.425,0.5,-0.1538461538461537,0.7540939580531482,0.350789164060813,"[[13, 7], [8, 2]]",0.475,0.5147260809706442,0.65,0.2,0.2,0.65
svm_rbf,P7,train,4,1,0.5111111111111111,0.525,0.6333333333333333,0.0571428571428572,0.6311496115080483,0.3111035026144879,"[[17, 3], [8, 2]]",0.54,0.6020169825966578,0.85,0.2,0.2,0.85
rf,P7,train,4,1,0.4886363636363636,0.5,0.6,0.0,0.4455009561718957,0.1799618661710768,"[[16, 4], [8, 2]]",0.5549999999999999,0.5860348626790043,0.8,0.2,0.2,0.8
lr,P7,train,4,2,0.5970695970695971,0.6,0.6333333333333333,0.1951219512195121,0.4352722301304481,0.1288510314243417,"[[14, 6], [5, 5]]",0.73,0.6980823761170629,0.7,0.5,0.5,0.7
svm_rbf,P7,train,4,2,0.5341614906832298,0.55,0.6666666666666666,0.1176470588235293,0.4211898920877208,0.163300047037288,"[[18, 2], [8, 2]]",0.74,0.7241895705548329,0.9,0.2,0.2,0.9
rf,P7,train,4,2,0.5341614906832298,0.55,0.6666666666666666,0.1176470588235293,0.4034794919529911,0.040948789146667,"[[18, 2], [8, 2]]",0.6699999999999999,0.6936057379550828,0.9,0.2,0.2,0.9
lr,P7,train,4,3,0.4712103407755582,0.475,0.5,-0.0465116279069768,0.7233591477751823,0.3797150747500893,"[[11, 9], [6, 4]]",0.435,0.4972593251874239,0.55,0.4,0.4,0.55
svm_rbf,P7,train,4,3,0.466484268125855,0.475,0.5666666666666667,-0.0540540540540539,0.6418086683946992,0.2902233211597643,"[[15, 5], [8, 2]]",0.4449999999999999,0.5734050897213419,0.75,0.2,0.2,0.75
rf,P7,train,4,3,0.4886363636363636,0.5,0.6,0.0,0.5113233475870517,0.1396349253993881,"[[16, 4], [8, 2]]",0.485,0.5502775970626792,0.8,0.2,0.2,0.8
lr,P7,train,4,4,0.5292207792207793,0.5361111111111111,0.6551724137931034,0.0822784810126582,0.5451905840066396,0.2107883625380769,"[[17, 3], [7, 2]]",0.5666666666666667,0.5718794427470353,0.85,0.2222222222222222,0.2222222222222222,0.85
svm_rbf,P7,train,4,4,0.4547008547008547,0.4805555555555555,0.6206896551724138,-0.0459016393442621,0.569462745512931,0.2968904769114389,"[[17, 3], [8, 1]]",0.5555555555555556,0.5995724488206373,0.85,0.1111111111111111,0.1111111111111111,0.85
rf,P7,train,4,4,0.4547008547008547,0.4805555555555555,0.6206896551724138,-0.0459016393442621,0.4219394822697188,0.0972164081314607,"[[17, 3], [8, 1]]",0.6333333333333333,0.6148785683523186,0.85,0.1111111111111111,0.1111111111111111,0.85
lr,P1,trainval,0,0,0.625,0.625,0.6666666666666666,0.25,0.4588078097009775,0.1563699390200306,"[[15, 5], [5, 5]]",0.72,0.7540213528538338,0.75,0.5,0.5,0.75
svm_rbf,P1,trainval,0,0,0.7,0.7,0.7333333333333333,0.4,0.3722981787699936,0.1437664972976197,"[[16, 4], [4, 6]]",0.8049999999999999,0.8074112625283713,0.8,0.6,0.6,0.8
rf,P1,trainval,0,0,0.7,0.7,0.7333333333333333,0.4,0.3440393461728123,0.1202969848699618,"[[16, 4], [4, 6]]",0.805,0.7479931563534505,0.8,0.6,0.6,0.8
lr,P1,trainval,0,1,0.6122209165687427,0.625,0.6333333333333333,0.2325581395348837,0.4694486487571301,0.237648702658741,"[[13, 7], [4, 6]]",0.695,0.6875870509918289,0.65,0.6,0.6,0.65
svm_rbf,P1,trainval,0,1,0.6306429548563611,0.625,0.7,0.2702702702702703,0.5310054817069249,0.2769038920887672,"[[17, 3], [6, 4]]",0.63,0.6304568773683057,0.85,0.4,0.4,0.85
rf,P1,trainval,0,1,0.5485636114911081,0.55,0.6333333333333333,0.1081081081081081,0.4722916109080462,0.1632362246768546,"[[16, 4], [7, 3]]",0.575,0.586405702643918,0.8,0.3,0.3,0.8
lr,P1,trainval,0,2,0.6296296296296295,0.675,0.6333333333333333,0.297872340425532,0.4718676946365878,0.2128825039028995,"[[11, 9], [2, 8]]",0.785,0.8032419881799425,0.55,0.8,0.8,0.55
svm_rbf,P1,trainval,0,2,0.5970695970695971,0.6,0.6333333333333333,0.1951219512195121,0.5063858649169531,0.2211199082409005,"[[14, 6], [5, 5]]",0.69,0.6607907961543398,0.7,0.5,0.5,0.7
rf,P1,trainval,0,2,0.576379974326059,0.575,0.6333333333333333,0.1538461538461538,0.3650855084770281,0.1691760266157486,"[[15, 5], [6, 4]]",0.795,0.7687777048004749,0.75,0.4,0.4,0.75
lr,P1,trainval,0,3,0.513888888888889,0.525,0.5333333333333333,0.0454545454545455,0.7465426153876036,0.3500684815156685,"[[11, 9], [5, 5]]",0.535,0.5517453746998626,0.55,0.5,0.5,0.55
svm_rbf,P1,trainval,0,3,0.3772893772893773,0.375,0.4333333333333333,-0.2439024390243902,0.8584828972413345,0.4557333164715845,"[[11, 9], [8, 2]]",0.455,0.5226918543524204,0.55,0.2,0.2,0.55
rf,P1,trainval,0,3,0.354066985645933,0.35,0.4,-0.2857142857142858,0.5522305359536649,0.3227185917199481,"[[10, 10], [8, 2]]",0.44,0.5473002894329917,0.5,0.2,0.2,0.5
lr,P1,trainval,0,4,0.5166666666666666,0.5166666666666666,0.5862068965517241,0.0333333333333333,0.5448172671290198,0.3078655229958783,"[[14, 6], [6, 3]]",0.6555555555555556,0.6382345506585887,0.7,0.3333333333333333,0.3333333333333333,0.7
svm_rbf,P1,trainval,0,4,0.5684523809523809,0.5666666666666667,0.6551724137931034,0.1420118343195265,0.536922487352437,0.2364924543179147,"[[16, 4], [6, 3]]",0.7,0.6556547344737,0.8,0.3333333333333333,0.3333333333333333,0.8
rf,P1,trainval,0,4,0.6477732793522267,0.6527777777777778,0.6896551724137931,0.2964959568733153,0.3743326085082963,0.1276649578161595,"[[15, 5], [4, 5]]",0.7222222222222222,0.6693555277512477,0.75,0.5555555555555556,0.5555555555555556,0.75
lr,P1,trainval,1,0,0.6534017971758665,0.65,0.7,0.3076923076923077,0.4432462915115941,0.2325518907246961,"[[16, 4], [5, 5]]",0.74,0.6974548948910005,0.8,0.5,0.5,0.8
svm_rbf,P1,trainval,1,0,0.5738636363636364,0.575,0.6666666666666666,0.1666666666666666,0.4620371948229171,0.2054725966761467,"[[17, 3], [7, 3]]",0.7350000000000001,0.6933670190305274,0.85,0.3,0.3,0.85
rf,P1,trainval,1,0,0.6273291925465838,0.625,0.7333333333333333,0.2941176470588235,0.3561467863217998,0.1325741096475711,"[[19, 1], [7, 3]]",0.78,0.7847362244673037,0.95,0.3,0.3,0.95
lr,P1,trainval,1,1,0.5833333333333333,0.6,0.6,0.1818181818181818,0.407807289093525,0.1591611134528316,"[[12, 8], [4, 6]]",0.7649999999999999,0.7898273224428664,0.6,0.6,0.6,0.6
svm_rbf,P1,trainval,1,1,0.7127222982216143,0.7,0.7666666666666667,0.4324324324324324,0.3711377352376972,0.1792730870877602,"[[18, 2], [5, 5]]",0.77,0.7848715941286022,0.9,0.5,0.5,0.9
rf,P1,trainval,1,1,0.475,0.475,0.5333333333333333,-0.05,0.3786798716616941,0.2243484450826533,"[[13, 7], [7, 3]]",0.71,0.7418802380290974,0.65,0.3,0.3,0.65
lr,P1,trainval,1,2,0.5833333333333333,0.6,0.6,0.1818181818181818,0.5415334014088594,0.2664428530369729,"[[12, 8], [4, 6]]",0.675,0.6811346423118324,0.6,0.6,0.6,0.6
svm_rbf,P1,trainval,1,2,0.55,0.55,0.6,0.1,0.5912562842109857,0.2760166875548501,"[[14, 6], [6, 4]]",0.635,0.6242195227639875,0.7,0.4,0.4,0.7
rf,P1,trainval,1,2,0.55,0.55,0.6,0.1,0.4582782706283804,0.2226872554123036,"[[14, 6], [6, 4]]",0.595,0.6032544102443673,0.7,0.4,0.4,0.7
lr,P1,trainval,1,3,0.5417156286721504,0.55,0.5666666666666667,0.0930232558139534,0.6417222232634853,0.3126710726964241,"[[12, 8], [5, 5]]",0.61,0.6301871862535101,0.6,0.5,0.5,0.6
svm_rbf,P1,trainval,1,3,0.6703296703296704,0.675,0.7,0.3414634146341463,0.5218267129195748,0.2684502194869284,"[[15, 5], [4, 6]]",0.655,0.6467812796228466,0.75,0.6,0.6,0.75
rf,P1,trainval,1,3,0.5970695970695971,0.6,0.6333333333333333,0.1951219512195121,0.399965534256788,0.0553672166010809,"[[14, 6], [5, 5]]",0.705,0.7021819666606189,0.7,0.5,0.5,0.7
lr,P1,trainval,1,4,0.6777777777777778,0.6777777777777778,0.7241379310344828,0.3555555555555555,0.4324515019133746,0.1691184105863797,"[[16, 4], [4, 5]]",0.7222222222222222,0.710940519283205,0.8,0.5555555555555556,0.5555555555555556,0.8
svm_rbf,P1,trainval,1,4,0.5292207792207793,0.5361111111111111,0.6551724137931034,0.0822784810126582,0.5587633355716891,0.246265820772268,"[[17, 3], [7, 2]]",0.5888888888888889,0.5928543302313621,0.85,0.2222222222222222,0.2222222222222222,0.85
rf,P1,trainval,1,4,0.4821428571428571,0.4861111111111111,0.5862068965517241,-0.0295857988165679,0.4484412000415876,0.140470303146242,"[[15, 5], [7, 2]]",0.5833333333333333,0.5887600159693324,0.75,0.2222222222222222,0.2222222222222222,0.75
lr,P1,trainval,2,0,0.576379974326059,0.575,0.6333333333333333,0.1538461538461538,0.5251223648843132,0.1833169985881556,"[[15, 5], [6, 4]]",0.66,0.6679387558502138,0.75,0.4,0.4,0.75
svm_rbf,P1,trainval,2,0,0.5111111111111111,0.525,0.6333333333333333,0.0571428571428572,0.6371862499504618,0.3081816400471694,"[[17, 3], [8, 2]]",0.5650000000000001,0.597349421108423,0.85,0.2,0.2,0.85
rf,P1,trainval,2,0,0.5485636114911081,0.55,0.6333333333333333,0.1081081081081081,0.4152590256067228,0.1287999446964177,"[[16, 4], [7, 3]]",0.665,0.6701662308437744,0.8,0.3,0.3,0.8
lr,P1,trainval,2,1,0.730423620025674,0.725,0.7666666666666667,0.4615384615384615,0.4177663004941003,0.1940819365131674,"[[17, 3], [4, 6]]",0.6699999999999999,0.7016209909156891,0.85,0.6,0.6,0.85
svm_rbf,P1,trainval,2,1,0.6306429548563611,0.625,0.7,0.2702702702702703,0.4990008199347959,0.2151233471937152,"[[17, 3], [6, 4]]",0.645,0.624411189011093,0.85,0.4,0.4,0.85
rf,P1,trainval,2,1,0.6306429548563611,0.625,0.7,0.2702702702702703,0.4276225397979351,0.0815675861140072,"[[17, 3], [6, 4]]",0.6499999999999999,0.6643973769075189,0.85,0.4,0.4,0.85
lr,P1,trainval,2,2,0.5238095238095237,0.525,0.5666666666666667,0.0487804878048779,0.632738448701254,0.2862223773602304,"[[13, 7], [6, 4]]",0.59,0.588050766094524,0.65,0.4,0.4,0.65
svm_rbf,P1,trainval,2,2,0.466484268125855,0.475,0.5666666666666667,-0.0540540540540539,0.6588735338553862,0.3045301672128,"[[15, 5], [8, 2]]",0.5549999999999999,0.5651653353220292,0.75,0.2,0.2,0.75
rf,P1,trainval,2,2,0.4976076555023923,0.5,0.5333333333333333,0.0,0.440209302267767,0.1804762459251634,"[[12, 8], [6, 4]]",0.56,0.5813148001770567,0.6,0.4,0.4,0.6
lr,P1,trainval,2,3,0.569377990430622,0.575,0.6,0.1428571428571429,0.4883426003022775,0.2214557221512124,"[[13, 7], [5, 5]]",0.6950000000000001,0.7008193516762429,0.65,0.5,0.5,0.65
svm_rbf,P1,trainval,2,3,0.6031746031746031,0.6000000000000001,0.6666666666666666,0.2105263157894736,0.4707453271608717,0.2022313042605977,"[[16, 4], [6, 4]]",0.725,0.6933348342951926,0.8,0.4,0.4,0.8
rf,P1,trainval,2,3,0.6411483253588517,0.6499999999999999,0.6666666666666666,0.2857142857142857,0.3552067295216513,0.0841192273919105,"[[14, 6], [4, 6]]",0.78,0.7456061414440319,0.7,0.6,0.6,0.7
lr,P1,trainval,2,4,0.5148005148005148,0.5222222222222221,0.5517241379310345,0.0407124681933842,0.6190970714410212,0.2952164824578194,"[[12, 8], [5, 4]]",0.6,0.6066427478164045,0.6,0.4444444444444444,0.4444444444444444,0.6
svm_rbf,P1,trainval,2,4,0.7087517934002869,0.7027777777777777,0.7586206896551724,0.4183381088825215,0.4205808462808653,0.1426611592280427,"[[17, 3], [4, 5]]",0.6833333333333333,0.7165309160868372,0.85,0.5555555555555556,0.5555555555555556,0.85
rf,P1,trainval,2,4,0.6947368421052631,0.7083333333333333,0.7241379310344828,0.3926701570680628,0.4102912556567975,0.1973662851163126,"[[15, 5], [3, 6]]",0.6666666666666666,0.6441422673989519,0.75,0.6666666666666666,0.6666666666666666,0.75
lr,P1,trainval,3,0,0.625,0.625,0.6666666666666666,0.25,0.4577071203132883,0.2516424802778572,"[[15, 5], [5, 5]]",0.77,0.7717976790245098,0.75,0.5,0.5,0.75
svm_rbf,P1,trainval,3,0,0.4993581514762516,0.5,0.5666666666666667,0.0,0.6293155503664993,0.3172025070392284,"[[14, 6], [7, 3]]",0.64,0.6240217255205246,0.7,0.3,0.3,0.7
rf,P1,trainval,3,0,0.4444444444444444,0.4499999999999999,0.5333333333333333,-0.1052631578947369,0.4272781795487696,0.204047896841314,"[[14, 6], [8, 2]]",0.655,0.6359538189044368,0.7,0.2,0.2,0.7
lr,P1,trainval,3,1,0.5927601809954751,0.625,0.6,0.217391304347826,0.5125047287776227,0.1954436434771304,"[[11, 9], [3, 7]]",0.705,0.7214943985703006,0.55,0.7,0.7,0.55
svm_rbf,P1,trainval,3,1,0.513888888888889,0.525,0.5333333333333333,0.0454545454545455,0.5931222904501143,0.2840349474040208,"[[11, 9], [5, 5]]",0.625,0.618348213259938,0.55,0.5,0.5,0.55
rf,P1,trainval,3,1,0.569377990430622,0.575,0.6,0.1428571428571429,0.3821175188889659,0.1759697959867271,"[[13, 7], [5, 5]]",0.715,0.72484900757424,0.65,0.5,0.5,0.65
lr,P1,trainval,3,2,0.6527777777777778,0.675,0.6666666666666666,0.3181818181818182,0.4956621707637438,0.1811297668592172,"[[13, 7], [3, 7]]",0.67,0.7227288757358838,0.65,0.7,0.7,0.65
svm_rbf,P1,trainval,3,2,0.6031746031746031,0.6000000000000001,0.6666666666666666,0.2105263157894736,0.4512308505804387,0.163372153385231,"[[16, 4], [6, 4]]",0.665,0.6988225063571931,0.8,0.4,0.4,0.8
rf,P1,trainval,3,2,0.6703296703296704,0.675,0.7,0.3414634146341463,0.4287930418427549,0.1169323560217618,"[[15, 5], [4, 6]]",0.655,0.6786985873553716,0.75,0.6,0.6,0.75
lr,P1,trainval,3,3,0.6306429548563611,0.625,0.7,0.2702702702702703,0.4333620895289013,0.1808150679681494,"[[17, 3], [6, 4]]",0.725,0.736325434080684,0.85,0.4,0.4,0.85
svm_rbf,P1,trainval,3,3,0.4791666666666666,0.525,0.6666666666666666,0.0625000000000001,0.5158789973540356,0.2518959844525881,"[[19, 1], [9, 1]]",0.67,0.685650463632742,0.95,0.1,0.1,0.95
rf,P1,trainval,3,3,0.5341614906832298,0.55,0.6666666666666666,0.1176470588235293,0.3877650943361936,0.1080023881626907,"[[18, 2], [8, 2]]",0.73,0.7016646479489561,0.9,0.2,0.2,0.9
lr,P1,trainval,3,4,0.6947368421052631,0.7083333333333333,0.7241379310344828,0.3926701570680628,0.4389016195066139,0.214744345209407,"[[15, 5], [3, 6]]",0.7611111111111112,0.7408584471084472,0.75,0.6666666666666666,0.6666666666666666,0.75
svm_rbf,P1,trainval,3,4,0.7710526315789473,0.788888888888889,0.7931034482758621,0.5445026178010471,0.3859840630533583,0.1873934223165637,"[[16, 4], [2, 7]]",0.7666666666666666,0.7075129312621504,0.8,0.7777777777777778,0.7777777777777778,0.8
rf,P1,trainval,3,4,0.7070707070707071,0.7388888888888889,0.7241379310344828,0.4257425742574257,0.4059653452315422,0.1453284369534816,"[[14, 6], [2, 7]]",0.7333333333333334,0.7101917218583885,0.7,0.7777777777777778,0.7777777777777778,0.7
lr,P1,trainval,4,0,0.7129186602870814,0.725,0.7333333333333333,0.4285714285714286,0.3650069494575731,0.1627208897505123,"[[15, 5], [3, 7]]",0.845,0.8475862750691127,0.75,0.7,0.7,0.75
svm_rbf,P1,trainval,4,0,0.7,0.7,0.7333333333333333,0.4,0.3175115504736361,0.1186551486880757,"[[16, 4], [4, 6]]",0.86,0.862522179617768,0.8,0.6,0.6,0.8
rf,P1,trainval,4,0,0.6590909090909092,0.65,0.7333333333333333,0.3333333333333333,0.3326608330758552,0.0666114623126453,"[[18, 2], [6, 4]]",0.8150000000000001,0.7613048570746446,0.9,0.4,0.4,0.9
lr,P1,trainval,4,1,0.5970695970695971,0.6,0.6333333333333333,0.1951219512195121,0.4714948438092193,0.2038609186640539,"[[14, 6], [5, 5]]",0.72,0.7311065863481229,0.7,0.5,0.5,0.7
svm_rbf,P1,trainval,4,1,0.6534017971758665,0.65,0.7,0.3076923076923077,0.4821995395760631,0.1721760390202643,"[[16, 4], [5, 5]]",0.6950000000000001,0.6732718135501148,0.8,0.5,0.5,0.8
rf,P1,trainval,4,1,0.6411483253588517,0.6499999999999999,0.6666666666666666,0.2857142857142857,0.4066877549641031,0.0457890725356337,"[[14, 6], [4, 6]]",0.735,0.7008542112666154,0.7,0.6,0.6,0.7
lr,P1,trainval,4,2,0.5622895622895623,0.6,0.5666666666666667,0.1702127659574468,0.5272477696653836,0.2151397654119487,"[[10, 10], [3, 7]]",0.63,0.6560071906242111,0.5,0.7,0.7,0.5
svm_rbf,P1,trainval,4,2,0.4993581514762516,0.5,0.5666666666666667,0.0,0.5450818633033447,0.2394364708734771,"[[14, 6], [7, 3]]",0.625,0.6131732494619766,0.7,0.3,0.3,0.7
rf,P1,trainval,4,2,0.576379974326059,0.575,0.6333333333333333,0.1538461538461538,0.4345896458141868,0.1955295424791143,"[[15, 5], [6, 4]]",0.61,0.6113469634179627,0.75,0.4,0.4,0.75
lr,P1,trainval,4,3,0.55,0.55,0.6,0.1,0.5712107709492962,0.2270842861997379,"[[14, 6], [6, 4]]",0.6000000000000001,0.6164535706061063,0.7,0.4,0.4,0.7
svm_rbf,P1,trainval,4,3,0.5485636114911081,0.55,0.6333333333333333,0.1081081081081081,0.5811888943047704,0.2536176323275576,"[[16, 4], [7, 3]]",0.61,0.6608901451040198,0.8,0.3,0.3,0.8
rf,P1,trainval,4,3,0.576379974326059,0.575,0.6333333333333333,0.1538461538461538,0.4360781211864214,0.1358315265266794,"[[15, 5], [6, 4]]",0.66,0.7062110516942763,0.75,0.4,0.4,0.75
lr,P1,trainval,4,4,0.5423242467718795,0.5416666666666666,0.6206896551724138,0.0859598853868195,0.5864080543248694,0.2571576283147972,"[[15, 5], [6, 3]]",0.6333333333333333,0.6142969036280792,0.75,0.3333333333333333,0.3333333333333333,0.75
svm_rbf,P1,trainval,4,4,0.5292207792207793,0.5361111111111111,0.6551724137931034,0.0822784810126582,0.5863224718307453,0.3514661781139393,"[[17, 3], [7, 2]]",0.5722222222222222,0.588318892014658,0.85,0.2222222222222222,0.2222222222222222,0.85
rf,P1,trainval,4,4,0.5054263565891473,0.5111111111111111,0.6206896551724138,0.0244648318042813,0.4623847787209205,0.1321317764127761,"[[16, 4], [7, 2]]",0.5888888888888889,0.5988094325746898,0.8,0.2222222222222222,0.2222222222222222,0.8
lr,P2,trainval,0,0,0.6827262044653349,0.7,0.7,0.3720930232558139,0.4518370548841608,0.1583134297289887,"[[14, 6], [3, 7]]",0.7,0.717770467816024,0.7,0.7,0.7,0.7
svm_rbf,P2,trainval,0,0,0.6273291925465838,0.625,0.7333333333333333,0.2941176470588235,0.3488047921965449,0.1314170545734227,"[[19, 1], [7, 3]]",0.8300000000000002,0.8183807910355898,0.95,0.3,0.3,0.95
rf,P2,trainval,0,0,0.4990723562152134,0.55,0.7,0.129032258064516,0.3921219343762433,0.1423121702240733,"[[20, 0], [9, 1]]",0.855,0.8403243212651909,1.0,0.1,0.1,1.0
lr,P2,trainval,0,1,0.6122209165687427,0.625,0.6333333333333333,0.2325581395348837,0.4416831883476045,0.0877932320600051,"[[13, 7], [4, 6]]",0.675,0.6662434257993468,0.65,0.6,0.6,0.65
svm_rbf,P2,trainval,0,1,0.5581014729950899,0.575,0.7,0.1818181818181817,0.3665094599758913,0.1112497986026306,"[[19, 1], [8, 2]]",0.775,0.7472638087460068,0.95,0.2,0.2,0.95
rf,P2,trainval,0,1,0.4791666666666666,0.525,0.6666666666666666,0.0625000000000001,0.408522176566212,0.187151379364491,"[[19, 1], [9, 1]]",0.77,0.7422189774169685,0.95,0.1,0.1,0.95
lr,P2,trainval,0,2,0.4712103407755582,0.475,0.5,-0.0465116279069768,0.5130577625506246,0.1058313568064938,"[[11, 9], [6, 4]]",0.515,0.5271020638340285,0.55,0.4,0.4,0.55
svm_rbf,P2,trainval,0,2,0.4990723562152134,0.55,0.7,0.129032258064516,0.4199178290241846,0.0709717582226905,"[[20, 0], [9, 1]]",0.625,0.6665995266343564,1.0,0.1,0.1,1.0
rf,P2,trainval,0,2,0.5833333333333334,0.6,0.7333333333333333,0.2500000000000001,0.4218147886906903,0.1887057966024532,"[[20, 0], [8, 2]]",0.655,0.7222836139701969,1.0,0.2,0.2,1.0
lr,P2,trainval,0,3,0.5542857142857143,0.575,0.5666666666666667,0.1333333333333333,0.4826925603569039,0.0965375305742081,"[[11, 9], [4, 6]]",0.61,0.6149324557401687,0.55,0.6,0.6,0.55
svm_rbf,P2,trainval,0,3,0.5111111111111111,0.525,0.6333333333333333,0.0571428571428572,0.4627548938358766,0.0875248452110891,"[[17, 3], [8, 2]]",0.52,0.5856000391493941,0.85,0.2,0.2,0.85
rf,P2,trainval,0,3,0.4222222222222222,0.45,0.5666666666666667,-0.1142857142857141,0.4698716779308259,0.0772357836574214,"[[16, 4], [9, 1]]",0.4649999999999999,0.527706949433675,0.8,0.1,0.1,0.8
lr,P2,trainval,0,4,0.675776397515528,0.7138888888888889,0.6896551724137931,0.3710843373493976,0.4161245623680986,0.0956755073615939,"[[13, 7], [2, 7]]",0.7611111111111111,0.7171285784877133,0.65,0.7777777777777778,0.7777777777777778,0.65
svm_rbf,P2,trainval,0,4,0.6073500967117988,0.6111111111111112,0.7586206896551724,0.282685512367491,0.3623490293725893,0.0979323162834837,"[[20, 0], [7, 2]]",0.7833333333333333,0.802110088782238,1.0,0.2222222222222222,0.2222222222222222,1.0
rf,P2,trainval,0,4,0.6073500967117988,0.6111111111111112,0.7586206896551724,0.282685512367491,0.411453450089671,0.170762144455463,"[[20, 0], [7, 2]]",0.7277777777777777,0.7724880200644941,1.0,0.2222222222222222,0.2222222222222222,1.0
lr,P2,trainval,1,0,0.569377990430622,0.575,0.6,0.1428571428571429,0.4907382769528938,0.0709942036970987,"[[13, 7], [5, 5]]",0.5650000000000001,0.6427541625389293,0.65,0.5,0.5,0.65
svm_rbf,P2,trainval,1,0,0.5833333333333334,0.6,0.7333333333333333,0.2500000000000001,0.4011512534756607,0.084030544477057,"[[20, 0], [8, 2]]",0.655,0.6821122355782598,1.0,0.2,0.2,1.0
rf,P2,trainval,1,0,0.5581014729950899,0.575,0.7,0.1818181818181817,0.4359798529336174,0.0819468780274905,"[[19, 1], [8, 2]]",0.605,0.6710291204485579,0.95,0.2,0.2,0.95
lr,P2,trainval,1,1,0.4976076555023923,0.5,0.5333333333333333,0.0,0.4255409100619164,0.1984573274168214,"[[12, 8], [6, 4]]",0.675,0.6588490830634794,0.6,0.4,0.4,0.6
svm_rbf,P2,trainval,1,1,0.5833333333333334,0.6,0.7333333333333333,0.2500000000000001,0.3457207462889836,0.0839348267962236,"[[20, 0], [8, 2]]",0.91,0.9081794028340082,1.0,0.2,0.2,1.0
rf,P2,trainval,1,1,0.4,0.5,0.6666666666666666,0.0,0.4038190536625433,0.1335747939804581,"[[20, 0], [10, 0]]",0.865,0.869062307231812,1.0,0.0,0.0,1.0
lr,P2,trainval,1,2,0.5833333333333333,0.6,0.6,0.1818181818181818,0.4573428778670259,0.0524808970186241,"[[12, 8], [4, 6]]",0.645,0.6281273386239357,0.6,0.6,0.6,0.6
svm_rbf,P2,trainval,1,2,0.5341614906832298,0.55,0.6666666666666666,0.1176470588235293,0.4087815490292446,0.0588752478317198,"[[18, 2], [8, 2]]",0.66,0.6553503007090973,0.9,0.2,0.2,0.9
rf,P2,trainval,1,2,0.4791666666666666,0.525,0.6666666666666666,0.0625000000000001,0.4241661991677835,0.0634317226369903,"[[19, 1], [9, 1]]",0.645,0.660113857346186,0.95,0.1,0.1,0.95
lr,P2,trainval,1,3,0.7321428571428572,0.8,0.7333333333333333,0.5,0.4502378039458198,0.1782481418038393,"[[12, 8], [0, 10]]",0.77,0.7255744544363472,0.6,1.0,1.0,0.6
svm_rbf,P2,trainval,1,3,0.6273291925465838,0.625,0.7333333333333333,0.2941176470588235,0.3950578285067335,0.1028462692834397,"[[19, 1], [7, 3]]",0.75,0.7252255911735822,0.95,0.3,0.3,0.95
rf,P2,trainval,1,3,0.3877551020408163,0.475,0.6333333333333333,-0.0645161290322582,0.4310850168744904,0.0534723111415809,"[[19, 1], [10, 0]]",0.765,0.7466272346719329,0.95,0.0,0.0,0.95
lr,P2,trainval,1,4,0.4591104734576757,0.4611111111111111,0.5517241379310345,-0.0802292263610313,0.4991962276851247,0.1022843202316446,"[[14, 6], [7, 2]]",0.4777777777777777,0.5277188283294212,0.7,0.2222222222222222,0.2222222222222222,0.7
svm_rbf,P2,trainval,1,4,0.3958333333333333,0.475,0.6551724137931034,-0.0661764705882352,0.4488191472447002,0.0735425656744646,"[[19, 1], [9, 0]]",0.5277777777777777,0.5477933084881154,0.95,0.0,0.0,0.95
rf,P2,trainval,1,4,0.3829787234042553,0.45,0.6206896551724138,-0.1272084805653712,0.4479406937753932,0.0736679940785561,"[[18, 2], [9, 0]]",0.538888888888889,0.5527757351047625,0.9,0.0,0.0,0.9
lr,P2,trainval,2,0,0.6527777777777778,0.675,0.6666666666666666,0.3181818181818182,0.4279410263399046,0.1074545926910264,"[[13, 7], [3, 7]]",0.7150000000000001,0.7053744946030334,0.65,0.7,0.7,0.65
svm_rbf,P2,trainval,2,0,0.4990723562152134,0.55,0.7,0.129032258064516,0.3695450618511851,0.1431639555815664,"[[20, 0], [9, 1]]",0.775,0.7654599811952754,1.0,0.1,0.1,1.0
rf,P2,trainval,2,0,0.5833333333333334,0.6,0.7333333333333333,0.2500000000000001,0.403498215782913,0.1272470350852732,"[[20, 0], [8, 2]]",0.785,0.7982935743235665,1.0,0.2,0.2,1.0
lr,P2,trainval,2,1,0.4857142857142857,0.5,0.5,0.0,0.5603229507092357,0.2377415510113458,"[[10, 10], [5, 5]]",0.475,0.5530666171940866,0.5,0.5,0.5,0.5
svm_rbf,P2,trainval,2,1,0.6273291925465838,0.625,0.7333333333333333,0.2941176470588235,0.4416764139043952,0.1897765539772667,"[[19, 1], [7, 3]]",0.575,0.6083811153912573,0.95,0.3,0.3,0.95
rf,P2,trainval,2,1,0.6273291925465838,0.625,0.7333333333333333,0.2941176470588235,0.4501303052867575,0.1856937009716216,"[[19, 1], [7, 3]]",0.55,0.6125798705896378,0.95,0.3,0.3,0.95
lr,P2,trainval,2,2,0.4444444444444444,0.45,0.4666666666666667,-0.0909090909090908,0.5212226269053185,0.1422358946198176,"[[10, 10], [6, 4]]",0.51,0.5567889726340498,0.5,0.4,0.4,0.5
svm_rbf,P2,trainval,2,2,0.5111111111111111,0.525,0.6333333333333333,0.0571428571428572,0.4136879695647048,0.0707684022188775,"[[17, 3], [8, 2]]",0.67,0.6761352203735982,0.85,0.2,0.2,0.85
rf,P2,trainval,2,2,0.6273291925465838,0.625,0.7333333333333333,0.2941176470588235,0.4117251001976851,0.1303652082572734,"[[19, 1], [7, 3]]",0.74,0.7163413747779495,0.95,0.3,0.3,0.95
lr,P2,trainval,2,3,0.5927601809954751,0.625,0.6,0.217391304347826,0.4435241118498301,0.0833111277570817,"[[11, 9], [3, 7]]",0.705,0.702189730831881,0.55,0.7,0.7,0.55
svm_rbf,P2,trainval,2,3,0.6563011456628478,0.65,0.7666666666666667,0.3636363636363636,0.3721652837513551,0.1199160214462526,"[[20, 0], [7, 3]]",0.75,0.7793867635417558,1.0,0.3,0.3,1.0
rf,P2,trainval,2,3,0.5833333333333334,0.6,0.7333333333333333,0.2500000000000001,0.4016901904494947,0.1272696496247408,"[[20, 0], [8, 2]]",0.775,0.8037853808262426,1.0,0.2,0.2,1.0
lr,P2,trainval,2,4,0.6477732793522267,0.6527777777777778,0.6896551724137931,0.2964959568733153,0.4268828780806623,0.1206639940185031,"[[15, 5], [4, 5]]",0.6777777777777777,0.6549398186633895,0.75,0.5555555555555556,0.5555555555555556,0.75
svm_rbf,P2,trainval,2,4,0.495164410058027,0.5305555555555556,0.6896551724137931,0.0777385159010599,0.3876804278370809,0.0743192711396663,"[[19, 1], [8, 1]]",0.7277777777777779,0.6932605182507074,0.95,0.1111111111111111,0.1111111111111111,0.95
rf,P2,trainval,2,4,0.3958333333333333,0.475,0.6551724137931034,-0.0661764705882352,0.4216868927962899,0.0471872814721631,"[[19, 1], [9, 0]]",0.6444444444444445,0.6405350182691139,0.95,0.0,0.0,0.95
lr,P2,trainval,3,0,0.5248868778280543,0.55,0.5333333333333333,0.0869565217391303,0.5132979989129376,0.0875543354379611,"[[10, 10], [4, 6]]",0.515,0.5613357315252339,0.5,0.6,0.6,0.5
svm_rbf,P2,trainval,3,0,0.5111111111111111,0.525,0.6333333333333333,0.0571428571428572,0.3990059214451325,0.1448815855953266,"[[17, 3], [8, 2]]",0.705,0.6699425009688168,0.85,0.2,0.2,0.85
rf,P2,trainval,3,0,0.5111111111111111,0.525,0.6333333333333333,0.0571428571428572,0.423405869253005,0.1140396126948951,"[[17, 3], [8, 2]]",0.67,0.6337125846667655,0.85,0.2,0.2,0.85
lr,P2,trainval,3,1,0.6527777777777778,0.675,0.6666666666666666,0.3181818181818182,0.4318291963853166,0.0628705264720051,"[[13, 7], [3, 7]]",0.7650000000000001,0.7526194453453803,0.65,0.7,0.7,0.65
svm_rbf,P2,trainval,3,1,0.5581014729950899,0.575,0.7,0.1818181818181817,0.3599485785122004,0.1344560099727698,"[[19, 1], [8, 2]]",0.82,0.8254365767092497,0.95,0.2,0.2,0.95
rf,P2,trainval,3,1,0.4990723562152134,0.55,0.7,0.129032258064516,0.3891774972681395,0.1773688586630314,"[[20, 0], [9, 1]]",0.9,0.9025024072934292,1.0,0.1,0.1,1.0
lr,P2,trainval,3,2,0.53125,0.575,0.5333333333333333,0.125,0.5231059390567958,0.1364731666454294,"[[9, 11], [3, 7]]",0.575,0.5829034383609192,0.45,0.7,0.7,0.45
svm_rbf,P2,trainval,3,2,0.6888888888888889,0.675,0.7666666666666667,0.4,0.4297614945711651,0.1646268038886804,"[[19, 1], [6, 4]]",0.6100000000000001,0.6311868635947289,0.95,0.4,0.4,0.95
rf,P2,trainval,3,2,0.6000000000000001,0.6,0.7,0.2285714285714286,0.4523266853064536,0.1842545855586664,"[[18, 2], [7, 3]]",0.5599999999999999,0.6100055196588209,0.9,0.3,0.3,0.9
lr,P2,trainval,3,3,0.5970695970695971,0.6,0.6333333333333333,0.1951219512195121,0.4106460106830857,0.1735802983063888,"[[14, 6], [5, 5]]",0.735,0.7046274266665892,0.7,0.5,0.5,0.7
svm_rbf,P2,trainval,3,3,0.4,0.5,0.6666666666666666,0.0,0.4150092060312595,0.0500110477167524,"[[20, 0], [10, 0]]",0.685,0.6825316530692089,1.0,0.0,0.0,1.0
rf,P2,trainval,3,3,0.4,0.5,0.6666666666666666,0.0,0.4364480313035864,0.052208144639396,"[[20, 0], [10, 0]]",0.635,0.6596134156638475,1.0,0.0,0.0,1.0
lr,P2,trainval,3,4,0.7710526315789473,0.788888888888889,0.7931034482758621,0.5445026178010471,0.3971227497623346,0.1626181224534694,"[[16, 4], [2, 7]]",0.7333333333333334,0.6967425307748382,0.8,0.7777777777777778,0.7777777777777778,0.8
svm_rbf,P2,trainval,3,4,0.652991452991453,0.6416666666666666,0.7586206896551724,0.3344262295081968,0.3467232176969507,0.1258644291173838,"[[19, 1], [6, 3]]",0.7944444444444444,0.8002389883084964,0.95,0.3333333333333333,0.3333333333333333,0.95
rf,P2,trainval,3,4,0.652991452991453,0.6416666666666666,0.7586206896551724,0.3344262295081968,0.4027960572695313,0.1632303154773582,"[[19, 1], [6, 3]]",0.7611111111111111,0.7869573906270888,0.95,0.3333333333333333,0.3333333333333333,0.95
lr,P2,trainval,4,0,0.4993581514762516,0.5,0.5666666666666667,0.0,0.5254953091154128,0.1387614588723767,"[[14, 6], [7, 3]]",0.53,0.5379691114861794,0.7,0.3,0.3,0.7
svm_rbf,P2,trainval,4,0,0.5833333333333334,0.6,0.7333333333333333,0.2500000000000001,0.4163124341826581,0.186351032647035,"[[20, 0], [8, 2]]",0.625,0.6614040321895647,1.0,0.2,0.2,1.0
rf,P2,trainval,4,0,0.4990723562152134,0.55,0.7,0.129032258064516,0.4229314821584253,0.1561120118037748,"[[20, 0], [9, 1]]",0.595,0.6754971722939276,1.0,0.1,0.1,1.0
lr,P2,trainval,4,1,0.53125,0.575,0.5333333333333333,0.125,0.4816391059009791,0.0725869427022219,"[[9, 11], [3, 7]]",0.655,0.6914341158590889,0.45,0.7,0.7,0.45
svm_rbf,P2,trainval,4,1,0.6306429548563611,0.625,0.7,0.2702702702702703,0.3749771785930195,0.1650364302294497,"[[17, 3], [6, 4]]",0.785,0.7994459459622503,0.85,0.4,0.4,0.85
rf,P2,trainval,4,1,0.5581014729950899,0.575,0.7,0.1818181818181817,0.4201891960386609,0.1179249007343155,"[[19, 1], [8, 2]]",0.78,0.737434486809487,0.95,0.2,0.2,0.95
lr,P2,trainval,4,2,0.6296296296296295,0.675,0.6333333333333333,0.297872340425532,0.3973462035801787,0.1305077402855686,"[[11, 9], [2, 8]]",0.78,0.7922875924407002,0.55,0.8,0.8,0.55
svm_rbf,P2,trainval,4,2,0.6563011456628478,0.65,0.7666666666666667,0.3636363636363636,0.3733060382521185,0.1304395247413206,"[[20, 0], [7, 3]]",0.75,0.7747039184868891,1.0,0.3,0.3,1.0
rf,P2,trainval,4,2,0.4791666666666666,0.525,0.6666666666666666,0.0625000000000001,0.413456732319142,0.076486788835499,"[[19, 1], [9, 1]]",0.73,0.7379363021420712,0.95,0.1,0.1,0.95
lr,P2,trainval,4,3,0.5542857142857143,0.575,0.5666666666666667,0.1333333333333333,0.4906488118347297,0.073767229670919,"[[11, 9], [4, 6]]",0.595,0.5835272730192366,0.55,0.6,0.6,0.55
svm_rbf,P2,trainval,4,3,0.4599018003273322,0.5,0.6333333333333333,0.0,0.4048619135284933,0.1082605565894883,"[[18, 2], [9, 1]]",0.695,0.6922056640366265,0.9,0.1,0.1,0.9
rf,P2,trainval,4,3,0.4990723562152134,0.55,0.7,0.129032258064516,0.4296979589836244,0.1236775461624114,"[[20, 0], [9, 1]]",0.655,0.6968417564895264,1.0,0.1,0.1,1.0
lr,P2,trainval,4,4,0.4401544401544401,0.4416666666666666,0.4827586206896552,-0.1068702290076335,0.546478824649939,0.1568013684148557,"[[11, 9], [6, 3]]",0.4555555555555555,0.5059977592144229,0.55,0.3333333333333333,0.3333333333333333,0.55
svm_rbf,P2,trainval,4,4,0.495164410058027,0.5305555555555556,0.6896551724137931,0.0777385159010599,0.4351576935186088,0.0882198306566318,"[[19, 1], [8, 1]]",0.538888888888889,0.5533617643124518,0.95,0.1111111111111111,0.1111111111111111,0.95
rf,P2,trainval,4,4,0.495164410058027,0.5305555555555556,0.6896551724137931,0.0777385159010599,0.4389016885733462,0.1353709171157151,"[[19, 1], [8, 1]]",0.5444444444444445,0.569994004662563,0.95,0.1111111111111111,0.1111111111111111,0.95
lr,P3,trainval,0,0,0.8237367802585194,0.8500000000000001,0.8333333333333334,0.6511627906976745,0.3560617438783157,0.2086167446284295,"[[16, 4], [1, 9]]",0.8500000000000001,0.7956836336393227,0.8,0.9,0.9,0.8
svm_rbf,P3,trainval,0,0,0.7,0.7,0.7333333333333333,0.4,0.3792286792583956,0.1301601048389994,"[[16, 4], [4, 6]]",0.835,0.8308816137566138,0.8,0.6,0.6,0.8
rf,P3,trainval,0,0,0.576379974326059,0.575,0.6333333333333333,0.1538461538461538,0.397878752564708,0.1286859880158315,"[[15, 5], [6, 4]]",0.735,0.7164131005629486,0.75,0.4,0.4,0.75
lr,P3,trainval,0,1,0.7,0.7,0.7333333333333333,0.4,0.4079995276407392,0.1823302883699463,"[[16, 4], [4, 6]]",0.775,0.7314802081453045,0.8,0.6,0.6,0.8
svm_rbf,P3,trainval,0,1,0.6534017971758665,0.65,0.7,0.3076923076923077,0.4151202676176524,0.1689316642052565,"[[16, 4], [5, 5]]",0.78,0.737479273650949,0.8,0.5,0.5,0.8
rf,P3,trainval,0,1,0.576379974326059,0.575,0.6333333333333333,0.1538461538461538,0.3600213514660244,0.1789833477988793,"[[15, 5], [6, 4]]",0.79,0.7728120720332998,0.75,0.4,0.4,0.75
lr,P3,trainval,0,2,0.7749999999999999,0.7749999999999999,0.8,0.55,0.28672416461207,0.1308736584974737,"[[17, 3], [3, 7]]",0.87,0.8443782644401043,0.85,0.7,0.7,0.85
svm_rbf,P3,trainval,0,2,0.6888888888888889,0.675,0.7666666666666667,0.4,0.323200786757471,0.1659604974472516,"[[19, 1], [6, 4]]",0.875,0.8511918860657672,0.95,0.4,0.4,0.95
rf,P3,trainval,0,2,0.7443181818181819,0.725,0.8,0.5,0.2995825146319307,0.1104407764346905,"[[19, 1], [5, 5]]",0.835,0.854518824118703,0.95,0.5,0.5,0.95
lr,P3,trainval,0,3,0.5417156286721504,0.55,0.5666666666666667,0.0930232558139534,0.6535524375018265,0.3483594459697841,"[[12, 8], [5, 5]]",0.6100000000000001,0.5945761692124827,0.6,0.5,0.5,0.6
svm_rbf,P3,trainval,0,3,0.475,0.475,0.5333333333333333,-0.05,0.6519225204241881,0.318278224998981,"[[13, 7], [7, 3]]",0.555,0.5942928494128861,0.65,0.3,0.3,0.65
rf,P3,trainval,0,3,0.475,0.475,0.5333333333333333,-0.05,0.5335366369121194,0.1993289930448822,"[[13, 7], [7, 3]]",0.525,0.5428093203217714,0.65,0.3,0.3,0.65
lr,P3,trainval,0,4,0.5972222222222222,0.5972222222222222,0.6551724137931034,0.1944444444444444,0.441240575145499,0.2056088184441467,"[[15, 5], [5, 4]]",0.7833333333333333,0.7463985910840131,0.75,0.4444444444444444,0.4444444444444444,0.75
svm_rbf,P3,trainval,0,4,0.7087517934002869,0.7027777777777777,0.7586206896551724,0.4183381088825215,0.2606865938734889,0.2063477517929716,"[[17, 3], [4, 5]]",0.8777777777777778,0.7940060498250154,0.85,0.5555555555555556,0.5555555555555556,0.85
rf,P3,trainval,0,4,0.8825910931174089,0.8944444444444444,0.896551724137931,0.7654986522911051,0.3155009204596178,0.2517029565887494,"[[18, 2], [1, 8]]",0.8833333333333333,0.8014148781445765,0.9,0.8888888888888888,0.8888888888888888,0.9
lr,P3,trainval,1,0,0.6888888888888889,0.675,0.7666666666666667,0.4,0.4888579073149388,0.2755447135438769,"[[19, 1], [6, 4]]",0.71,0.7021322940568802,0.95,0.4,0.4,0.95
svm_rbf,P3,trainval,1,0,0.6563011456628478,0.65,0.7666666666666667,0.3636363636363636,0.3633260971748334,0.1442290792574421,"[[20, 0], [7, 3]]",0.81,0.8260994497711249,1.0,0.3,0.3,1.0
rf,P3,trainval,1,0,0.6306429548563611,0.625,0.7,0.2702702702702703,0.3561031004131998,0.0896005391664019,"[[17, 3], [6, 4]]",0.77,0.7230971407190447,0.85,0.4,0.4,0.85
lr,P3,trainval,1,1,0.6411483253588517,0.6499999999999999,0.6666666666666666,0.2857142857142857,0.6313912474709339,0.3495728389002079,"[[14, 6], [4, 6]]",0.64,0.6524436744103381,0.7,0.6,0.6,0.7
svm_rbf,P3,trainval,1,1,0.7749999999999999,0.7749999999999999,0.8,0.55,0.3072752363589612,0.104075353297304,"[[17, 3], [3, 7]]",0.8200000000000001,0.848588975066378,0.85,0.7,0.7,0.85
rf,P3,trainval,1,1,0.7749999999999999,0.7749999999999999,0.8,0.55,0.3338473339853124,0.1479613823020286,"[[17, 3], [3, 7]]",0.8250000000000001,0.8327674414222402,0.85,0.7,0.7,0.85
lr,P3,trainval,1,2,0.5970695970695971,0.6,0.6333333333333333,0.1951219512195121,0.6149987160721472,0.2415336331033483,"[[14, 6], [5, 5]]",0.625,0.6104617207105197,0.7,0.5,0.5,0.7
svm_rbf,P3,trainval,1,2,0.4712103407755582,0.475,0.5,-0.0465116279069768,0.6974091852745912,0.360906248734082,"[[11, 9], [6, 4]]",0.5800000000000001,0.5992305058464368,0.55,0.4,0.4,0.55
rf,P3,trainval,1,2,0.5417156286721504,0.55,0.5666666666666667,0.0930232558139534,0.4761775574291013,0.1742143722103514,"[[12, 8], [5, 5]]",0.63,0.623023346670559,0.6,0.5,0.5,0.6
lr,P3,trainval,1,3,0.8500000000000001,0.8500000000000001,0.8666666666666667,0.7,0.2546952061245079,0.1185480382676729,"[[18, 2], [2, 8]]",0.885,0.8581516404673166,0.9,0.8,0.8,0.9
svm_rbf,P3,trainval,1,3,0.7619047619047619,0.75,0.8,0.5263157894736842,0.3319651801496051,0.1636505816716204,"[[18, 2], [4, 6]]",0.8200000000000001,0.8319748996407615,0.9,0.6,0.6,0.9
rf,P3,trainval,1,3,0.5738636363636364,0.575,0.6666666666666666,0.1666666666666666,0.4266877138062671,0.098446073973063,"[[17, 3], [7, 3]]",0.65,0.6481661321944334,0.85,0.3,0.3,0.85
lr,P3,trainval,1,4,0.6477732793522267,0.6527777777777778,0.6896551724137931,0.2964959568733153,0.4290541507704914,0.1626363871567802,"[[15, 5], [4, 5]]",0.7777777777777778,0.72398073200558,0.75,0.5555555555555556,0.5555555555555556,0.75
svm_rbf,P3,trainval,1,4,0.6547619047619048,0.6472222222222221,0.7241379310344828,0.3136094674556212,0.3395303568682505,0.0966635761433109,"[[17, 3], [5, 4]]",0.7888888888888889,0.7749227944350494,0.85,0.4444444444444444,0.4444444444444444,0.85
rf,P3,trainval,1,4,0.6547619047619048,0.6472222222222221,0.7241379310344828,0.3136094674556212,0.3488665087441883,0.0941186061083157,"[[17, 3], [5, 4]]",0.7722222222222223,0.7654210925597273,0.85,0.4444444444444444,0.4444444444444444,0.85
lr,P3,trainval,2,0,0.6411483253588517,0.6499999999999999,0.6666666666666666,0.2857142857142857,0.5665122794029934,0.2795766542837267,"[[14, 6], [4, 6]]",0.6950000000000001,0.6762616804491806,0.7,0.6,0.6,0.7
svm_rbf,P3,trainval,2,0,0.6031746031746031,0.6000000000000001,0.6666666666666666,0.2105263157894736,0.5210672463936623,0.2148343584118542,"[[16, 4], [6, 4]]",0.665,0.6483431382695689,0.8,0.4,0.4,0.8
rf,P3,trainval,2,0,0.625,0.625,0.6666666666666666,0.25,0.4348361791473515,0.1298006738369213,"[[15, 5], [5, 5]]",0.645,0.6331275693447757,0.75,0.5,0.5,0.75
lr,P3,trainval,2,1,0.5738636363636364,0.575,0.6666666666666666,0.1666666666666666,0.4771790648517722,0.2487662085210336,"[[17, 3], [7, 3]]",0.7400000000000001,0.7446521502376766,0.85,0.3,0.3,0.85
svm_rbf,P3,trainval,2,1,0.6888888888888889,0.675,0.7666666666666667,0.4,0.4172919566375288,0.1731194671190368,"[[19, 1], [6, 4]]",0.7450000000000001,0.6992868272508366,0.95,0.4,0.4,0.95
rf,P3,trainval,2,1,0.7127222982216143,0.7,0.7666666666666667,0.4324324324324324,0.3698569310224835,0.1246764329250067,"[[18, 2], [5, 5]]",0.76,0.7236386747543155,0.9,0.5,0.5,0.9
lr,P3,trainval,2,2,0.6827262044653349,0.7,0.7,0.3720930232558139,0.4329655665224343,0.1918964938430924,"[[14, 6], [3, 7]]",0.775,0.72399084870327,0.7,0.7,0.7,0.7
svm_rbf,P3,trainval,2,2,0.6228571428571429,0.6499999999999999,0.6333333333333333,0.2666666666666667,0.5126977848516279,0.2663266105376964,"[[12, 8], [3, 7]]",0.76,0.7440554066737648,0.6,0.7,0.7,0.6
rf,P3,trainval,2,2,0.55,0.55,0.6,0.1,0.4868417358411719,0.1423580148883971,"[[14, 6], [6, 4]]",0.595,0.6065197412236887,0.7,0.4,0.4,0.7
lr,P3,trainval,2,3,0.8237367802585194,0.8500000000000001,0.8333333333333334,0.6511627906976745,0.2814456201256687,0.1321312664992592,"[[16, 4], [1, 9]]",0.8550000000000002,0.7978178882735772,0.8,0.9,0.9,0.8
svm_rbf,P3,trainval,2,3,0.7127222982216143,0.7,0.7666666666666667,0.4324324324324324,0.2828068616663309,0.1353120165000265,"[[18, 2], [5, 5]]",0.89,0.8563380333228271,0.9,0.5,0.5,0.9
rf,P3,trainval,2,3,0.8500000000000001,0.8500000000000001,0.8666666666666667,0.7,0.2804627656116821,0.2041421245975026,"[[18, 2], [2, 8]]",0.905,0.8974774582572571,0.9,0.8,0.8,0.9
lr,P3,trainval,2,4,0.5148005148005148,0.5222222222222221,0.5517241379310345,0.0407124681933842,0.5699511972010407,0.2942404060635871,"[[12, 8], [5, 4]]",0.6666666666666666,0.660145176956324,0.6,0.4444444444444444,0.4444444444444444,0.6
svm_rbf,P3,trainval,2,4,0.7175324675324675,0.6972222222222222,0.7931034482758621,0.4493670886075949,0.3575340002963181,0.1241031248732002,"[[19, 1], [5, 4]]",0.7444444444444445,0.7825850585800053,0.95,0.4444444444444444,0.4444444444444444,0.95
rf,P3,trainval,2,4,0.7087517934002869,0.7027777777777777,0.7586206896551724,0.4183381088825215,0.3122902630032857,0.1591551815059965,"[[17, 3], [4, 5]]",0.8444444444444444,0.8324610169314117,0.85,0.5555555555555556,0.5555555555555556,0.85
lr,P3,trainval,3,0,0.6703296703296704,0.675,0.7,0.3414634146341463,0.4016847539122105,0.2420355359033837,"[[15, 5], [4, 6]]",0.7949999999999999,0.7804037024103615,0.75,0.6,0.6,0.75
svm_rbf,P3,trainval,3,0,0.7,0.7,0.7333333333333333,0.4,0.3948898797735216,0.1639683363495825,"[[16, 4], [4, 6]]",0.81,0.7480238912541146,0.8,0.6,0.6,0.8
rf,P3,trainval,3,0,0.5970695970695971,0.6,0.6333333333333333,0.1951219512195121,0.4177067619279184,0.1399654602923307,"[[14, 6], [5, 5]]",0.69,0.7191841220903007,0.7,0.5,0.5,0.7
lr,P3,trainval,3,1,0.7435897435897436,0.75,0.7666666666666667,0.4878048780487805,0.4404883200569522,0.2118308656497547,"[[16, 4], [3, 7]]",0.76,0.7120209896312839,0.8,0.7,0.7,0.8
svm_rbf,P3,trainval,3,1,0.7129186602870814,0.725,0.7333333333333333,0.4285714285714286,0.3946065086492262,0.1551607623663445,"[[15, 5], [3, 7]]",0.7849999999999999,0.7585838847101763,0.75,0.7,0.7,0.75
rf,P3,trainval,3,1,0.6703296703296704,0.675,0.7,0.3414634146341463,0.3737560862204001,0.0716408334572234,"[[15, 5], [4, 6]]",0.755,0.747969898317085,0.75,0.6,0.6,0.75
lr,P3,trainval,3,2,0.6703296703296704,0.675,0.7,0.3414634146341463,0.4662316066691195,0.2286379012461318,"[[15, 5], [4, 6]]",0.7400000000000001,0.7456378137406035,0.75,0.6,0.6,0.75
svm_rbf,P3,trainval,3,2,0.6703296703296704,0.675,0.7,0.3414634146341463,0.5009604671868425,0.2098397267426794,"[[15, 5], [4, 6]]",0.655,0.6677359089894721,0.75,0.6,0.6,0.75
rf,P3,trainval,3,2,0.5970695970695971,0.6,0.6333333333333333,0.1951219512195121,0.4272590300113018,0.0883760127668669,"[[14, 6], [5, 5]]",0.69,0.6947408589615274,0.7,0.5,0.5,0.7
lr,P3,trainval,3,3,0.4993581514762516,0.5,0.5666666666666667,0.0,0.6649426537649934,0.3694042411179257,"[[14, 6], [7, 3]]",0.63,0.6156597145811141,0.7,0.3,0.3,0.7
svm_rbf,P3,trainval,3,3,0.4990723562152134,0.55,0.7,0.129032258064516,0.467370788980032,0.2306181360249797,"[[20, 0], [9, 1]]",0.775,0.7497593732989272,1.0,0.1,0.1,1.0
rf,P3,trainval,3,3,0.6273291925465838,0.625,0.7333333333333333,0.2941176470588235,0.3631605634002141,0.089706503962554,"[[19, 1], [7, 3]]",0.79,0.7758750221487511,0.95,0.3,0.3,0.95
lr,P3,trainval,3,4,0.7387387387387387,0.7638888888888888,0.7586206896551724,0.4834605597964376,0.3936553219164279,0.1604478285100666,"[[15, 5], [2, 7]]",0.7944444444444444,0.7411467240874001,0.75,0.7777777777777778,0.7777777777777778,0.75
svm_rbf,P3,trainval,3,4,0.8043184885290149,0.8138888888888889,0.8275862068965517,0.6091644204851752,0.2617311453637359,0.0968240418729323,"[[17, 3], [2, 7]]",0.8388888888888888,0.8341784039761981,0.85,0.7777777777777778,0.7777777777777778,0.85
rf,P3,trainval,3,4,0.8388888888888889,0.8388888888888889,0.8620689655172413,0.6777777777777778,0.3197618223595159,0.1917727338795161,"[[18, 2], [2, 7]]",0.8222222222222222,0.769197171022264,0.9,0.7777777777777778,0.7777777777777778,0.9
lr,P3,trainval,4,0,0.7749999999999999,0.7749999999999999,0.8,0.55,0.3433846144012522,0.167208058901936,"[[17, 3], [3, 7]]",0.8200000000000001,0.7604058157185094,0.85,0.7,0.7,0.85
svm_rbf,P3,trainval,4,0,0.7443181818181819,0.725,0.8,0.5,0.2700574886966616,0.1167309121228532,"[[19, 1], [5, 5]]",0.9,0.884361867421078,0.95,0.5,0.5,0.95
rf,P3,trainval,4,0,0.6590909090909092,0.65,0.7333333333333333,0.3333333333333333,0.2806881869774443,0.1271440837151395,"[[18, 2], [6, 4]]",0.875,0.8448675296653239,0.9,0.4,0.4,0.9
lr,P3,trainval,4,1,0.5238095238095238,0.525,0.6,0.0526315789473683,0.6484298755764893,0.3259743644110948,"[[15, 5], [7, 3]]",0.64,0.6449202228479135,0.75,0.3,0.3,0.75
svm_rbf,P3,trainval,4,1,0.7443181818181819,0.725,0.8,0.5,0.301708785919019,0.1077362206545899,"[[19, 1], [5, 5]]",0.875,0.8575087204247422,0.95,0.5,0.5,0.95
rf,P3,trainval,4,1,0.6534017971758665,0.65,0.7,0.3076923076923077,0.3274844078556506,0.2397018398547349,"[[16, 4], [5, 5]]",0.845,0.844522720743309,0.8,0.5,0.5,0.8
lr,P3,trainval,4,2,0.7222222222222222,0.75,0.7333333333333333,0.4545454545454546,0.4256993519760794,0.1583215058484278,"[[14, 6], [2, 8]]",0.74,0.7220757889094603,0.7,0.8,0.8,0.7
svm_rbf,P3,trainval,4,2,0.576379974326059,0.575,0.6333333333333333,0.1538461538461538,0.5301943043665175,0.2385308058183207,"[[15, 5], [6, 4]]",0.655,0.6615453317576796,0.75,0.4,0.4,0.75
rf,P3,trainval,4,2,0.576379974326059,0.575,0.6333333333333333,0.1538461538461538,0.4166944294969997,0.1353178493391293,"[[15, 5], [6, 4]]",0.6900000000000001,0.680515473383066,0.75,0.4,0.4,0.75
lr,P3,trainval,4,3,0.475,0.475,0.5333333333333333,-0.05,0.6902912326272734,0.3665245236383464,"[[13, 7], [7, 3]]",0.6000000000000001,0.6126386564483214,0.65,0.3,0.3,0.65
svm_rbf,P3,trainval,4,3,0.6590909090909092,0.65,0.7333333333333333,0.3333333333333333,0.437633152554318,0.1777638615279107,"[[18, 2], [6, 4]]",0.725,0.7480536200985117,0.9,0.4,0.4,0.9
rf,P3,trainval,4,3,0.7435897435897436,0.75,0.7666666666666667,0.4878048780487805,0.3705512873562362,0.1269549463040946,"[[16, 4], [3, 7]]",0.78,0.7468890174153333,0.8,0.7,0.7,0.8
lr,P3,trainval,4,4,0.6255380200860832,0.6222222222222222,0.6896551724137931,0.2521489971346705,0.4840212824201916,0.1987128902925504,"[[16, 4], [5, 4]]",0.7333333333333333,0.6936517369097757,0.8,0.4444444444444444,0.4444444444444444,0.8
svm_rbf,P3,trainval,4,4,0.5292207792207793,0.5361111111111111,0.6551724137931034,0.0822784810126582,0.4833631863557263,0.257974235784442,"[[17, 3], [7, 2]]",0.7222222222222222,0.6847897950997307,0.85,0.2222222222222222,0.2222222222222222,0.85
rf,P3,trainval,4,4,0.5423242467718795,0.5416666666666666,0.6206896551724138,0.0859598853868195,0.4019064997274474,0.1264301586400475,"[[15, 5], [6, 3]]",0.7055555555555555,0.6592161524325246,0.75,0.3333333333333333,0.3333333333333333,0.75
lr,P4,trainval,0,0,0.7222222222222222,0.75,0.7333333333333333,0.4545454545454546,0.391744989648809,0.132627479641332,"[[14, 6], [2, 8]]",0.775,0.7273304444523485,0.7,0.8,0.8,0.7
svm_rbf,P4,trainval,0,0,0.7443181818181819,0.725,0.8,0.5,0.3111795559949048,0.0498840412035942,"[[19, 1], [5, 5]]",0.8150000000000001,0.8178505445369255,0.95,0.5,0.5,0.95
rf,P4,trainval,0,0,0.6306429548563611,0.625,0.7,0.2702702702702703,0.3530597093504453,0.1005930026518018,"[[17, 3], [6, 4]]",0.815,0.7540152837358721,0.85,0.4,0.4,0.85
lr,P4,trainval,0,1,0.7222222222222222,0.75,0.7333333333333333,0.4545454545454546,0.4353211878454212,0.202011819281201,"[[14, 6], [2, 8]]",0.77,0.7399322550504197,0.7,0.8,0.8,0.7
svm_rbf,P4,trainval,0,1,0.6534017971758665,0.65,0.7,0.3076923076923077,0.3791404049343227,0.1153901015491397,"[[16, 4], [5, 5]]",0.8,0.7460672211775154,0.8,0.5,0.5,0.8
rf,P4,trainval,0,1,0.6031746031746031,0.6000000000000001,0.6666666666666666,0.2105263157894736,0.3972601756643525,0.1286760605432016,"[[16, 4], [6, 4]]",0.73,0.698133115930599,0.8,0.4,0.4,0.8
lr,P4,trainval,0,2,0.576379974326059,0.575,0.6333333333333333,0.1538461538461538,0.4714702270155894,0.1954817449708152,"[[15, 5], [6, 4]]",0.6950000000000001,0.7133805279032979,0.75,0.4,0.4,0.75
svm_rbf,P4,trainval,0,2,0.6534017971758665,0.65,0.7,0.3076923076923077,0.4405592272952642,0.1486827765154763,"[[16, 4], [5, 5]]",0.665,0.7105805781550751,0.8,0.5,0.5,0.8
rf,P4,trainval,0,2,0.7443181818181819,0.725,0.8,0.5,0.3680437025585111,0.1726348645593636,"[[19, 1], [5, 5]]",0.765,0.7894917962646627,0.95,0.5,0.5,0.95
lr,P4,trainval,0,3,0.7,0.7,0.7333333333333333,0.4,0.5004100080462959,0.2042185990927058,"[[16, 4], [4, 6]]",0.6900000000000001,0.6614145848704673,0.8,0.6,0.6,0.8
svm_rbf,P4,trainval,0,3,0.5738636363636364,0.575,0.6666666666666666,0.1666666666666666,0.50514989559151,0.2361137756846148,"[[17, 3], [7, 3]]",0.6499999999999999,0.6591651895400761,0.85,0.3,0.3,0.85
rf,P4,trainval,0,3,0.55,0.55,0.6,0.1,0.510390179935911,0.1537505698307945,"[[14, 6], [6, 4]]",0.55,0.5739174467173693,0.7,0.4,0.4,0.7
lr,P4,trainval,0,4,0.7260458839406208,0.7333333333333334,0.7586206896551724,0.4528301886792453,0.3942558983938224,0.1673117471330161,"[[16, 4], [3, 6]]",0.7555555555555555,0.7468373132840788,0.8,0.6666666666666666,0.6666666666666666,0.8
svm_rbf,P4,trainval,0,4,0.5684523809523809,0.5666666666666667,0.6551724137931034,0.1420118343195265,0.4810093796986169,0.2193432085718705,"[[16, 4], [6, 3]]",0.7722222222222223,0.7239699132986044,0.8,0.3333333333333333,0.3333333333333333,0.8
rf,P4,trainval,0,4,0.6233766233766234,0.6166666666666667,0.7241379310344828,0.2658227848101265,0.3316611023334302,0.0552345334604648,"[[18, 2], [6, 3]]",0.8444444444444443,0.7678310789625447,0.9,0.3333333333333333,0.3333333333333333,0.9
lr,P4,trainval,1,0,0.6031746031746031,0.6000000000000001,0.6666666666666666,0.2105263157894736,0.4926657596653322,0.206657104873924,"[[16, 4], [6, 4]]",0.655,0.6668487960600251,0.8,0.4,0.4,0.8
svm_rbf,P4,trainval,1,0,0.6031746031746031,0.6000000000000001,0.6666666666666666,0.2105263157894736,0.4497559348346411,0.1976140776465177,"[[16, 4], [6, 4]]",0.73,0.6929097722452986,0.8,0.4,0.4,0.8
rf,P4,trainval,1,0,0.4886363636363636,0.5,0.6,0.0,0.4041845742292341,0.1362429666620815,"[[16, 4], [8, 2]]",0.67,0.6578312581667847,0.8,0.2,0.2,0.8
lr,P4,trainval,1,1,0.6534017971758665,0.65,0.7,0.3076923076923077,0.4848890992084164,0.1818919467935987,"[[16, 4], [5, 5]]",0.685,0.6853934439478675,0.8,0.5,0.5,0.8
svm_rbf,P4,trainval,1,1,0.6590909090909092,0.65,0.7333333333333333,0.3333333333333333,0.3803462301044442,0.1089611122247261,"[[18, 2], [6, 4]]",0.7,0.7375779654713478,0.9,0.4,0.4,0.9
rf,P4,trainval,1,1,0.6306429548563611,0.625,0.7,0.2702702702702703,0.3970579294565925,0.0860251666951234,"[[17, 3], [6, 4]]",0.6849999999999999,0.7204770423114877,0.85,0.4,0.4,0.85
lr,P4,trainval,1,2,0.569377990430622,0.575,0.6,0.1428571428571429,0.5831617462534636,0.2694930268401892,"[[13, 7], [5, 5]]",0.6950000000000001,0.7011170704643372,0.65,0.5,0.5,0.65
svm_rbf,P4,trainval,1,2,0.6703296703296704,0.675,0.7,0.3414634146341463,0.5109966081406283,0.2082538764214256,"[[15, 5], [4, 6]]",0.655,0.6377439675872927,0.75,0.6,0.6,0.75
rf,P4,trainval,1,2,0.55,0.55,0.6,0.1,0.4565812263099881,0.10664131497941,"[[14, 6], [6, 4]]",0.635,0.6216603481317292,0.7,0.4,0.4,0.7
lr,P4,trainval,1,3,0.7532314923619272,0.775,0.7666666666666667,0.5116279069767442,0.4127096169664596,0.2292688326769942,"[[15, 5], [2, 8]]",0.81,0.7749871452077335,0.75,0.8,0.8,0.75
svm_rbf,P4,trainval,1,3,0.7,0.7,0.7333333333333333,0.4,0.3968850109119374,0.1375072819790176,"[[16, 4], [4, 6]]",0.76,0.7289612427046639,0.8,0.6,0.6,0.8
rf,P4,trainval,1,3,0.466484268125855,0.475,0.5666666666666667,-0.0540540540540539,0.4687551794883326,0.152579276494918,"[[15, 5], [8, 2]]",0.59,0.6008540127873653,0.75,0.2,0.2,0.75
lr,P4,trainval,1,4,0.6338383838383839,0.6583333333333333,0.6551724137931034,0.2821782178217821,0.5717554559558224,0.2557549521837527,"[[13, 7], [3, 6]]",0.6722222222222223,0.6384434580957571,0.65,0.6666666666666666,0.6666666666666666,0.65
svm_rbf,P4,trainval,1,4,0.6852713178294574,0.6722222222222223,0.7586206896551724,0.3792048929663608,0.4167784928903738,0.2805400419336111,"[[18, 2], [5, 4]]",0.7333333333333334,0.7039320556694939,0.9,0.4444444444444444,0.4444444444444444,0.9
rf,P4,trainval,1,4,0.7087517934002869,0.7027777777777777,0.7586206896551724,0.4183381088825215,0.3412408983850716,0.1017466522711156,"[[17, 3], [4, 5]]",0.8055555555555556,0.7510880392299957,0.85,0.5555555555555556,0.5555555555555556,0.85
lr,P4,trainval,2,0,0.625,0.625,0.6666666666666666,0.25,0.516171296500009,0.2386719313740963,"[[15, 5], [5, 5]]",0.655,0.6605828654527,0.75,0.5,0.5,0.75
svm_rbf,P4,trainval,2,0,0.6000000000000001,0.6,0.7,0.2285714285714286,0.4901033407192251,0.2077662558986079,"[[18, 2], [7, 3]]",0.64,0.6694475069784123,0.9,0.3,0.3,0.9
rf,P4,trainval,2,0,0.5485636114911081,0.55,0.6333333333333333,0.1081081081081081,0.4381984852480352,0.0752572304369598,"[[16, 4], [7, 3]]",0.605,0.6412371532626406,0.8,0.3,0.3,0.8
lr,P4,trainval,2,1,0.7127222982216143,0.7,0.7666666666666667,0.4324324324324324,0.3643626106353732,0.1172448243335629,"[[18, 2], [5, 5]]",0.775,0.7682460811611773,0.9,0.5,0.5,0.9
svm_rbf,P4,trainval,2,1,0.6590909090909092,0.65,0.7333333333333333,0.3333333333333333,0.3466241185498543,0.1614738085560493,"[[18, 2], [6, 4]]",0.8350000000000001,0.8184376799527728,0.9,0.4,0.4,0.9
rf,P4,trainval,2,1,0.6306429548563611,0.625,0.7,0.2702702702702703,0.3827826284584087,0.2084803177209091,"[[17, 3], [6, 4]]",0.725,0.7073557368778378,0.85,0.4,0.4,0.85
lr,P4,trainval,2,2,0.6703296703296704,0.675,0.7,0.3414634146341463,0.4940124813802328,0.1862879297611466,"[[15, 5], [4, 6]]",0.72,0.7320243295948684,0.75,0.6,0.6,0.75
svm_rbf,P4,trainval,2,2,0.5970695970695971,0.6,0.6333333333333333,0.1951219512195121,0.5675083996582015,0.2674857899472095,"[[14, 6], [5, 5]]",0.64,0.6620984625292702,0.7,0.5,0.5,0.7
rf,P4,trainval,2,2,0.576379974326059,0.575,0.6333333333333333,0.1538461538461538,0.4691797941198855,0.1144099813403163,"[[15, 5], [6, 4]]",0.595,0.6315230942031532,0.75,0.4,0.4,0.75
lr,P4,trainval,2,3,0.7916666666666667,0.825,0.8,0.5909090909090909,0.3332890230175825,0.1589898144534332,"[[15, 5], [1, 9]]",0.87,0.8468047556308427,0.75,0.9,0.9,0.75
svm_rbf,P4,trainval,2,3,0.8168498168498168,0.825,0.8333333333333334,0.6341463414634146,0.3002270077295522,0.1355086892944175,"[[17, 3], [2, 8]]",0.845,0.7938384999932989,0.85,0.8,0.8,0.85
rf,P4,trainval,2,3,0.7749999999999999,0.7749999999999999,0.8,0.55,0.3214209795244505,0.1471043971827325,"[[17, 3], [3, 7]]",0.8849999999999999,0.8755297332875069,0.85,0.7,0.7,0.85
lr,P4,trainval,2,4,0.5972222222222222,0.5972222222222222,0.6551724137931034,0.1944444444444444,0.5494424829148541,0.236800512259979,"[[15, 5], [5, 4]]",0.6055555555555555,0.6013995126423912,0.75,0.4444444444444444,0.4444444444444444,0.75
svm_rbf,P4,trainval,2,4,0.6233766233766234,0.6166666666666667,0.7241379310344828,0.2658227848101265,0.4328585113537131,0.2497772190996886,"[[18, 2], [6, 3]]",0.7,0.6683406420901277,0.9,0.3333333333333333,0.3333333333333333,0.9
rf,P4,trainval,2,4,0.4547008547008547,0.4805555555555555,0.6206896551724138,-0.0459016393442621,0.3715645796647541,0.1797359315308119,"[[17, 3], [8, 1]]",0.7833333333333332,0.7104834780579261,0.85,0.1111111111111111,0.1111111111111111,0.85
lr,P4,trainval,3,0,0.4993581514762516,0.5,0.5666666666666667,0.0,0.5748440365544359,0.3190655280911987,"[[14, 6], [7, 3]]",0.6699999999999999,0.6517086343131825,0.7,0.3,0.3,0.7
svm_rbf,P4,trainval,3,0,0.6031746031746031,0.6000000000000001,0.6666666666666666,0.2105263157894736,0.4593473457253904,0.1914061716944097,"[[16, 4], [6, 4]]",0.7400000000000001,0.7242822178004868,0.8,0.4,0.4,0.8
rf,P4,trainval,3,0,0.569377990430622,0.575,0.6,0.1428571428571429,0.4647495198061522,0.1188298024706307,"[[13, 7], [5, 5]]",0.64,0.660758873756716,0.65,0.5,0.5,0.65
lr,P4,trainval,3,1,0.7435897435897436,0.75,0.7666666666666667,0.4878048780487805,0.403016541734727,0.1496556698620869,"[[16, 4], [3, 7]]",0.7450000000000001,0.6998221114866652,0.8,0.7,0.7,0.8
svm_rbf,P4,trainval,3,1,0.6031746031746031,0.6000000000000001,0.6666666666666666,0.2105263157894736,0.5563889493716199,0.2372122578417373,"[[16, 4], [6, 4]]",0.615,0.6010414203939347,0.8,0.4,0.4,0.8
rf,P4,trainval,3,1,0.5738636363636364,0.575,0.6666666666666666,0.1666666666666666,0.4258133507693216,0.0920959274076749,"[[17, 3], [7, 3]]",0.635,0.6321748877776776,0.85,0.3,0.3,0.85
lr,P4,trainval,3,2,0.7532314923619272,0.775,0.7666666666666667,0.5116279069767442,0.435834400684761,0.1656713710540396,"[[15, 5], [2, 8]]",0.75,0.7558271385477269,0.75,0.8,0.8,0.75
svm_rbf,P4,trainval,3,2,0.569377990430622,0.575,0.6,0.1428571428571429,0.4813433069895874,0.240057161826956,"[[13, 7], [5, 5]]",0.72,0.6907917890811199,0.65,0.5,0.5,0.65
rf,P4,trainval,3,2,0.6827262044653349,0.7,0.7,0.3720930232558139,0.3839653572205651,0.0840097385619884,"[[14, 6], [3, 7]]",0.775,0.7305503188911119,0.7,0.7,0.7,0.7
lr,P4,trainval,3,3,0.625,0.625,0.6666666666666666,0.25,0.5517438079956475,0.2263642883174861,"[[15, 5], [5, 5]]",0.6,0.6651662940695953,0.75,0.5,0.5,0.75
svm_rbf,P4,trainval,3,3,0.6563011456628478,0.65,0.7666666666666667,0.3636363636363636,0.4067046104630641,0.1921470115202536,"[[20, 0], [7, 3]]",0.725,0.7537400027094721,1.0,0.3,0.3,1.0
rf,P4,trainval,3,3,0.4990723562152134,0.55,0.7,0.129032258064516,0.3844683664084181,0.0367064052083883,"[[20, 0], [9, 1]]",0.74,0.7221843286253917,1.0,0.1,0.1,1.0
lr,P4,trainval,3,4,0.6446078431372549,0.6888888888888889,0.6551724137931034,0.3192488262910798,0.444111459336692,0.1637117062990617,"[[12, 8], [2, 7]]",0.8055555555555556,0.764369558864995,0.6,0.7777777777777778,0.7777777777777778,0.6
svm_rbf,P4,trainval,3,4,0.7919655667144907,0.7833333333333333,0.8275862068965517,0.5845272206303725,0.2632332630653034,0.0636463134284154,"[[18, 2], [3, 6]]",0.8666666666666666,0.879598228568817,0.9,0.6666666666666666,0.6666666666666666,0.9
rf,P4,trainval,3,4,0.7087517934002869,0.7027777777777777,0.7586206896551724,0.4183381088825215,0.3462008756952623,0.1055349898714859,"[[17, 3], [4, 5]]",0.8055555555555556,0.7528894016311614,0.85,0.5555555555555556,0.5555555555555556,0.85
lr,P4,trainval,4,0,0.7619047619047619,0.75,0.8,0.5263157894736842,0.3691365522616794,0.160988316026166,"[[18, 2], [4, 6]]",0.785,0.7399858745485681,0.9,0.6,0.6,0.9
svm_rbf,P4,trainval,4,0,0.6273291925465838,0.625,0.7333333333333333,0.2941176470588235,0.3636354207207466,0.1155976671670024,"[[19, 1], [7, 3]]",0.8250000000000001,0.7961837578812065,0.95,0.3,0.3,0.95
rf,P4,trainval,4,0,0.7127222982216143,0.7,0.7666666666666667,0.4324324324324324,0.3467692267447931,0.1177969379087118,"[[18, 2], [5, 5]]",0.8049999999999999,0.77416248642596,0.9,0.5,0.5,0.9
lr,P4,trainval,4,1,0.55,0.55,0.6,0.1,0.5033231973083159,0.2730354566376956,"[[14, 6], [6, 4]]",0.68,0.6578473994438208,0.7,0.4,0.4,0.7
svm_rbf,P4,trainval,4,1,0.6306429548563611,0.625,0.7,0.2702702702702703,0.3964449205943596,0.1444803588465357,"[[17, 3], [6, 4]]",0.77,0.7325093294290277,0.85,0.4,0.4,0.85
rf,P4,trainval,4,1,0.5581014729950899,0.575,0.7,0.1818181818181817,0.3612961588888958,0.1278296221661766,"[[19, 1], [8, 2]]",0.7999999999999999,0.7594081771061681,0.95,0.2,0.2,0.95
lr,P4,trainval,4,2,0.6914285714285715,0.7250000000000001,0.7,0.4,0.381148827301328,0.151329175322235,"[[13, 7], [2, 8]]",0.835,0.8507736691020948,0.65,0.8,0.8,0.65
svm_rbf,P4,trainval,4,2,0.6411483253588517,0.6499999999999999,0.6666666666666666,0.2857142857142857,0.4869948188599038,0.1864981243191183,"[[14, 6], [4, 6]]",0.645,0.6824158996324665,0.7,0.6,0.6,0.7
rf,P4,trainval,4,2,0.625,0.625,0.6666666666666666,0.25,0.3999500892785848,0.142456458345711,"[[15, 5], [5, 5]]",0.715,0.7426076318123953,0.75,0.5,0.5,0.75
lr,P4,trainval,4,3,0.5970695970695971,0.6,0.6333333333333333,0.1951219512195121,0.571923144718231,0.2373348515079522,"[[14, 6], [5, 5]]",0.635,0.6389254534738281,0.7,0.5,0.5,0.7
svm_rbf,P4,trainval,4,3,0.6306429548563611,0.625,0.7,0.2702702702702703,0.5193610675751629,0.2797865396031928,"[[17, 3], [6, 4]]",0.725,0.7198148245005203,0.85,0.4,0.4,0.85
rf,P4,trainval,4,3,0.6534017971758665,0.65,0.7,0.3076923076923077,0.3829242932683317,0.0623517690097641,"[[16, 4], [5, 5]]",0.75,0.731708698909786,0.8,0.5,0.5,0.8
lr,P4,trainval,4,4,0.7387387387387387,0.7638888888888888,0.7586206896551724,0.4834605597964376,0.3585445099233069,0.1567357149086585,"[[15, 5], [2, 7]]",0.7833333333333333,0.7818094684159262,0.75,0.7777777777777778,0.7777777777777778,0.75
svm_rbf,P4,trainval,4,4,0.6547619047619048,0.6472222222222221,0.7241379310344828,0.3136094674556212,0.4117540508445731,0.1828221343470818,"[[17, 3], [5, 4]]",0.7166666666666667,0.7201574979177955,0.85,0.4444444444444444,0.4444444444444444,0.85
rf,P4,trainval,4,4,0.5972222222222222,0.5972222222222222,0.6551724137931034,0.1944444444444444,0.3925771636717333,0.1376338836284864,"[[15, 5], [5, 4]]",0.7277777777777777,0.6967651060039884,0.75,0.4444444444444444,0.4444444444444444,0.75
lr,P6,trainval,0,0,0.7129186602870814,0.725,0.7333333333333333,0.4285714285714286,0.399347569000359,0.206142861335576,"[[15, 5], [3, 7]]",0.835,0.7839088288237317,0.75,0.7,0.7,0.75
svm_rbf,P6,trainval,0,0,0.7749999999999999,0.7749999999999999,0.8,0.55,0.2933135262458238,0.1114923886830928,"[[17, 3], [3, 7]]",0.845,0.8528494832838873,0.85,0.7,0.7,0.85
rf,P6,trainval,0,0,0.5970695970695971,0.6,0.6333333333333333,0.1951219512195121,0.3661122740076141,0.1696472238093524,"[[14, 6], [5, 5]]",0.765,0.7562203357644536,0.7,0.5,0.5,0.7
lr,P6,trainval,0,1,0.7619047619047619,0.75,0.8,0.5263157894736842,0.3171883722858652,0.1479683990140222,"[[18, 2], [4, 6]]",0.845,0.8508011816399975,0.9,0.6,0.6,0.9
svm_rbf,P6,trainval,0,1,0.7443181818181819,0.725,0.8,0.5,0.3413411371710833,0.1517985487134822,"[[19, 1], [5, 5]]",0.805,0.7679178049476038,0.95,0.5,0.5,0.95
rf,P6,trainval,0,1,0.5738636363636364,0.575,0.6666666666666666,0.1666666666666666,0.3633135418477879,0.1410309331452167,"[[17, 3], [7, 3]]",0.79,0.7413835184373616,0.85,0.3,0.3,0.85
lr,P6,trainval,0,2,0.7435897435897436,0.75,0.7666666666666667,0.4878048780487805,0.3793505751287845,0.1934678560770569,"[[16, 4], [3, 7]]",0.815,0.7999496542422745,0.8,0.7,0.7,0.8
svm_rbf,P6,trainval,0,2,0.6000000000000001,0.6,0.7,0.2285714285714286,0.3585967422705007,0.1646998629426941,"[[18, 2], [7, 3]]",0.8049999999999999,0.7925658538321583,0.9,0.3,0.3,0.9
rf,P6,trainval,0,2,0.7777777777777777,0.75,0.8333333333333334,0.5714285714285714,0.3037338965846964,0.1675232234149304,"[[20, 0], [5, 5]]",0.8500000000000001,0.8678020422989464,1.0,0.5,0.5,1.0
lr,P6,trainval,0,3,0.6411483253588517,0.6499999999999999,0.6666666666666666,0.2857142857142857,0.6019999139713004,0.3374966752884235,"[[14, 6], [4, 6]]",0.65,0.6298496040260346,0.7,0.6,0.6,0.7
svm_rbf,P6,trainval,0,3,0.5238095238095237,0.525,0.5666666666666667,0.0487804878048779,0.52820693550999,0.2867086465937962,"[[13, 7], [6, 4]]",0.625,0.6204442645893171,0.65,0.4,0.4,0.65
rf,P6,trainval,0,3,0.5238095238095237,0.525,0.5666666666666667,0.0487804878048779,0.5200120003878248,0.216963859869033,"[[13, 7], [6, 4]]",0.535,0.5796132263622928,0.65,0.4,0.4,0.65
lr,P6,trainval,0,4,0.6777777777777778,0.6777777777777778,0.7241379310344828,0.3555555555555555,0.5091317238422295,0.2684968702382586,"[[16, 4], [4, 5]]",0.7777777777777778,0.7239160521034387,0.8,0.5555555555555556,0.5555555555555556,0.8
svm_rbf,P6,trainval,0,4,0.7583333333333333,0.7583333333333333,0.7931034482758621,0.5166666666666666,0.3085435034201518,0.1042229695631856,"[[17, 3], [3, 6]]",0.8444444444444443,0.7693190159767974,0.85,0.6666666666666666,0.6666666666666666,0.85
rf,P6,trainval,0,4,0.7919655667144907,0.7833333333333333,0.8275862068965517,0.5845272206303725,0.3205503047048237,0.1827922853101156,"[[18, 2], [3, 6]]",0.8833333333333334,0.8004081045604036,0.9,0.6666666666666666,0.6666666666666666,0.9
lr,P6,trainval,1,0,0.6273291925465838,0.625,0.7333333333333333,0.2941176470588235,0.434620708721195,0.2222363118148875,"[[19, 1], [7, 3]]",0.765,0.7764723891668972,0.95,0.3,0.3,0.95
svm_rbf,P6,trainval,1,0,0.7443181818181819,0.725,0.8,0.5,0.3207131570255558,0.1394356792646222,"[[19, 1], [5, 5]]",0.79,0.8183270420103271,0.95,0.5,0.5,0.95
rf,P6,trainval,1,0,0.7749999999999999,0.7749999999999999,0.8,0.55,0.3280794391172645,0.1392451810211595,"[[17, 3], [3, 7]]",0.835,0.8118915015843482,0.85,0.7,0.7,0.85
lr,P6,trainval,1,1,0.7,0.7,0.7333333333333333,0.4,0.485328793065688,0.2463833434110715,"[[16, 4], [4, 6]]",0.73,0.7714398632777537,0.8,0.6,0.6,0.8
svm_rbf,P6,trainval,1,1,0.8412698412698413,0.825,0.8666666666666667,0.6842105263157894,0.2432843445292665,0.1100001281668972,"[[19, 1], [3, 7]]",0.865,0.8866709786694813,0.95,0.7,0.7,0.95
rf,P6,trainval,1,1,0.8168498168498168,0.825,0.8333333333333334,0.6341463414634146,0.3102573626456315,0.1668321528639843,"[[17, 3], [2, 8]]",0.875,0.8911300918555427,0.85,0.8,0.8,0.85
lr,P6,trainval,1,2,0.5622895622895623,0.6,0.5666666666666667,0.1702127659574468,0.6692126935986387,0.3183496533787424,"[[10, 10], [3, 7]]",0.615,0.6175224214191607,0.5,0.7,0.7,0.5
svm_rbf,P6,trainval,1,2,0.5238095238095237,0.525,0.5666666666666667,0.0487804878048779,0.577134374557071,0.2757546813201537,"[[13, 7], [6, 4]]",0.645,0.6405458990221577,0.65,0.4,0.4,0.65
rf,P6,trainval,1,2,0.5542857142857143,0.575,0.5666666666666667,0.1333333333333333,0.4618556367342801,0.1603913970377093,"[[11, 9], [4, 6]]",0.6549999999999999,0.6400235503067921,0.55,0.6,0.6,0.55
lr,P6,trainval,1,3,0.7435897435897436,0.75,0.7666666666666667,0.4878048780487805,0.4430445050221638,0.2225879914396227,"[[16, 4], [3, 7]]",0.78,0.7403688646306681,0.8,0.7,0.7,0.8
svm_rbf,P6,trainval,1,3,0.7129186602870814,0.725,0.7333333333333333,0.4285714285714286,0.3679864184689288,0.1531138471605786,"[[15, 5], [3, 7]]",0.835,0.8341747482599213,0.75,0.7,0.7,0.75
rf,P6,trainval,1,3,0.6306429548563611,0.625,0.7,0.2702702702702703,0.4181241942244104,0.2014913425745254,"[[17, 3], [6, 4]]",0.655,0.6636180865366743,0.85,0.4,0.4,0.85
lr,P6,trainval,1,4,0.7087517934002869,0.7027777777777777,0.7586206896551724,0.4183381088825215,0.4234254598910674,0.1949772299878354,"[[17, 3], [4, 5]]",0.8,0.7386050220458917,0.85,0.5555555555555556,0.5555555555555556,0.85
svm_rbf,P6,trainval,1,4,0.6233766233766234,0.6166666666666667,0.7241379310344828,0.2658227848101265,0.3647429844183378,0.150738290687675,"[[18, 2], [6, 3]]",0.7722222222222221,0.7634519208986864,0.9,0.3333333333333333,0.3333333333333333,0.9
rf,P6,trainval,1,4,0.7087517934002869,0.7027777777777777,0.7586206896551724,0.4183381088825215,0.3356078950374736,0.0893098702770952,"[[17, 3], [4, 5]]",0.8166666666666667,0.7941951540181451,0.85,0.5555555555555556,0.5555555555555556,0.85
lr,P6,trainval,2,0,0.6534017971758665,0.65,0.7,0.3076923076923077,0.5447730363689782,0.2955493005856047,"[[16, 4], [5, 5]]",0.7,0.6931705838974147,0.8,0.5,0.5,0.8
svm_rbf,P6,trainval,2,0,0.6590909090909092,0.65,0.7333333333333333,0.3333333333333333,0.4808921345529081,0.2151162735307108,"[[18, 2], [6, 4]]",0.69,0.6676769820508232,0.9,0.4,0.4,0.9
rf,P6,trainval,2,0,0.576379974326059,0.575,0.6333333333333333,0.1538461538461538,0.4133930723830659,0.1071738372571532,"[[15, 5], [6, 4]]",0.675,0.6576971682241571,0.75,0.4,0.4,0.75
lr,P6,trainval,2,1,0.6888888888888889,0.675,0.7666666666666667,0.4,0.4045099431120421,0.2208543550098233,"[[19, 1], [6, 4]]",0.83,0.8254517756065745,0.95,0.4,0.4,0.95
svm_rbf,P6,trainval,2,1,0.7948016415868673,0.7749999999999999,0.8333333333333334,0.5945945945945946,0.3246900556616555,0.1388130307723389,"[[19, 1], [4, 6]]",0.77,0.7659532000712677,0.95,0.6,0.6,0.95
rf,P6,trainval,2,1,0.7619047619047619,0.75,0.8,0.5263157894736842,0.3477770576625337,0.1595365656445428,"[[18, 2], [4, 6]]",0.78,0.7689102343350855,0.9,0.6,0.6,0.9
lr,P6,trainval,2,2,0.6703296703296704,0.675,0.7,0.3414634146341463,0.5128699982008832,0.254109473414278,"[[15, 5], [4, 6]]",0.76,0.7502193472488392,0.75,0.6,0.6,0.75
svm_rbf,P6,trainval,2,2,0.5833333333333333,0.6,0.6,0.1818181818181818,0.5182867126825409,0.2717330284269411,"[[12, 8], [4, 6]]",0.72,0.693638611474525,0.6,0.6,0.6,0.6
rf,P6,trainval,2,2,0.5238095238095237,0.525,0.5666666666666667,0.0487804878048779,0.46823909063901,0.1458523166905142,"[[13, 7], [6, 4]]",0.605,0.6043666496284383,0.65,0.4,0.4,0.65
lr,P6,trainval,2,3,0.7532314923619272,0.775,0.7666666666666667,0.5116279069767442,0.337436282928346,0.1523409751128908,"[[15, 5], [2, 8]]",0.8700000000000001,0.8595320998445999,0.75,0.8,0.8,0.75
svm_rbf,P6,trainval,2,3,0.8074454428754814,0.8,0.8333333333333334,0.6153846153846154,0.231642190896228,0.0507939829075708,"[[18, 2], [3, 7]]",0.915,0.9094072974659612,0.9,0.7,0.7,0.9
rf,P6,trainval,2,3,0.7619047619047619,0.75,0.8,0.5263157894736842,0.264387057007895,0.178054027442274,"[[18, 2], [4, 6]]",0.94,0.9355724875175676,0.9,0.6,0.6,0.9
lr,P6,trainval,2,4,0.5972222222222222,0.5972222222222222,0.6551724137931034,0.1944444444444444,0.593295780930101,0.2774156182458916,"[[15, 5], [5, 4]]",0.6499999999999999,0.6295068499148108,0.75,0.4444444444444444,0.4444444444444444,0.75
svm_rbf,P6,trainval,2,4,0.6233766233766234,0.6166666666666667,0.7241379310344828,0.2658227848101265,0.3596218386670398,0.1044579748779996,"[[18, 2], [6, 3]]",0.75,0.7685523583407217,0.9,0.3333333333333333,0.3333333333333333,0.9
rf,P6,trainval,2,4,0.7919655667144907,0.7833333333333333,0.8275862068965517,0.5845272206303725,0.311391815380254,0.1426831672325937,"[[18, 2], [3, 6]]",0.85,0.8413631116537801,0.9,0.6666666666666666,0.6666666666666666,0.9
lr,P6,trainval,3,0,0.6031746031746031,0.6000000000000001,0.6666666666666666,0.2105263157894736,0.4875963217331552,0.2495324854347217,"[[16, 4], [6, 4]]",0.79,0.7431204924196917,0.8,0.4,0.4,0.8
svm_rbf,P6,trainval,3,0,0.6411483253588517,0.6499999999999999,0.6666666666666666,0.2857142857142857,0.4713465468998254,0.2010065545569397,"[[14, 6], [4, 6]]",0.74,0.699066496163683,0.7,0.6,0.6,0.7
rf,P6,trainval,3,0,0.5970695970695971,0.6,0.6333333333333333,0.1951219512195121,0.4272478315003006,0.1625358240146278,"[[14, 6], [5, 5]]",0.69,0.6585827308278535,0.7,0.5,0.5,0.7
lr,P6,trainval,3,1,0.7,0.7,0.7333333333333333,0.4,0.4709819971441449,0.2440184870039793,"[[16, 4], [4, 6]]",0.81,0.7518058266624444,0.8,0.6,0.6,0.8
svm_rbf,P6,trainval,3,1,0.784688995215311,0.8,0.8,0.5714285714285714,0.2851399299686809,0.076420022582833,"[[16, 4], [2, 8]]",0.875,0.8460634651622295,0.8,0.8,0.8,0.8
rf,P6,trainval,3,1,0.7129186602870814,0.725,0.7333333333333333,0.4285714285714286,0.3402962665677178,0.1038399764583881,"[[15, 5], [3, 7]]",0.8300000000000001,0.830593780245096,0.75,0.7,0.7,0.75
lr,P6,trainval,3,2,0.7749999999999999,0.7749999999999999,0.8,0.55,0.4084958260776213,0.222166230380141,"[[17, 3], [3, 7]]",0.715,0.7272047589994572,0.85,0.7,0.7,0.85
svm_rbf,P6,trainval,3,2,0.6703296703296704,0.675,0.7,0.3414634146341463,0.452987920583645,0.1499066975719401,"[[15, 5], [4, 6]]",0.7050000000000001,0.7198256476352451,0.75,0.6,0.6,0.75
rf,P6,trainval,3,2,0.7,0.7,0.7333333333333333,0.4,0.3977730540760824,0.1556828330630077,"[[16, 4], [4, 6]]",0.725,0.7341254691372726,0.8,0.6,0.6,0.8
lr,P6,trainval,3,3,0.6306429548563611,0.625,0.7,0.2702702702702703,0.5266466452404502,0.271259232546909,"[[17, 3], [6, 4]]",0.75,0.7074212486859548,0.85,0.4,0.4,0.85
svm_rbf,P6,trainval,3,3,0.4990723562152134,0.55,0.7,0.129032258064516,0.4184490695543372,0.1876621873751446,"[[20, 0], [9, 1]]",0.815,0.8153594480256885,1.0,0.1,0.1,1.0
rf,P6,trainval,3,3,0.6273291925465838,0.625,0.7333333333333333,0.2941176470588235,0.3566510921392841,0.0916757154610816,"[[19, 1], [7, 3]]",0.7649999999999999,0.7436462508444355,0.95,0.3,0.3,0.95
lr,P6,trainval,3,4,0.7478260869565218,0.7944444444444444,0.7586206896551724,0.5108433734939759,0.3791615350416173,0.1929480318922445,"[[14, 6], [1, 8]]",0.8111111111111111,0.7582010991928589,0.7,0.8888888888888888,0.8888888888888888,0.7
svm_rbf,P6,trainval,3,4,0.8133848133848134,0.8444444444444444,0.8275862068965517,0.6310432569974556,0.217799305972291,0.103347814259527,"[[16, 4], [1, 8]]",0.8944444444444444,0.9104072380888042,0.8,0.8888888888888888,0.8888888888888888,0.8
rf,P6,trainval,3,4,0.8388888888888889,0.8388888888888889,0.8620689655172413,0.6777777777777778,0.3162373977781818,0.201183633705836,"[[18, 2], [2, 7]]",0.8500000000000001,0.8405657325169402,0.9,0.7777777777777778,0.7777777777777778,0.9
lr,P6,trainval,4,0,0.7619047619047619,0.75,0.8,0.5263157894736842,0.3519816135593296,0.2028201469810554,"[[18, 2], [4, 6]]",0.8699999999999999,0.8118974133022121,0.9,0.6,0.6,0.9
svm_rbf,P6,trainval,4,0,0.7948016415868673,0.7749999999999999,0.8333333333333334,0.5945945945945946,0.2716960880343579,0.1167384244112475,"[[19, 1], [4, 6]]",0.9000000000000001,0.88261291050281,0.95,0.6,0.6,0.95
rf,P6,trainval,4,0,0.6273291925465838,0.625,0.7333333333333333,0.2941176470588235,0.2660352129553284,0.1924865693211276,"[[19, 1], [7, 3]]",0.93,0.9102844390015444,0.95,0.3,0.3,0.95
lr,P6,trainval,4,1,0.6703296703296704,0.675,0.7,0.3414634146341463,0.4935981533242787,0.2623417185503485,"[[15, 5], [4, 6]]",0.72,0.6934435281229517,0.75,0.6,0.6,0.75
svm_rbf,P6,trainval,4,1,0.8168498168498168,0.825,0.8333333333333334,0.6341463414634146,0.2741896188048617,0.1568556164486519,"[[17, 3], [2, 8]]",0.865,0.834998817799788,0.85,0.8,0.8,0.85
rf,P6,trainval,4,1,0.7,0.7,0.7333333333333333,0.4,0.327139891192537,0.1044343901287859,"[[16, 4], [4, 6]]",0.84,0.8339347521816562,0.8,0.6,0.6,0.8
lr,P6,trainval,4,2,0.7532314923619272,0.775,0.7666666666666667,0.5116279069767442,0.3081391647776242,0.1314125543231079,"[[15, 5], [2, 8]]",0.88,0.8875845522502206,0.75,0.8,0.8,0.75
svm_rbf,P6,trainval,4,2,0.6534017971758665,0.65,0.7,0.3076923076923077,0.3842304269299995,0.2001224920439561,"[[16, 4], [5, 5]]",0.765,0.7826428897613109,0.8,0.5,0.5,0.8
rf,P6,trainval,4,2,0.6031746031746031,0.6000000000000001,0.6666666666666666,0.2105263157894736,0.4053783166450153,0.1068844589856835,"[[16, 4], [6, 4]]",0.685,0.6793355308946281,0.8,0.4,0.4,0.8
lr,P6,trainval,4,3,0.55,0.55,0.6,0.1,0.7202927424483114,0.3947515550236242,"[[14, 6], [6, 4]]",0.6400000000000001,0.66644700386955,0.7,0.4,0.4,0.7
svm_rbf,P6,trainval,4,3,0.6306429548563611,0.625,0.7,0.2702702702702703,0.4588856433804893,0.1953286023667404,"[[17, 3], [6, 4]]",0.705,0.751579467101526,0.85,0.4,0.4,0.85
rf,P6,trainval,4,3,0.7435897435897436,0.75,0.7666666666666667,0.4878048780487805,0.3705983188438985,0.1026757189167907,"[[16, 4], [3, 7]]",0.78,0.8120394438713273,0.8,0.7,0.7,0.8
lr,P6,trainval,4,4,0.6547619047619048,0.6472222222222221,0.7241379310344828,0.3136094674556212,0.4601641213479401,0.2371085181319701,"[[17, 3], [5, 4]]",0.7555555555555555,0.7032381607055649,0.85,0.4444444444444444,0.4444444444444444,0.85
svm_rbf,P6,trainval,4,4,0.6547619047619048,0.6472222222222221,0.7241379310344828,0.3136094674556212,0.411817684925605,0.1617914091978443,"[[17, 3], [5, 4]]",0.75,0.7397296043434488,0.85,0.4444444444444444,0.4444444444444444,0.85
rf,P6,trainval,4,4,0.6477732793522267,0.6527777777777778,0.6896551724137931,0.2964959568733153,0.3950991895551893,0.2337479234435097,"[[15, 5], [4, 5]]",0.7111111111111111,0.6946717844610002,0.75,0.5555555555555556,0.5555555555555556,0.75
lr,P7,trainval,0,0,0.6825396825396826,0.675,0.7333333333333333,0.3684210526315788,0.5067262224057127,0.2422945076152354,"[[17, 3], [5, 5]]",0.55,0.5987687236621861,0.85,0.5,0.5,0.85
svm_rbf,P7,trainval,0,0,0.7443181818181819,0.725,0.8,0.5,0.3580333582194814,0.1770601368331493,"[[19, 1], [5, 5]]",0.6699999999999999,0.735821654499387,0.95,0.5,0.5,0.95
rf,P7,trainval,0,0,0.7127222982216143,0.7,0.7666666666666667,0.4324324324324324,0.3357328635917467,0.1164934528699941,"[[18, 2], [5, 5]]",0.8099999999999999,0.8172500831504736,0.9,0.5,0.5,0.9
lr,P7,trainval,0,1,0.6228571428571429,0.6499999999999999,0.6333333333333333,0.2666666666666667,0.5108445190733722,0.1295602305747691,"[[12, 8], [3, 7]]",0.6900000000000001,0.6871204128821533,0.6,0.7,0.7,0.6
svm_rbf,P7,trainval,0,1,0.5485636114911081,0.55,0.6333333333333333,0.1081081081081081,0.5358297261249569,0.2462809785892807,"[[16, 4], [7, 3]]",0.62,0.6103398561987559,0.8,0.3,0.3,0.8
rf,P7,trainval,0,1,0.466484268125855,0.475,0.5666666666666667,-0.0540540540540539,0.4401308387469863,0.0904732061796426,"[[15, 5], [8, 2]]",0.5700000000000001,0.5843303744726653,0.75,0.2,0.2,0.75
lr,P7,trainval,0,2,0.5833333333333333,0.6,0.6,0.1818181818181818,0.5843496501127364,0.2652819765526982,"[[12, 8], [4, 6]]",0.595,0.6040157864711977,0.6,0.6,0.6,0.6
svm_rbf,P7,trainval,0,2,0.6306429548563611,0.625,0.7,0.2702702702702703,0.4204055661686227,0.1956177533636516,"[[17, 3], [6, 4]]",0.72,0.7412819875006913,0.85,0.4,0.4,0.85
rf,P7,trainval,0,2,0.4886363636363636,0.5,0.6,0.0,0.4053471087804957,0.1056568498350085,"[[16, 4], [8, 2]]",0.665,0.6480661452709509,0.8,0.2,0.2,0.8
lr,P7,trainval,0,3,0.3772893772893773,0.375,0.4333333333333333,-0.2439024390243902,0.5967907936845158,0.2680896085055191,"[[11, 9], [8, 2]]",0.425,0.525834804148112,0.55,0.2,0.2,0.55
svm_rbf,P7,trainval,0,3,0.3453145057766367,0.35,0.4333333333333333,-0.3076923076923077,0.7528141451257159,0.4013308913901153,"[[12, 8], [9, 1]]",0.475,0.5516692230814759,0.6,0.1,0.1,0.6
rf,P7,trainval,0,3,0.3453145057766367,0.35,0.4333333333333333,-0.3076923076923077,0.5459560152596256,0.2451054022958381,"[[12, 8], [9, 1]]",0.425,0.5068938167926215,0.6,0.1,0.1,0.6
lr,P7,trainval,0,4,0.6547619047619048,0.6472222222222221,0.7241379310344828,0.3136094674556212,0.4189738445498748,0.1613794719409681,"[[17, 3], [5, 4]]",0.6499999999999999,0.6928532740167088,0.85,0.4444444444444444,0.4444444444444444,0.85
svm_rbf,P7,trainval,0,4,0.6852713178294574,0.6722222222222223,0.7586206896551724,0.3792048929663608,0.4115458558515162,0.2095457876581513,"[[18, 2], [5, 4]]",0.6888888888888889,0.7165244864790565,0.9,0.4444444444444444,0.4444444444444444,0.9
rf,P7,trainval,0,4,0.6852713178294574,0.6722222222222223,0.7586206896551724,0.3792048929663608,0.3551602262362977,0.0973346940945136,"[[18, 2], [5, 4]]",0.7333333333333334,0.7224651466363705,0.9,0.4444444444444444,0.4444444444444444,0.9
lr,P7,trainval,1,0,0.625,0.625,0.6666666666666666,0.25,0.5851398916466173,0.2449525272060461,"[[15, 5], [5, 5]]",0.545,0.5559059743425403,0.75,0.5,0.5,0.75
svm_rbf,P7,trainval,1,0,0.6306429548563611,0.625,0.7,0.2702702702702703,0.4654947202516363,0.2128545984978356,"[[17, 3], [6, 4]]",0.66,0.649029653701409,0.85,0.4,0.4,0.85
rf,P7,trainval,1,0,0.5833333333333334,0.6,0.7333333333333333,0.2500000000000001,0.3844813664497561,0.0837438218044208,"[[20, 0], [8, 2]]",0.6950000000000001,0.7144401056400738,1.0,0.2,0.2,1.0
lr,P7,trainval,1,1,0.513888888888889,0.525,0.5333333333333333,0.0454545454545455,0.6311327283704578,0.240305988479402,"[[11, 9], [5, 5]]",0.56,0.6052930292983042,0.55,0.5,0.5,0.55
svm_rbf,P7,trainval,1,1,0.4993581514762516,0.5,0.5666666666666667,0.0,0.6214538106274544,0.2371536528940499,"[[14, 6], [7, 3]]",0.4649999999999999,0.5226199096652661,0.7,0.3,0.3,0.7
rf,P7,trainval,1,1,0.4886363636363636,0.5,0.6,0.0,0.456435436542265,0.1069386629538047,"[[16, 4], [8, 2]]",0.545,0.5774549819954653,0.8,0.2,0.2,0.8
lr,P7,trainval,1,2,0.625,0.625,0.6666666666666666,0.25,0.501553819631664,0.1963626763366505,"[[15, 5], [5, 5]]",0.7050000000000001,0.6795273526145871,0.75,0.5,0.5,0.75
svm_rbf,P7,trainval,1,2,0.6306429548563611,0.625,0.7,0.2702702702702703,0.4424042910007209,0.2184269160139131,"[[17, 3], [6, 4]]",0.72,0.7374099589014955,0.85,0.4,0.4,0.85
rf,P7,trainval,1,2,0.55,0.55,0.6,0.1,0.4059360569021865,0.1515390072246306,"[[14, 6], [6, 4]]",0.71,0.7395706604290702,0.7,0.4,0.4,0.7
lr,P7,trainval,1,3,0.5238095238095237,0.525,0.5666666666666667,0.0487804878048779,0.6001658521413321,0.2037873691169506,"[[13, 7], [6, 4]]",0.4499999999999999,0.5061658010775403,0.65,0.4,0.4,0.65
svm_rbf,P7,trainval,1,3,0.4976076555023923,0.5,0.5333333333333333,0.0,0.5927056810993181,0.2913609337503995,"[[12, 8], [6, 4]]",0.5800000000000001,0.6232648633549792,0.6,0.4,0.4,0.6
rf,P7,trainval,1,3,0.5238095238095237,0.525,0.5666666666666667,0.0487804878048779,0.4730087603852613,0.1011070086184367,"[[13, 7], [6, 4]]",0.575,0.622358438619422,0.65,0.4,0.4,0.65
lr,P7,trainval,1,4,0.4912280701754385,0.4916666666666667,0.5517241379310345,-0.0161725067385445,0.5927644798663949,0.185369973877525,"[[13, 7], [6, 3]]",0.4777777777777777,0.52589815118895,0.65,0.3333333333333333,0.3333333333333333,0.65
svm_rbf,P7,trainval,1,4,0.5684523809523809,0.5666666666666667,0.6551724137931034,0.1420118343195265,0.5489308581785929,0.1917277215523554,"[[16, 4], [6, 3]]",0.4888888888888889,0.5324824499702336,0.8,0.3333333333333333,0.3333333333333333,0.8
rf,P7,trainval,1,4,0.3958333333333333,0.4055555555555555,0.5172413793103449,-0.2011834319526626,0.4637890615692172,0.1996763020032326,"[[14, 6], [8, 1]]",0.5222222222222223,0.5612885445518752,0.7,0.1111111111111111,0.1111111111111111,0.7
lr,P7,trainval,2,0,0.5238095238095238,0.525,0.6,0.0526315789473683,0.593313024899336,0.1823878996005235,"[[15, 5], [7, 3]]",0.47,0.4929035815951385,0.75,0.3,0.3,0.75
svm_rbf,P7,trainval,2,0,0.6031746031746031,0.6000000000000001,0.6666666666666666,0.2105263157894736,0.4987717229402273,0.2676090785927607,"[[16, 4], [6, 4]]",0.59,0.6495952914392689,0.8,0.4,0.4,0.8
rf,P7,trainval,2,0,0.5341614906832298,0.55,0.6666666666666666,0.1176470588235293,0.4643078437163683,0.1548131390897447,"[[18, 2], [8, 2]]",0.595,0.5999882724611427,0.9,0.2,0.2,0.9
lr,P7,trainval,2,1,0.6031746031746031,0.6000000000000001,0.6666666666666666,0.2105263157894736,0.4266083792041173,0.153068702999041,"[[16, 4], [6, 4]]",0.74,0.7141278890191936,0.8,0.4,0.4,0.8
svm_rbf,P7,trainval,2,1,0.5738636363636364,0.575,0.6666666666666666,0.1666666666666666,0.4750467171268513,0.1946310770431266,"[[17, 3], [7, 3]]",0.69,0.6979577318158683,0.85,0.3,0.3,0.85
rf,P7,trainval,2,1,0.576379974326059,0.575,0.6333333333333333,0.1538461538461538,0.4159816304001598,0.0750341638323772,"[[15, 5], [6, 4]]",0.655,0.6968673032906779,0.75,0.4,0.4,0.75
lr,P7,trainval,2,2,0.4505494505494505,0.4499999999999999,0.5,-0.0975609756097561,0.6857782677696719,0.2441852131383151,"[[12, 8], [7, 3]]",0.425,0.4921780310154546,0.6,0.3,0.3,0.6
svm_rbf,P7,trainval,2,2,0.466484268125855,0.475,0.5666666666666667,-0.0540540540540539,0.6341675132087549,0.2613404628749935,"[[15, 5], [8, 2]]",0.495,0.5423249508526801,0.75,0.2,0.2,0.75
rf,P7,trainval,2,2,0.475,0.475,0.5333333333333333,-0.05,0.5112088919642053,0.1729543767591612,"[[13, 7], [7, 3]]",0.4599999999999999,0.5282006060156994,0.65,0.3,0.3,0.65
lr,P7,trainval,2,3,0.6914285714285715,0.7250000000000001,0.7,0.4,0.3852555368096274,0.1154829684358496,"[[13, 7], [2, 8]]",0.815,0.786574981338455,0.65,0.8,0.8,0.65
svm_rbf,P7,trainval,2,3,0.6411483253588517,0.6499999999999999,0.6666666666666666,0.2857142857142857,0.3672077445766885,0.1521450390984434,"[[14, 6], [4, 6]]",0.8,0.7544236768569621,0.7,0.6,0.6,0.7
rf,P7,trainval,2,3,0.625,0.625,0.6666666666666666,0.25,0.3470565461030853,0.1394141287357061,"[[15, 5], [5, 5]]",0.79,0.7685236414332148,0.75,0.5,0.5,0.75
lr,P7,trainval,2,4,0.5166666666666666,0.5166666666666666,0.5862068965517241,0.0333333333333333,0.7023136639980861,0.3205085280162618,"[[14, 6], [6, 3]]",0.4444444444444444,0.4936743384348244,0.7,0.3333333333333333,0.3333333333333333,0.7
svm_rbf,P7,trainval,2,4,0.6852713178294574,0.6722222222222223,0.7586206896551724,0.3792048929663608,0.3857150112458189,0.1812027581018255,"[[18, 2], [5, 4]]",0.6833333333333333,0.7327137085844937,0.9,0.4444444444444444,0.4444444444444444,0.9
rf,P7,trainval,2,4,0.5538461538461539,0.5611111111111111,0.6896551724137931,0.1442622950819672,0.4105083513608946,0.0931334411337105,"[[18, 2], [7, 2]]",0.6833333333333333,0.6589802902506092,0.9,0.2222222222222222,0.2222222222222222,0.9
lr,P7,trainval,3,0,0.4976076555023923,0.5,0.5333333333333333,0.0,0.7706957687217919,0.3589968432982205,"[[12, 8], [6, 4]]",0.375,0.4589657944172596,0.6,0.4,0.4,0.6
svm_rbf,P7,trainval,3,0,0.4993581514762516,0.5,0.5666666666666667,0.0,0.5998118619498506,0.2346783257680879,"[[14, 6], [7, 3]]",0.52,0.5314447017733315,0.7,0.3,0.3,0.7
rf,P7,trainval,3,0,0.4505494505494505,0.4499999999999999,0.5,-0.0975609756097561,0.5004357022007467,0.2051243082049709,"[[12, 8], [7, 3]]",0.515,0.5623337594283045,0.6,0.3,0.3,0.6
lr,P7,trainval,3,1,0.6827262044653349,0.7,0.7,0.3720930232558139,0.392587225626359,0.1219319099075917,"[[14, 6], [3, 7]]",0.765,0.7340712481962484,0.7,0.7,0.7,0.7
svm_rbf,P7,trainval,3,1,0.625,0.625,0.6666666666666666,0.25,0.5364097591072814,0.1818693565782236,"[[15, 5], [5, 5]]",0.615,0.6441134735495562,0.75,0.5,0.5,0.75
rf,P7,trainval,3,1,0.4886363636363636,0.5,0.6,0.0,0.4410517786692126,0.0805538314588894,"[[16, 4], [8, 2]]",0.63,0.6161624169851998,0.8,0.2,0.2,0.8
lr,P7,trainval,3,2,0.660633484162896,0.7,0.6666666666666666,0.3478260869565217,0.4623711248774784,0.1909474028361578,"[[12, 8], [2, 8]]",0.745,0.7414586062268753,0.6,0.8,0.8,0.6
svm_rbf,P7,trainval,3,2,0.625,0.625,0.6666666666666666,0.25,0.429262786118853,0.1479852237783745,"[[15, 5], [5, 5]]",0.7050000000000001,0.7136979966914178,0.75,0.5,0.5,0.75
rf,P7,trainval,3,2,0.6703296703296704,0.675,0.7,0.3414634146341463,0.4123937906598768,0.1268054303362308,"[[15, 5], [4, 6]]",0.7,0.7228863340183421,0.75,0.6,0.6,0.75
lr,P7,trainval,3,3,0.4505494505494505,0.4499999999999999,0.5,-0.0975609756097561,0.6425723714910074,0.3407740328078918,"[[12, 8], [7, 3]]",0.5549999999999999,0.5742351913347168,0.6,0.3,0.3,0.6
svm_rbf,P7,trainval,3,3,0.6273291925465838,0.625,0.7333333333333333,0.2941176470588235,0.4252459012991583,0.226603309265788,"[[19, 1], [7, 3]]",0.6900000000000001,0.7098986487175847,0.95,0.3,0.3,0.95
rf,P7,trainval,3,3,0.4990723562152134,0.55,0.7,0.129032258064516,0.4010395361565163,0.1515815197645626,"[[20, 0], [9, 1]]",0.69,0.7203983668587586,1.0,0.1,0.1,1.0
lr,P7,trainval,3,4,0.7260458839406208,0.7333333333333334,0.7586206896551724,0.4528301886792453,0.3721715823949024,0.1126689095326448,"[[16, 4], [3, 6]]",0.7611111111111111,0.7839547401597351,0.8,0.6666666666666666,0.6666666666666666,0.8
svm_rbf,P7,trainval,3,4,0.5953488372093023,0.5916666666666667,0.6896551724137931,0.2018348623853211,0.3908313253610461,0.215570676012388,"[[17, 3], [6, 3]]",0.711111111111111,0.7464736506828226,0.85,0.3333333333333333,0.3333333333333333,0.85
rf,P7,trainval,3,4,0.6255380200860832,0.6222222222222222,0.6896551724137931,0.2521489971346705,0.408471341080005,0.1259901921724603,"[[16, 4], [5, 4]]",0.7,0.7434447705365309,0.8,0.4444444444444444,0.4444444444444444,0.8
lr,P7,trainval,4,0,0.6827262044653349,0.7,0.7,0.3720930232558139,0.4359651352351093,0.1810675451654487,"[[14, 6], [3, 7]]",0.73,0.7200879411526917,0.7,0.7,0.7,0.7
svm_rbf,P7,trainval,4,0,0.6031746031746031,0.6000000000000001,0.6666666666666666,0.2105263157894736,0.4641627852503305,0.1955479154838116,"[[16, 4], [6, 4]]",0.73,0.720691233105787,0.8,0.4,0.4,0.8
rf,P7,trainval,4,0,0.5111111111111111,0.525,0.6333333333333333,0.0571428571428572,0.3930643604698251,0.1774566302586563,"[[17, 3], [8, 2]]",0.715,0.702729617769811,0.85,0.2,0.2,0.85
lr,P7,trainval,4,1,0.5970695970695971,0.6,0.6333333333333333,0.1951219512195121,0.5841836676855086,0.2364735623857696,"[[14, 6], [5, 5]]",0.56,0.5817924529530354,0.7,0.5,0.5,0.7
svm_rbf,P7,trainval,4,1,0.6825396825396826,0.675,0.7333333333333333,0.3684210526315788,0.4657269641806024,0.2113520690230432,"[[17, 3], [5, 5]]",0.67,0.674177117083973,0.85,0.5,0.5,0.85
rf,P7,trainval,4,1,0.6703296703296704,0.675,0.7,0.3414634146341463,0.4160611271384645,0.1564789301597842,"[[15, 5], [4, 6]]",0.675,0.6870498549595965,0.75,0.6,0.6,0.75
lr,P7,trainval,4,2,0.6527777777777778,0.675,0.6666666666666666,0.3181818181818182,0.4528155207731262,0.1233304677844446,"[[13, 7], [3, 7]]",0.715,0.6789005443086326,0.65,0.7,0.7,0.65
svm_rbf,P7,trainval,4,2,0.4886363636363636,0.5,0.6,0.0,0.4648454232038775,0.1774890658278682,"[[16, 4], [8, 2]]",0.625,0.6536505415048333,0.8,0.2,0.2,0.8
rf,P7,trainval,4,2,0.6534017971758665,0.65,0.7,0.3076923076923077,0.3955117861981427,0.1221067563709199,"[[16, 4], [5, 5]]",0.695,0.750809783465962,0.8,0.5,0.5,0.8
lr,P7,trainval,4,3,0.513888888888889,0.525,0.5333333333333333,0.0454545454545455,0.7184030250460024,0.2918615681084794,"[[11, 9], [5, 5]]",0.4649999999999999,0.5027336858822083,0.55,0.5,0.5,0.55
svm_rbf,P7,trainval,4,3,0.5238095238095238,0.525,0.6,0.0526315789473683,0.6271369379647259,0.3039740773301619,"[[15, 5], [7, 3]]",0.465,0.5689923631980564,0.75,0.3,0.3,0.75
rf,P7,trainval,4,3,0.5238095238095238,0.525,0.6,0.0526315789473683,0.4725061099106228,0.1746511204270674,"[[15, 5], [7, 3]]",0.605,0.652127823919872,0.75,0.3,0.3,0.75
lr,P7,trainval,4,4,0.5684523809523809,0.5666666666666667,0.6551724137931034,0.1420118343195265,0.5535336782761558,0.2213892403044895,"[[16, 4], [6, 3]]",0.5944444444444444,0.5861393022937942,0.8,0.3333333333333333,0.3333333333333333,0.8
svm_rbf,P7,trainval,4,4,0.5538461538461539,0.5611111111111111,0.6896551724137931,0.1442622950819672,0.497550795133019,0.1938591151725229,"[[18, 2], [7, 2]]",0.6111111111111112,0.6376257812341909,0.9,0.2222222222222222,0.2222222222222222,0.9
rf,P7,trainval,4,4,0.4746376811594203,0.5055555555555555,0.6551724137931034,0.0136054421768706,0.4294324453936178,0.1016993135253027,"[[18, 2], [8, 1]]",0.5944444444444444,0.6008157399294681,0.9,0.1111111111111111,0.1111111111111111,0.9
