model,pipeline,seed,fold,macro_f1,balanced_acc,accuracy,kappa,brier,ece,confusion,roc_auc,pr_auc,sens_0,spec_0,sens_1,spec_1,sens_2,spec_2
lr,P1,0,0,0.40740740740740744,0.4083333333333334,0.4444444444444444,0.11764705882352933,0.8223142953656231,0.4314935920714398,"[[5, 2, 1], [3, 1, 1], [2, 1, 2]]",0.6762820512820514,0.5558473933473933,0.625,0.5,0.2,0.7692307692307693,0.4,0.8461538461538461
svm_rbf,P1,0,0,0.47015250544662307,0.4749999999999999,0.5,0.21739130434782605,0.7095942915854194,0.4157427929528073,"[[5, 2, 1], [3, 1, 1], [1, 1, 3]]",0.7432692307692307,0.6354073704073705,0.625,0.6,0.2,0.7692307692307693,0.6,0.8461538461538461
rf,P1,0,0,0.440422322775264,0.5166666666666667,0.5555555555555556,0.30434782608695654,0.5102062273977145,0.32101208175352386,"[[6, 1, 1], [2, 0, 3], [1, 0, 4]]",0.7814102564102564,0.6269497142291259,0.75,0.7,0.0,0.9230769230769231,0.8,0.6923076923076923
lr,P1,0,1,0.6111111111111112,0.6301587301587301,0.6666666666666666,0.48571428571428577,0.4073810749597609,0.2029014691898396,"[[6, 1, 0], [3, 1, 1], [0, 1, 5]]",0.8772542272542272,0.7885194077631054,0.8571428571428571,0.7272727272727273,0.2,0.8461538461538461,0.8333333333333334,0.9166666666666666
svm_rbf,P1,0,1,0.6529304029304029,0.6857142857142856,0.7222222222222222,0.569377990430622,0.5017478013479317,0.2908205723247951,"[[6, 1, 0], [3, 1, 1], [0, 0, 6]]",0.8404549154549154,0.7144285608571321,0.8571428571428571,0.7272727272727273,0.2,0.9230769230769231,1.0,0.9166666666666666
rf,P1,0,1,0.6031746031746031,0.6380952380952382,0.6666666666666666,0.48571428571428577,0.47717843864509235,0.24596546558067808,"[[5, 1, 1], [3, 1, 1], [0, 0, 6]]",0.8153124653124652,0.7082584346870061,0.7142857142857143,0.7272727272727273,0.2,0.9230769230769231,1.0,0.8333333333333334
lr,P1,0,2,0.519047619047619,0.5428571428571428,0.5555555555555556,0.33333333333333337,0.6849945200689341,0.2455674188033797,"[[3, 4, 0], [2, 1, 2], [0, 0, 6]]",0.6720538720538721,0.5832153032153031,0.42857142857142855,0.8181818181818182,0.2,0.6923076923076923,1.0,0.8333333333333334
svm_rbf,P1,0,2,0.442849548112706,0.49523809523809526,0.5,0.23943661971830976,0.6477973615001408,0.28868845016821665,"[[2, 0, 5], [2, 1, 2], [0, 0, 6]]",0.8047933547933548,0.7715608465608464,0.2857142857142857,0.8181818181818182,0.2,1.0,1.0,0.4166666666666667
rf,P1,0,2,0.5339105339105339,0.5619047619047619,0.5555555555555556,0.3271028037383178,0.5227604508996353,0.17317098122855518,"[[2, 0, 5], [2, 2, 1], [0, 0, 6]]",0.8383560883560884,0.7787481962481962,0.2857142857142857,0.8181818181818182,0.4,1.0,1.0,0.5
lr,P1,0,3,0.6282051282051282,0.626984126984127,0.6470588235294118,0.46031746031746035,0.4761223610376235,0.22895889882319181,"[[5, 1, 1], [0, 2, 2], [1, 1, 4]]",0.8007770007770008,0.7687169312169312,0.7142857142857143,0.9,0.5,0.8461538461538461,0.6666666666666666,0.7272727272727273
svm_rbf,P1,0,3,0.7965811965811967,0.7857142857142857,0.8235294117647058,0.7243243243243243,0.40096168373600755,0.2523834568566793,"[[6, 0, 1], [0, 2, 2], [0, 0, 6]]",0.7825119325119324,0.7433862433862434,0.8571428571428571,1.0,0.5,1.0,1.0,0.7272727272727273
rf,P1,0,3,0.7965811965811967,0.7857142857142857,0.8235294117647058,0.7243243243243243,0.5172875142229055,0.39264710124988145,"[[6, 0, 1], [0, 2, 2], [0, 0, 6]]",0.7403596403596403,0.6619468494468493,0.8571428571428571,1.0,0.5,1.0,1.0,0.7272727272727273
lr,P1,0,4,0.41269841269841273,0.4603174603174603,0.5294117647058824,0.24861878453038655,0.7126950527609651,0.29982727799217107,"[[5, 0, 2], [2, 0, 2], [1, 1, 4]]",0.651953601953602,0.5539425780672279,0.7142857142857143,0.7,0.0,0.9230769230769231,0.6666666666666666,0.6363636363636364
svm_rbf,P1,0,4,0.49206349206349204,0.49603174603174605,0.5294117647058824,0.26086956521739135,0.6657563002677332,0.27228371950008873,"[[4, 1, 2], [1, 1, 2], [2, 0, 4]]",0.7010878010878011,0.6264607306273974,0.5714285714285714,0.7,0.25,0.9230769230769231,0.6666666666666666,0.6363636363636364
rf,P1,0,4,0.3988095238095238,0.4682539682539682,0.5294117647058824,0.24444444444444446,0.538047209698356,0.2399380021899396,"[[4, 0, 3], [2, 0, 2], [1, 0, 5]]",0.7277999777999776,0.6523906648906648,0.5714285714285714,0.7,0.0,1.0,0.8333333333333334,0.5454545454545454
lr,P1,1,0,0.5370370370370371,0.625,0.6666666666666666,0.47058823529411764,0.40440953325045,0.19915974154369162,"[[7, 1, 0], [3, 0, 2], [0, 0, 5]]",0.8644230769230768,0.7395454545454546,0.875,0.7,0.0,0.9230769230769231,1.0,0.8461538461538461
svm_rbf,P1,1,0,0.5126050420168067,0.625,0.6666666666666666,0.4782608695652174,0.4953084328366129,0.19127609191317588,"[[7, 0, 1], [2, 0, 3], [0, 0, 5]]",0.8375,0.7356998556998556,0.875,0.8,0.0,1.0,1.0,0.6923076923076923
rf,P1,1,0,0.6420311714429361,0.6916666666666668,0.7222222222222222,0.5652173913043479,0.3929922394949787,0.1244559641147249,"[[7, 0, 1], [2, 1, 2], [0, 0, 5]]",0.9022435897435898,0.8263645382395381,0.875,0.8,0.2,1.0,1.0,0.7692307692307693
lr,P1,1,1,0.3861693861693862,0.38730158730158726,0.3888888888888889,0.08333333333333337,0.8840523917350649,0.42555939882426685,"[[3, 2, 2], [1, 2, 2], [2, 2, 2]]",0.6563917563917564,0.5768894283950307,0.42857142857142855,0.7272727272727273,0.4,0.6923076923076923,0.3333333333333333,0.6666666666666666
svm_rbf,P1,1,1,0.5086996336996337,0.526984126984127,0.5555555555555556,0.3110047846889952,0.7577287214123385,0.45258807793678246,"[[5, 0, 2], [3, 1, 1], [1, 1, 4]]",0.6676850926850927,0.556222890865748,0.7142857142857143,0.6363636363636364,0.2,0.9230769230769231,0.6666666666666666,0.75
rf,P1,1,1,0.4579831932773109,0.4714285714285715,0.5,0.22115384615384626,0.6298143646747905,0.16645054486579874,"[[5, 0, 2], [3, 1, 1], [2, 1, 3]]",0.621997446997447,0.5071409674981103,0.7142857142857143,0.5454545454545454,0.2,0.9230769230769231,0.5,0.75
lr,P1,1,2,0.5925925925925926,0.5936507936507937,0.6111111111111112,0.4056603773584906,0.5123906664863257,0.28925393395529087,"[[5, 1, 1], [2, 2, 1], [1, 1, 4]]",0.8082528582528582,0.7380110630110629,0.7142857142857143,0.7272727272727273,0.4,0.8461538461538461,0.6666666666666666,0.8333333333333334
svm_rbf,P1,1,2,0.45248868778280543,0.5158730158730159,0.5555555555555556,0.30434782608695654,0.6253854010257339,0.2727679818459675,"[[5, 1, 1], [4, 0, 1], [1, 0, 5]]",0.7283290783290783,0.578554310613134,0.7142857142857143,0.5454545454545454,0.0,0.9230769230769231,0.8333333333333334,0.8333333333333334
rf,P1,1,2,0.6028154851684264,0.6301587301587301,0.6666666666666666,0.4782608695652174,0.5811272794788374,0.294078799739972,"[[6, 0, 1], [3, 1, 1], [1, 0, 5]]",0.7151764901764901,0.6173665620094191,0.8571428571428571,0.6363636363636364,0.2,1.0,0.8333333333333334,0.8333333333333334
lr,P1,1,3,0.6267806267806267,0.6349206349206349,0.6470588235294118,0.46875,0.6593310362607383,0.33671803772588504,"[[4, 2, 1], [1, 2, 1], [0, 1, 5]]",0.6773060273060273,0.536238897268309,0.5714285714285714,0.9,0.5,0.7692307692307693,0.8333333333333334,0.8181818181818182
svm_rbf,P1,1,3,0.6849816849816849,0.6825396825396827,0.7058823529411765,0.543010752688172,0.49555409167562703,0.19863214354542907,"[[5, 1, 1], [1, 2, 1], [1, 0, 5]]",0.7487900987900987,0.6907166907166907,0.7142857142857143,0.8,0.5,0.9230769230769231,0.8333333333333334,0.8181818181818182
rf,P1,1,3,0.7452991452991453,0.7301587301587302,0.7647058823529411,0.6284153005464481,0.4912445655533935,0.24485283634519964,"[[6, 0, 1], [1, 2, 1], [1, 0, 5]]",0.7669719169719169,0.7496031746031745,0.8571428571428571,0.8,0.5,1.0,0.8333333333333334,0.8181818181818182
lr,P1,1,4,0.5806277056277056,0.5873015873015873,0.5882352941176471,0.37037037037037035,0.5356027610333168,0.2678874182865276,"[[3, 1, 3], [0, 2, 2], [1, 0, 5]]",0.819119769119769,0.7079794544080258,0.42857142857142855,0.9,0.5,0.9230769230769231,0.8333333333333334,0.5454545454545454
svm_rbf,P1,1,4,0.5277777777777778,0.5595238095238095,0.5882352941176471,0.3602150537634409,0.6045379114422252,0.2962028706304305,"[[3, 1, 3], [2, 1, 1], [0, 0, 6]]",0.7422743922743923,0.6635624335204167,0.42857142857142855,0.8,0.25,0.9230769230769231,1.0,0.6363636363636364
rf,P1,1,4,0.5373737373737374,0.5595238095238095,0.5882352941176471,0.3567567567567568,0.5333416715305958,0.20628078849667925,"[[3, 0, 4], [1, 1, 2], [0, 0, 6]]",0.7831668331668332,0.7005614755614755,0.42857142857142855,0.9,0.25,1.0,1.0,0.45454545454545453
lr,P1,2,0,0.5972222222222222,0.6083333333333333,0.6111111111111112,0.4,0.6613943783365416,0.30763588272971126,"[[5, 1, 2], [2, 2, 1], [1, 0, 4]]",0.6628205128205128,0.5741192834942835,0.625,0.7,0.4,0.9230769230769231,0.8,0.7692307692307693
svm_rbf,P1,2,0,0.5,0.5583333333333333,0.6111111111111112,0.36363636363636365,0.5926504314714142,0.26817740796615175,"[[7, 1, 0], [4, 0, 1], [1, 0, 4]]",0.7352564102564103,0.6177866088160205,0.875,0.5,0.0,0.9230769230769231,0.8,0.9230769230769231
rf,P1,2,0,0.5370370370370371,0.625,0.6666666666666666,0.47058823529411764,0.5200691381305365,0.20593526949429852,"[[7, 1, 0], [3, 0, 2], [0, 0, 5]]",0.7301282051282051,0.6253882664176781,0.875,0.7,0.0,0.9230769230769231,1.0,0.8461538461538461
lr,P1,2,1,0.6087768440709617,0.5936507936507937,0.6111111111111112,0.3942307692307693,0.67201974354859,0.305206565505992,"[[5, 0, 2], [3, 2, 0], [2, 0, 4]]",0.6951298701298702,0.6517195767195767,0.7142857142857143,0.5454545454545454,0.4,1.0,0.6666666666666666,0.8333333333333334
svm_rbf,P1,2,1,0.5111111111111111,0.5349206349206349,0.5555555555555556,0.3110047846889952,0.6259642966096866,0.31495144059372926,"[[4, 0, 3], [3, 1, 1], [1, 0, 5]]",0.7777121027121027,0.749086099086099,0.5714285714285714,0.6363636363636364,0.2,1.0,0.8333333333333334,0.6666666666666666
rf,P1,2,1,0.38611111111111107,0.4682539682539682,0.5,0.22115384615384615,0.530892176066605,0.16576026256805795,"[[4, 0, 3], [3, 0, 2], [1, 0, 5]]",0.8144087394087394,0.7736351611351612,0.5714285714285714,0.6363636363636364,0.0,1.0,0.8333333333333334,0.5833333333333334
lr,P1,2,2,0.5799663299663299,0.6095238095238095,0.6111111111111112,0.41666666666666663,0.5576616106247849,0.2895058357348126,"[[3, 2, 2], [1, 2, 2], [0, 0, 6]]",0.8052216302216303,0.6972499722499722,0.42857142857142855,0.9090909090909091,0.4,0.8461538461538461,1.0,0.6666666666666666
svm_rbf,P1,2,2,0.4594017094017094,0.48730158730158735,0.5,0.23943661971830987,0.5663366837160212,0.30033536075557754,"[[3, 1, 3], [3, 1, 1], [0, 1, 5]]",0.8063843563843563,0.7276222322650895,0.42857142857142855,0.7272727272727273,0.2,0.8461538461538461,0.8333333333333334,0.6666666666666666
rf,P1,2,2,0.6456043956043956,0.6571428571428571,0.6666666666666666,0.49056603773584906,0.47643098665027556,0.18250787087016854,"[[4, 0, 3], [2, 2, 1], [0, 0, 6]]",0.8584027084027085,0.8090339554625269,0.5714285714285714,0.8181818181818182,0.4,1.0,1.0,0.6666666666666666
lr,P1,2,3,0.6321678321678322,0.626984126984127,0.6470588235294118,0.47150259067357514,0.4436391181974454,0.1569528502355563,"[[5, 2, 0], [1, 2, 1], [0, 2, 4]]",0.8372016872016873,0.7695200302343159,0.7142857142857143,0.9,0.5,0.6923076923076923,0.6666666666666666,0.9090909090909091
svm_rbf,P1,2,3,0.6341880341880342,0.6468253968253969,0.7058823529411765,0.5355191256830601,0.3666364725925249,0.2796526773650833,"[[6, 1, 0], [1, 1, 2], [1, 0, 5]]",0.8372016872016873,0.7612986220129078,0.8571428571428571,0.8,0.25,0.9230769230769231,0.8333333333333334,0.8181818181818182
rf,P1,2,3,0.7936507936507936,0.7857142857142857,0.8235294117647058,0.7228260869565217,0.4422487364234244,0.29901424075248323,"[[6, 0, 1], [1, 2, 1], [0, 0, 6]]",0.826029526029526,0.7812060294203151,0.8571428571428571,0.9,0.5,1.0,1.0,0.8181818181818182
lr,P1,2,4,0.6829004329004329,0.6904761904761904,0.7058823529411765,0.5502645502645502,0.49766404128036423,0.19714743454163863,"[[4, 1, 2], [0, 2, 2], [0, 0, 6]]",0.8286435786435787,0.7594765684051398,0.5714285714285714,1.0,0.5,0.9230769230769231,1.0,0.6363636363636364
svm_rbf,P1,2,4,0.734920634920635,0.7380952380952381,0.7647058823529411,0.6382978723404256,0.46428799615197297,0.15924227245879805,"[[5, 1, 1], [0, 2, 2], [0, 0, 6]]",0.7722055722055723,0.709677822177822,0.7142857142857143,1.0,0.5,0.9230769230769231,1.0,0.7272727272727273
rf,P1,2,4,0.6341880341880343,0.6547619047619048,0.7058823529411765,0.5405405405405406,0.5611973482595443,0.268699751362951,"[[5, 1, 1], [1, 1, 2], [0, 0, 6]]",0.6933399933399933,0.590176626206038,0.7142857142857143,0.9,0.25,0.9230769230769231,1.0,0.7272727272727273
lr,P1,3,0,0.5485625485625486,0.5666666666666668,0.5555555555555556,0.34246575342465757,0.6284708873411647,0.21126860280736645,"[[4, 3, 1], [1, 2, 2], [0, 1, 4]]",0.744551282051282,0.6546847569641687,0.5,0.9,0.4,0.6923076923076923,0.8,0.7692307692307693
svm_rbf,P1,3,0,0.6481481481481483,0.6749999999999999,0.6666666666666666,0.49295774647887314,0.5169253623421578,0.19051767825209026,"[[5, 2, 1], [2, 2, 1], [0, 0, 5]]",0.8134615384615386,0.7439509102009102,0.625,0.8,0.4,0.8461538461538461,1.0,0.8461538461538461
rf,P1,3,0,0.6944444444444445,0.7166666666666667,0.7222222222222222,0.5714285714285714,0.4597125655514862,0.21035028796276875,"[[6, 1, 1], [2, 2, 1], [0, 0, 5]]",0.8185897435897435,0.7573784984079102,0.75,0.8,0.4,0.9230769230769231,1.0,0.8461538461538461
lr,P1,3,1,0.6897435897435898,0.6968253968253969,0.7222222222222222,0.5734597156398105,0.374855195224579,0.10572145020138507,"[[6, 1, 0], [1, 2, 2], [1, 0, 5]]",0.8994930994930995,0.8331563938706795,0.8571428571428571,0.8181818181818182,0.4,0.9230769230769231,0.8333333333333334,0.8333333333333334
svm_rbf,P1,3,1,0.6872082166199812,0.6888888888888888,0.7222222222222222,0.5673076923076923,0.43393611426388756,0.20493205390625302,"[[7, 0, 0], [1, 2, 2], [2, 0, 4]]",0.8752849002849002,0.8353306878306878,1.0,0.7272727272727273,0.4,1.0,0.6666666666666666,0.8333333333333334
rf,P1,3,1,0.6360902255639097,0.6333333333333333,0.6666666666666666,0.47572815533980584,0.42772828578220057,0.24199524914417186,"[[7, 0, 0], [2, 2, 1], [3, 0, 3]]",0.8885401635401635,0.8464285714285714,1.0,0.5454545454545454,0.4,1.0,0.5,0.9166666666666666
lr,P1,3,2,0.5936507936507937,0.5936507936507937,0.6111111111111112,0.4112149532710281,0.5131735336851286,0.19408710919683586,"[[5, 1, 1], [2, 2, 1], [0, 2, 4]]",0.7881359381359382,0.6901633986928104,0.7142857142857143,0.8181818181818182,0.4,0.7692307692307693,0.6666666666666666,0.8333333333333334
svm_rbf,P1,3,2,0.5527544351073762,0.5746031746031747,0.6111111111111112,0.3942307692307693,0.534306642854441,0.18539880961533306,"[[6, 1, 0], [2, 1, 2], [2, 0, 4]]",0.8174094424094424,0.7122146636432349,0.8571428571428571,0.6363636363636364,0.2,0.9230769230769231,0.6666666666666666,0.8333333333333334
rf,P1,3,2,0.5555555555555555,0.5746031746031747,0.6111111111111112,0.4,0.4931094448074515,0.13581713049281735,"[[6, 1, 0], [2, 1, 2], [1, 1, 4]]",0.8001258001258001,0.7186696900982614,0.8571428571428571,0.7272727272727273,0.2,0.8461538461538461,0.6666666666666666,0.8333333333333334
lr,P1,3,3,0.5421245421245421,0.5515873015873015,0.5882352941176471,0.3602150537634409,0.6526907877833544,0.2918786524725555,"[[4, 1, 2], [3, 1, 0], [0, 1, 5]]",0.7569264069264069,0.6495653817082389,0.5714285714285714,0.7,0.25,0.8461538461538461,0.8333333333333334,0.8181818181818182
svm_rbf,P1,3,3,0.5371794871794872,0.5595238095238095,0.5882352941176471,0.3497267759562842,0.6506275443712598,0.2630730120394298,"[[3, 0, 4], [3, 1, 0], [0, 0, 6]]",0.7067932067932068,0.6449505559799676,0.42857142857142855,0.7,0.25,1.0,1.0,0.6363636363636364
rf,P1,3,3,0.4861111111111111,0.503968253968254,0.5294117647058824,0.26881720430107525,0.6247853051742218,0.31492302951563633,"[[3, 0, 4], [2, 1, 1], [0, 1, 5]]",0.6684315684315684,0.5722836946226302,0.42857142857142855,0.8,0.25,0.9230769230769231,0.8333333333333334,0.5454545454545454
lr,P1,3,4,0.35833333333333334,0.4087301587301588,0.4117647058823529,0.11458333333333337,0.7477700600157101,0.42487724764097834,"[[1, 3, 3], [1, 1, 2], [1, 0, 5]]",0.7483960483960485,0.6243829583115298,0.14285714285714285,0.8,0.25,0.7692307692307693,0.8333333333333334,0.5454545454545454
svm_rbf,P1,3,4,0.5282234105763517,0.5595238095238095,0.5882352941176471,0.36363636363636365,0.6126237051062124,0.2993366328057949,"[[3, 1, 3], [1, 1, 2], [0, 0, 6]]",0.7895826395826395,0.7312499999999998,0.42857142857142855,0.9,0.25,0.9230769230769231,1.0,0.5454545454545454
rf,P1,3,4,0.4444444444444444,0.5238095238095238,0.5882352941176471,0.34615384615384626,0.5169844765046542,0.12340794443813378,"[[4, 0, 3], [1, 0, 3], [0, 0, 6]]",0.7992895992895993,0.7303391053391053,0.5714285714285714,0.9,0.0,1.0,1.0,0.45454545454545453
lr,P1,4,0,0.709090909090909,0.7166666666666668,0.7222222222222222,0.5774647887323943,0.42621749100483386,0.12804827003218344,"[[6, 1, 1], [1, 3, 1], [0, 1, 4]]",0.853525641025641,0.7615198200492318,0.75,0.9,0.6,0.8461538461538461,0.8,0.8461538461538461
svm_rbf,P1,4,0,0.6944444444444445,0.7166666666666667,0.7222222222222222,0.5714285714285714,0.4012614017486436,0.15724640749841018,"[[6, 1, 1], [2, 2, 1], [0, 0, 5]]",0.8711538461538462,0.7957539682539682,0.75,0.8,0.4,0.9230769230769231,1.0,0.8461538461538461
rf,P1,4,0,0.696886446886447,0.7166666666666667,0.7222222222222222,0.5714285714285714,0.46365604206652716,0.30462948945399587,"[[6, 0, 2], [2, 2, 1], [0, 0, 5]]",0.824679487179487,0.7230815018315019,0.75,0.8,0.4,1.0,1.0,0.7692307692307693
lr,P1,4,1,0.5370370370370371,0.5539682539682539,0.5555555555555556,0.3302325581395348,0.7074083152836369,0.38212908266255297,"[[3, 2, 2], [1, 2, 2], [1, 0, 5]]",0.7280608280608281,0.6323051948051948,0.42857142857142855,0.8181818181818182,0.4,0.8461538461538461,0.8333333333333334,0.6666666666666666
svm_rbf,P1,4,1,0.5370370370370371,0.5539682539682539,0.5555555555555556,0.3302325581395348,0.5976012186099767,0.2733550006315873,"[[3, 2, 2], [1, 2, 2], [1, 0, 5]]",0.7787490287490287,0.7144337144337145,0.42857142857142855,0.8181818181818182,0.4,0.8461538461538461,0.8333333333333334,0.6666666666666666
rf,P1,4,1,0.5913715913715913,0.6015873015873016,0.6111111111111112,0.4112149532710281,0.5558837695378516,0.171686723967077,"[[4, 2, 1], [1, 2, 2], [1, 0, 5]]",0.7167748917748918,0.6698500083794201,0.5714285714285714,0.8181818181818182,0.4,0.8461538461538461,0.8333333333333334,0.75
lr,P1,4,2,0.44285714285714284,0.44285714285714284,0.4444444444444444,0.15887850467289721,0.8369571247139729,0.43302059695562534,"[[3, 2, 2], [2, 2, 1], [2, 1, 3]]",0.6759074259074259,0.5665252648585982,0.42857142857142855,0.6363636363636364,0.4,0.7692307692307693,0.5,0.75
svm_rbf,P1,4,2,0.35714285714285715,0.41269841269841273,0.4444444444444444,0.1346153846153847,0.8180644442475992,0.4178282210026679,"[[4, 1, 2], [3, 0, 2], [2, 0, 4]]",0.7673530173530173,0.6799193399193398,0.5714285714285714,0.5454545454545454,0.0,0.9230769230769231,0.6666666666666666,0.6666666666666666
rf,P1,4,2,0.5123177476118653,0.526984126984127,0.5555555555555556,0.30434782608695654,0.5912208830163723,0.12796265788245045,"[[5, 0, 2], [3, 1, 1], [2, 0, 4]]",0.6968559218559217,0.6318871824824205,0.7142857142857143,0.5454545454545454,0.2,1.0,0.6666666666666666,0.75
lr,P1,4,3,0.64640522875817,0.6547619047619048,0.7058823529411765,0.5380434782608695,0.5394116621888455,0.27293158294426656,"[[5, 0, 2], [0, 1, 3], [0, 0, 6]]",0.836019536019536,0.7626443001443001,0.7142857142857143,1.0,0.25,1.0,1.0,0.5454545454545454
svm_rbf,P1,4,3,0.440422322775264,0.5238095238095238,0.5882352941176471,0.3425414364640884,0.5745258398002605,0.30853909396947415,"[[4, 0, 3], [2, 0, 2], [0, 0, 6]]",0.823959373959374,0.7752496841782556,0.5714285714285714,0.8,0.0,1.0,1.0,0.5454545454545454
rf,P1,4,3,0.5908496732026144,0.6071428571428571,0.6470588235294118,0.44565217391304346,0.48586313130067466,0.10369657204401567,"[[4, 0, 3], [1, 1, 2], [0, 0, 6]]",0.798029748029748,0.7698329448329448,0.5714285714285714,0.9,0.25,1.0,1.0,0.5454545454545454
lr,P1,4,4,0.6203703703703703,0.6190476190476191,0.6470588235294118,0.45744680851063824,0.5449134776010242,0.2688335446076969,"[[6, 1, 0], [2, 2, 0], [1, 2, 3]]",0.7875679875679875,0.6878248735391592,0.8571428571428571,0.7,0.5,0.7692307692307693,0.5,1.0
svm_rbf,P1,4,4,0.6341880341880342,0.6468253968253969,0.7058823529411765,0.5355191256830601,0.4260384204603921,0.25487382783689555,"[[6, 0, 1], [2, 1, 1], [0, 1, 5]]",0.7884337884337884,0.7263837353123068,0.8571428571428571,0.8,0.25,0.9230769230769231,0.8333333333333334,0.8181818181818182
rf,P1,4,4,0.734920634920635,0.7301587301587302,0.7647058823529411,0.6324324324324324,0.4071760111390144,0.17145160022468528,"[[6, 0, 1], [2, 2, 0], [0, 1, 5]]",0.8732323232323232,0.7968374218374219,0.8571428571428571,0.8,0.5,0.9230769230769231,0.8333333333333334,0.9090909090909091
lr,P2,0,0,0.5185185185185185,0.5166666666666666,0.5555555555555556,0.2941176470588235,0.5837987839145699,0.27021431616395775,"[[6, 2, 0], [3, 1, 1], [1, 1, 3]]",0.6878205128205127,0.5758163078751314,0.75,0.6,0.2,0.7692307692307693,0.6,0.9230769230769231
svm_rbf,P2,0,0,0.47575757575757577,0.5583333333333333,0.6111111111111112,0.36363636363636365,0.5469070212014189,0.09482792989019036,"[[7, 0, 1], [4, 0, 1], [1, 0, 4]]",0.7400641025641025,0.7371940559440558,0.875,0.5,0.0,1.0,0.8,0.8461538461538461
rf,P2,0,0,0.5363636363636363,0.625,0.6666666666666666,0.4545454545454546,0.5625853162180051,0.24012311237833614,"[[7, 0, 1], [5, 0, 0], [0, 0, 5]]",0.7916666666666666,0.7169940476190476,0.875,0.5,0.0,1.0,1.0,0.9230769230769231
lr,P2,0,1,0.3957264957264957,0.3682539682539682,0.3888888888888889,0.08333333333333337,0.6309176985158359,0.19304836045258494,"[[4, 3, 0], [4, 1, 0], [0, 4, 2]]",0.6504088504088504,0.6162660487660488,0.5714285714285714,0.6363636363636364,0.2,0.46153846153846156,0.3333333333333333,1.0
svm_rbf,P2,0,1,0.611111111111111,0.6222222222222222,0.6666666666666666,0.47058823529411764,0.602040719968763,0.292532312666749,"[[7, 0, 0], [4, 1, 0], [2, 0, 4]]",0.690873015873016,0.6263256584685156,1.0,0.45454545454545453,0.2,1.0,0.6666666666666666,1.0
rf,P2,0,1,0.4883040935672514,0.5634920634920635,0.6111111111111112,0.3823529411764707,0.5998680067209459,0.2922017440924167,"[[6, 0, 1], [5, 0, 0], [1, 0, 5]]",0.6764531764531765,0.5698557394985966,0.8571428571428571,0.45454545454545453,0.0,1.0,0.8333333333333334,0.9166666666666666
lr,P2,0,2,0.4583333333333333,0.4619047619047619,0.4444444444444444,0.17431192660550454,0.7398879245265272,0.24450496410721717,"[[2, 0, 5], [0, 3, 2], [1, 2, 3]]",0.583986383986384,0.5016758319489413,0.2857142857142857,0.9090909090909091,0.6,0.8461538461538461,0.5,0.4166666666666667
svm_rbf,P2,0,2,0.2309941520467836,0.3253968253968254,0.3333333333333333,-0.02369668246445511,0.7148098427778843,0.267131588190606,"[[1, 0, 6], [3, 0, 2], [1, 0, 5]]",0.5868196618196618,0.5206238773675748,0.14285714285714285,0.6363636363636364,0.0,1.0,0.8333333333333334,0.3333333333333333
rf,P2,0,2,0.28774928774928776,0.373015873015873,0.3888888888888889,0.05714285714285727,0.705503510543213,0.300616673209092,"[[2, 0, 5], [3, 0, 2], [1, 0, 5]]",0.5653725903725902,0.5462149001014548,0.2857142857142857,0.6363636363636364,0.0,1.0,0.8333333333333334,0.4166666666666667
lr,P2,0,3,0.3904761904761905,0.40079365079365076,0.4117647058823529,0.1326530612244896,0.6753376385069094,0.08445572155931397,"[[2, 3, 2], [1, 1, 2], [0, 2, 4]]",0.5783438783438783,0.5062815860609978,0.2857142857142857,0.9,0.25,0.6153846153846154,0.6666666666666666,0.6363636363636364
svm_rbf,P2,0,3,0.45751633986928103,0.5079365079365079,0.5882352941176471,0.33519553072625696,0.5917493917799518,0.19969860384551905,"[[6, 1, 0], [2, 0, 2], [2, 0, 4]]",0.6611055611055611,0.5258151240294098,0.8571428571428571,0.6,0.0,0.9230769230769231,0.6666666666666666,0.8181818181818182
rf,P2,0,3,0.4134615384615385,0.4603174603174603,0.5294117647058824,0.24444444444444424,0.6066573052987674,0.32668142123308136,"[[5, 1, 1], [2, 0, 2], [2, 0, 4]]",0.6595626595626596,0.5577335732272707,0.7142857142857143,0.6,0.0,0.9230769230769231,0.6666666666666666,0.7272727272727273
lr,P2,0,4,0.23737373737373738,0.24206349206349206,0.23529411764705882,-0.11055276381909529,0.7211299122101876,0.2199214632216655,"[[1, 3, 3], [3, 1, 0], [0, 4, 2]]",0.5310911310911312,0.4229799158720728,0.14285714285714285,0.7,0.25,0.46153846153846156,0.3333333333333333,0.7272727272727273
svm_rbf,P2,0,4,0.49401709401709404,0.49603174603174605,0.5294117647058824,0.25683060109289624,0.635130653786922,0.2461527047239504,"[[4, 0, 3], [3, 1, 0], [1, 1, 4]]",0.6327949827949828,0.5404051014345131,0.5714285714285714,0.6,0.25,0.9230769230769231,0.6666666666666666,0.7272727272727273
rf,P2,0,4,0.367003367003367,0.4047619047619048,0.47058823529411764,0.1404494382022472,0.6089204195396034,0.1934820771775148,"[[5, 0, 2], [4, 0, 0], [2, 1, 3]]",0.6871961371961373,0.5808174668468786,0.7142857142857143,0.4,0.0,0.9230769230769231,0.5,0.8181818181818182
lr,P2,1,0,0.5370370370370371,0.5416666666666666,0.5555555555555556,0.3239436619718309,0.6237519980881913,0.11829855290406845,"[[5, 1, 2], [1, 2, 2], [1, 1, 3]]",0.6506410256410257,0.5593103165897283,0.625,0.8,0.4,0.8461538461538461,0.6,0.6923076923076923
svm_rbf,P2,1,0,0.43274853801169594,0.5166666666666667,0.5555555555555556,0.28358208955223874,0.5642289231173369,0.1410560650967456,"[[6, 0, 2], [4, 0, 1], [1, 0, 4]]",0.7266025641025641,0.6196879509379509,0.75,0.5,0.0,1.0,0.8,0.7692307692307693
rf,P2,1,0,0.47575757575757577,0.5583333333333333,0.6111111111111112,0.36363636363636365,0.5520303941346851,0.15419309833350625,"[[7, 0, 1], [4, 0, 1], [1, 0, 4]]",0.7887820512820513,0.6499869316413434,0.875,0.5,0.0,1.0,0.8,0.8461538461538461
lr,P2,1,1,0.43703703703703706,0.43492063492063493,0.4444444444444444,0.16279069767441878,0.6529771388472114,0.19119403336200824,"[[4, 2, 1], [3, 2, 0], [1, 3, 2]]",0.6413077663077663,0.4677940484663174,0.5714285714285714,0.6363636363636364,0.4,0.6153846153846154,0.3333333333333333,0.9166666666666666
svm_rbf,P2,1,1,0.4222222222222222,0.5,0.5555555555555556,0.28712871287128705,0.646968802157643,0.3188999682717859,"[[7, 0, 0], [4, 0, 1], [3, 0, 3]]",0.6293650793650793,0.5515105031911754,1.0,0.36363636363636365,0.0,1.0,0.5,0.9166666666666666
rf,P2,1,1,0.3904761904761904,0.4523809523809524,0.5,0.19801980198019797,0.623694360282771,0.35404962075249,"[[6, 0, 1], [5, 0, 0], [3, 0, 3]]",0.6441484441484442,0.4836668000533546,0.8571428571428571,0.2727272727272727,0.0,1.0,0.5,0.9166666666666666
lr,P2,1,2,0.3861693861693862,0.38730158730158726,0.3888888888888889,0.08333333333333337,0.6585958555178802,0.15912225931774224,"[[3, 1, 3], [2, 2, 1], [1, 3, 2]]",0.6202565952565952,0.5599978543605993,0.42857142857142855,0.7272727272727273,0.4,0.6923076923076923,0.3333333333333333,0.6666666666666666
svm_rbf,P2,1,2,0.301994301994302,0.35714285714285715,0.3888888888888889,0.034146341463414664,0.6168599972397968,0.25241996298643965,"[[4, 0, 3], [4, 0, 1], [3, 0, 3]]",0.697116772116772,0.6014380499674618,0.5714285714285714,0.36363636363636365,0.0,1.0,0.5,0.6666666666666666
rf,P2,1,2,0.3473389355742296,0.41269841269841273,0.4444444444444444,0.12621359223300976,0.6416653012894566,0.1186808490523868,"[[4, 0, 3], [4, 0, 1], [2, 0, 4]]",0.6332436082436081,0.5544492544492544,0.5714285714285714,0.45454545454545453,0.0,1.0,0.6666666666666666,0.6666666666666666
lr,P2,1,3,0.44047619047619047,0.44047619047619047,0.47058823529411764,0.18617021276595747,0.6624084673293875,0.19792463475144262,"[[4, 1, 2], [2, 1, 1], [1, 2, 3]]",0.5525530025530025,0.45615079365079364,0.5714285714285714,0.7,0.25,0.7692307692307693,0.5,0.7272727272727273
svm_rbf,P2,1,3,0.42857142857142855,0.4682539682539682,0.5294117647058824,0.26086956521739135,0.6475876703770298,0.18246098485846415,"[[4, 1, 2], [3, 0, 1], [0, 1, 5]]",0.5679098679098679,0.455730979260391,0.5714285714285714,0.7,0.0,0.8461538461538461,0.8333333333333334,0.7272727272727273
rf,P2,1,3,0.4134615384615385,0.4603174603174603,0.5294117647058824,0.24444444444444424,0.6253906003238385,0.20864219684682064,"[[5, 0, 2], [3, 0, 1], [1, 1, 4]]",0.6211566211566212,0.5269680094259926,0.7142857142857143,0.6,0.0,0.9230769230769231,0.6666666666666666,0.7272727272727273
lr,P2,1,4,0.4296296296296296,0.45634920634920634,0.47058823529411764,0.21134020618556704,0.5707027899137996,0.13120459029737946,"[[2, 3, 2], [1, 1, 2], [0, 1, 5]]",0.7673659673659673,0.6895293419102942,0.2857142857142857,0.9,0.25,0.6923076923076923,0.8333333333333334,0.6363636363636364
svm_rbf,P2,1,4,0.48888888888888893,0.5634920634920635,0.6470588235294118,0.4301675977653632,0.5253857125248286,0.14465918249820664,"[[6, 0, 1], [1, 0, 3], [1, 0, 5]]",0.7587301587301587,0.710990860990861,0.8571428571428571,0.8,0.0,1.0,0.8333333333333334,0.6363636363636364
rf,P2,1,4,0.48888888888888893,0.5634920634920635,0.6470588235294118,0.4301675977653632,0.5816660185713947,0.20568303472437627,"[[6, 0, 1], [1, 0, 3], [1, 0, 5]]",0.7154012654012654,0.6219106329400447,0.8571428571428571,0.8,0.0,1.0,0.8333333333333334,0.6363636363636364
lr,P2,2,0,0.38539238539238535,0.4166666666666667,0.3888888888888889,0.09589041095890416,0.721903500796231,0.19345294781394134,"[[2, 5, 1], [2, 1, 2], [1, 0, 4]]",0.5118589743589743,0.40991210178710186,0.25,0.7,0.2,0.6153846153846154,0.8,0.7692307692307693
svm_rbf,P2,2,0,0.48803827751196166,0.5583333333333333,0.6111111111111112,0.3731343283582089,0.6806075178565899,0.3571137312467026,"[[7, 1, 0], [3, 0, 2], [1, 0, 4]]",0.5442307692307692,0.4578815397565397,0.875,0.6,0.0,0.9230769230769231,0.8,0.8461538461538461
rf,P2,2,0,0.4603174603174603,0.5416666666666666,0.5555555555555556,0.3239436619718309,0.6472907048667379,0.23812797334543762,"[[5, 2, 1], [2, 0, 3], [0, 0, 5]]",0.5855769230769231,0.4723899711399711,0.625,0.8,0.0,0.8461538461538461,1.0,0.6923076923076923
lr,P2,2,1,0.4481481481481482,0.44285714285714284,0.4444444444444444,0.15094339622641517,0.7052783516299109,0.4160231538488489,"[[3, 1, 3], [3, 2, 0], [2, 1, 3]]",0.6240546490546491,0.523851919685253,0.42857142857142855,0.5454545454545454,0.4,0.8461538461538461,0.5,0.75
svm_rbf,P2,2,1,0.4259259259259259,0.4238095238095238,0.4444444444444444,0.12621359223300954,0.6724652260411721,0.1620670421827323,"[[4, 0, 3], [4, 1, 0], [3, 0, 3]]",0.6173983423983423,0.5566267853942923,0.5714285714285714,0.36363636363636365,0.2,1.0,0.5,0.75
rf,P2,2,1,0.39766081871345027,0.4603174603174603,0.5,0.20588235294117652,0.6769734330114843,0.17911961788841388,"[[5, 0, 2], [5, 0, 0], [2, 0, 4]]",0.5862961112961113,0.47837502004168675,0.7142857142857143,0.36363636363636365,0.0,1.0,0.6666666666666666,0.8333333333333334
lr,P2,2,2,0.4323232323232323,0.43492063492063493,0.4444444444444444,0.15492957746478864,0.6404769606765783,0.31912805183981857,"[[4, 1, 2], [2, 2, 1], [2, 2, 2]]",0.598010323010323,0.5254384582115674,0.5714285714285714,0.6363636363636364,0.4,0.7692307692307693,0.3333333333333333,0.75
svm_rbf,P2,2,2,0.3148148148148148,0.35714285714285715,0.3888888888888889,0.03883495145631055,0.6140741347761262,0.35169968992636347,"[[4, 1, 2], [4, 0, 1], [3, 0, 3]]",0.6527592777592778,0.5500335775335775,0.5714285714285714,0.36363636363636365,0.0,0.9230769230769231,0.5,0.75
rf,P2,2,2,0.40740740740740744,0.4603174603174603,0.5,0.21359223300970864,0.6054215652605013,0.09118006526159775,"[[5, 1, 1], [4, 0, 1], [2, 0, 4]]",0.6800708550708551,0.568442932728647,0.7142857142857143,0.45454545454545453,0.0,0.9230769230769231,0.6666666666666666,0.8333333333333334
lr,P2,2,3,0.5333333333333333,0.5595238095238095,0.5294117647058824,0.32000000000000006,0.5730453225605244,0.14647369824136156,"[[3, 2, 2], [0, 3, 1], [0, 3, 3]]",0.7720168720168719,0.6322525138001328,0.42857142857142855,1.0,0.75,0.6153846153846154,0.5,0.7272727272727273
svm_rbf,P2,2,3,0.546031746031746,0.5436507936507936,0.5882352941176471,0.3425414364640883,0.5276493725844933,0.20565432488172286,"[[5, 0, 2], [1, 1, 2], [2, 0, 4]]",0.7954101454101453,0.6663920955587622,0.7142857142857143,0.7,0.25,1.0,0.6666666666666666,0.6363636363636364
rf,P2,2,3,0.35555555555555557,0.41269841269841273,0.47058823529411764,0.14525139664804487,0.5980263773687275,0.3022925860888878,"[[4, 0, 3], [2, 0, 2], [2, 0, 4]]",0.6638805638805639,0.5073099558393676,0.5714285714285714,0.6,0.0,1.0,0.6666666666666666,0.5454545454545454
lr,P2,2,4,0.2775372775372775,0.28174603174603174,0.29411764705882354,-0.05154639175257736,0.6485200058097244,0.14763508422352795,"[[3, 2, 2], [3, 1, 0], [1, 4, 1]]",0.6324286824286824,0.5013668430335098,0.42857142857142855,0.6,0.25,0.5384615384615384,0.16666666666666666,0.8181818181818182
svm_rbf,P2,2,4,0.4134615384615385,0.4603174603174603,0.5294117647058824,0.24444444444444424,0.6790654515261682,0.2335573732020937,"[[5, 0, 2], [3, 0, 1], [1, 1, 4]]",0.5013708513708514,0.3877611443437774,0.7142857142857143,0.6,0.0,0.9230769230769231,0.6666666666666666,0.7272727272727273
rf,P2,2,4,0.4134615384615385,0.4603174603174603,0.5294117647058824,0.24444444444444424,0.6088011202225324,0.21017117379378786,"[[5, 0, 2], [3, 0, 1], [1, 1, 4]]",0.6466921966921967,0.47918556311413446,0.7142857142857143,0.6,0.0,0.9230769230769231,0.6666666666666666,0.7272727272727273
lr,P2,3,0,0.43703703703703706,0.43333333333333335,0.4444444444444444,0.15492957746478864,0.6363147776222607,0.0913877809605346,"[[4, 3, 1], [2, 2, 1], [1, 2, 2]]",0.6342948717948718,0.5136538461538461,0.5,0.7,0.4,0.6153846153846154,0.4,0.8461538461538461
svm_rbf,P2,3,0,0.49927849927849927,0.5166666666666666,0.5555555555555556,0.2941176470588235,0.596081881404455,0.11129291849534104,"[[6, 0, 2], [3, 1, 1], [1, 1, 3]]",0.6766025641025641,0.5506974017268135,0.75,0.6,0.2,0.9230769230769231,0.6,0.7692307692307693
rf,P2,3,0,0.4222222222222222,0.4916666666666667,0.5555555555555556,0.2615384615384616,0.6034890490290044,0.13295430299490232,"[[7, 0, 1], [4, 0, 1], [2, 0, 3]]",0.6916666666666668,0.5681768925518925,0.875,0.4,0.0,1.0,0.6,0.8461538461538461
lr,P2,3,1,0.4574175824175824,0.4936507936507937,0.5,0.24651162790697667,0.6465639446607502,0.12934573861653537,"[[5, 2, 0], [2, 3, 0], [2, 3, 1]]",0.6541292041292042,0.5876455026455026,0.7142857142857143,0.6363636363636364,0.6,0.6153846153846154,0.16666666666666666,1.0
svm_rbf,P2,3,1,0.35555555555555557,0.4444444444444444,0.5,0.19801980198019797,0.5341978544919859,0.15856660175160547,"[[7, 0, 0], [3, 0, 2], [4, 0, 2]]",0.831892181892182,0.7813085063085062,1.0,0.36363636363636365,0.0,1.0,0.3333333333333333,0.8333333333333334
rf,P2,3,1,0.4343434343434343,0.5,0.5555555555555556,0.28358208955223885,0.5826295192459726,0.13587368363852564,"[[7, 0, 0], [5, 0, 0], [3, 0, 3]]",0.7668239168239168,0.6624720914006628,1.0,0.2727272727272727,0.0,1.0,0.5,1.0
lr,P2,3,2,0.47676767676767673,0.5063492063492063,0.5,0.26027397260273977,0.6279396726994716,0.10819202968478597,"[[2, 3, 2], [1, 2, 2], [0, 1, 5]]",0.6779035779035779,0.5844437303540945,0.2857142857142857,0.9090909090909091,0.4,0.6923076923076923,0.8333333333333334,0.6666666666666666
svm_rbf,P2,3,2,0.47338935574229696,0.5634920634920635,0.6111111111111112,0.38834951456310685,0.6182343434144946,0.14354774042685578,"[[6, 0, 1], [3, 0, 2], [1, 0, 5]]",0.6524281274281275,0.5016773433019932,0.8571428571428571,0.6363636363636364,0.0,1.0,0.8333333333333334,0.75
rf,P2,3,2,0.47338935574229696,0.5634920634920635,0.6111111111111112,0.38834951456310685,0.6330453024162939,0.3400837049759311,"[[6, 0, 1], [3, 0, 2], [1, 0, 5]]",0.6296832796832796,0.5070729529833171,0.8571428571428571,0.6363636363636364,0.0,1.0,0.8333333333333334,0.75
lr,P2,3,3,0.298989898989899,0.30158730158730157,0.35294117647058826,0.0,0.6986855257237138,0.23436632431187332,"[[4, 0, 3], [4, 0, 0], [0, 4, 2]]",0.5629592629592629,0.42299351882685216,0.5714285714285714,0.6,0.0,0.6923076923076923,0.3333333333333333,0.7272727272727273
svm_rbf,P2,3,3,0.3717948717948718,0.41269841269841273,0.47058823529411764,0.1499999999999998,0.6151820036188193,0.34447874679008716,"[[4, 0, 3], [4, 0, 0], [1, 1, 4]]",0.6304695304695305,0.5633872119166237,0.5714285714285714,0.5,0.0,0.9230769230769231,0.6666666666666666,0.7272727272727273
rf,P2,3,3,0.3619909502262444,0.41269841269841273,0.47058823529411764,0.13559322033898302,0.6347198464324032,0.07234963843722471,"[[4, 0, 3], [4, 0, 0], [2, 0, 4]]",0.5915084915084915,0.5402817679778464,0.5714285714285714,0.4,0.0,1.0,0.6666666666666666,0.7272727272727273
lr,P2,3,4,0.5204425204425204,0.5317460317460317,0.5294117647058824,0.2953367875647668,0.5798285239394229,0.14647387787497437,"[[3, 1, 3], [1, 2, 1], [0, 2, 4]]",0.7595682095682096,0.7623660290326958,0.42857142857142855,0.9,0.5,0.7692307692307693,0.6666666666666666,0.6363636363636364
svm_rbf,P2,3,4,0.546031746031746,0.5515873015873015,0.5882352941176471,0.34615384615384626,0.5993136028129942,0.15558146585239127,"[[4, 0, 3], [2, 1, 1], [1, 0, 5]]",0.6128871128871128,0.5456079233040018,0.5714285714285714,0.7,0.25,1.0,0.8333333333333334,0.6363636363636364
rf,P2,3,4,0.39999999999999997,0.4682539682539682,0.5294117647058824,0.24022346368715097,0.5839768587111124,0.12423682546101646,"[[4, 0, 3], [3, 0, 1], [1, 0, 5]]",0.7290598290598291,0.6864197530864198,0.5714285714285714,0.6,0.0,1.0,0.8333333333333334,0.6363636363636364
lr,P2,4,0,0.3247863247863248,0.3833333333333333,0.4444444444444444,0.11764705882352933,0.6205844300207547,0.08662220950035683,"[[6, 2, 0], [3, 2, 0], [1, 4, 0]]",0.5955128205128205,0.5442031348281349,0.75,0.6,0.4,0.5384615384615384,0.0,1.0
svm_rbf,P2,4,0,0.39057239057239057,0.4666666666666666,0.5555555555555556,0.25,0.6068938476288045,0.08194703635345105,"[[8, 0, 0], [3, 0, 2], [3, 0, 2]]",0.596474358974359,0.5443406593406593,1.0,0.4,0.0,1.0,0.4,0.8461538461538461
rf,P2,4,0,0.37719298245614036,0.45,0.5,0.19402985074626866,0.6139497497451598,0.07106905863064839,"[[6, 0, 2], [3, 0, 2], [2, 0, 3]]",0.5878205128205128,0.5675671985966103,0.75,0.5,0.0,1.0,0.6,0.6923076923076923
lr,P2,4,1,0.49728049728049734,0.4984126984126984,0.5,0.25,0.6258389400638795,0.21687429685788046,"[[3, 3, 1], [2, 2, 1], [1, 1, 4]]",0.6643606393606394,0.5824173391190198,0.42857142857142855,0.7272727272727273,0.4,0.6923076923076923,0.6666666666666666,0.8333333333333334
svm_rbf,P2,4,1,0.4341736694677871,0.5158730158730159,0.5555555555555556,0.30097087378640774,0.6280855715518293,0.13641607283371596,"[[5, 0, 2], [4, 0, 1], [1, 0, 5]]",0.6211029711029711,0.5315930801224918,0.7142857142857143,0.5454545454545454,0.0,1.0,0.8333333333333334,0.75
rf,P2,4,1,0.47863247863247865,0.5634920634920635,0.6111111111111112,0.3853658536585366,0.6174187570190979,0.18186910263033565,"[[6, 0, 1], [4, 0, 1], [1, 0, 5]]",0.6243321493321493,0.511937590109859,0.8571428571428571,0.5454545454545454,0.0,1.0,0.8333333333333334,0.8333333333333334
lr,P2,4,2,0.28034188034188035,0.31746031746031744,0.3333333333333333,-0.014084507042253502,0.7594250340237497,0.3563826049291628,"[[2, 2, 3], [3, 0, 2], [1, 1, 4]]",0.48928108928108927,0.36566604419545595,0.2857142857142857,0.6363636363636364,0.0,0.7692307692307693,0.6666666666666666,0.5833333333333334
svm_rbf,P2,4,2,0.3473389355742296,0.41269841269841273,0.4444444444444444,0.12621359223300976,0.7100977384199632,0.26682104461405276,"[[4, 0, 3], [4, 0, 1], [2, 0, 4]]",0.549925074925075,0.4046519348480133,0.5714285714285714,0.45454545454545453,0.0,1.0,0.6666666666666666,0.6666666666666666
rf,P2,4,2,0.4341736694677871,0.5158730158730159,0.5555555555555556,0.30097087378640774,0.6723471586830099,0.3128004435063286,"[[5, 0, 2], [4, 0, 1], [1, 0, 5]]",0.6057738557738559,0.4586430868643754,0.7142857142857143,0.5454545454545454,0.0,1.0,0.8333333333333334,0.75
lr,P2,4,3,0.425,0.45634920634920634,0.47058823529411764,0.203125,0.5616872664505259,0.24431646093300807,"[[2, 2, 3], [1, 1, 2], [0, 1, 5]]",0.7718392718392719,0.6803786160929018,0.2857142857142857,0.9,0.25,0.7692307692307693,0.8333333333333334,0.5454545454545454
svm_rbf,P2,4,3,0.35714285714285715,0.41269841269841273,0.47058823529411764,0.15000000000000002,0.5497677101308508,0.17084673017836902,"[[4, 0, 3], [1, 0, 3], [2, 0, 4]]",0.7453046953046952,0.6377314814814815,0.5714285714285714,0.7,0.0,1.0,0.6666666666666666,0.45454545454545453
rf,P2,4,3,0.440422322775264,0.5238095238095238,0.5882352941176471,0.3425414364640884,0.5710683316707397,0.1295951195755832,"[[4, 0, 3], [2, 0, 2], [0, 0, 6]]",0.7525807525807524,0.6683258099924766,0.5714285714285714,0.8,0.0,1.0,1.0,0.5454545454545454
lr,P2,4,4,0.41111111111111115,0.42063492063492064,0.4117647058823529,0.14141414141414155,0.6071402736482464,0.18662345054036875,"[[3, 3, 1], [1, 2, 1], [1, 3, 2]]",0.7068431568431569,0.6244829244829244,0.42857142857142855,0.8,0.5,0.5384615384615384,0.3333333333333333,0.8181818181818182
svm_rbf,P2,4,4,0.5591036414565825,0.5634920634920635,0.5882352941176471,0.3497267759562841,0.5478697052695279,0.13364011713750587,"[[6, 0, 1], [1, 2, 1], [3, 1, 2]]",0.7574481074481074,0.6525958868395842,0.8571428571428571,0.6,0.5,0.9230769230769231,0.3333333333333333,0.8181818181818182
rf,P2,4,4,0.3923444976076555,0.4523809523809524,0.5294117647058824,0.22285714285714275,0.5899763032404568,0.2745993372033121,"[[6, 0, 1], [3, 0, 1], [3, 0, 3]]",0.7440503940503941,0.647089947089947,0.8571428571428571,0.4,0.0,1.0,0.5,0.8181818181818182
lr,P3,0,0,0.16666666666666666,0.15,0.16666666666666666,-0.2857142857142856,1.2768792789235819,0.6887286250932858,"[[2, 4, 2], [5, 0, 0], [1, 3, 1]]",0.4708333333333334,0.3880477392977393,0.25,0.4,0.0,0.46153846153846156,0.2,0.8461538461538461
svm_rbf,P3,0,0,0.35725677830940983,0.4083333333333334,0.4444444444444444,0.10447761194029848,0.8411278621702877,0.416342654553986,"[[5, 1, 2], [4, 0, 1], [2, 0, 3]]",0.6583333333333333,0.560245261274673,0.625,0.4,0.0,0.9230769230769231,0.6,0.7692307692307693
rf,P3,0,0,0.5515334338863751,0.5833333333333334,0.6111111111111112,0.3913043478260869,0.5876648453380429,0.2190610688541923,"[[6, 0, 2], [2, 1, 2], [1, 0, 4]]",0.6814102564102563,0.544887725292137,0.75,0.7,0.2,1.0,0.8,0.6923076923076923
lr,P3,0,1,0.48148148148148145,0.5555555555555555,0.6111111111111112,0.38834951456310673,0.650798217629294,0.38624505197646697,"[[7, 0, 0], [3, 0, 2], [1, 1, 4]]",0.6541689791689792,0.5334446505875077,1.0,0.6363636363636364,0.0,0.9230769230769231,0.6666666666666666,0.8333333333333334
svm_rbf,P3,0,1,0.48148148148148145,0.5555555555555555,0.6111111111111112,0.38834951456310673,0.6128410559835068,0.26022027749811444,"[[7, 0, 0], [3, 0, 2], [1, 1, 4]]",0.711916786916787,0.6088315823609941,1.0,0.6363636363636364,0.0,0.9230769230769231,0.6666666666666666,0.8333333333333334
rf,P3,0,1,0.45989304812834225,0.4682539682539682,0.5,0.22488038277511957,0.5876254287369718,0.1575989353789251,"[[4, 3, 0], [5, 0, 0], [1, 0, 5]]",0.6670283420283422,0.629020979020979,0.5714285714285714,0.45454545454545453,0.0,0.7692307692307693,0.8333333333333334,1.0
lr,P3,0,2,0.4158730158730159,0.4396825396825397,0.4444444444444444,0.16666666666666663,0.7581282990566116,0.39920813924125675,"[[2, 3, 2], [3, 1, 1], [0, 1, 5]]",0.7244033744033743,0.644055300441855,0.2857142857142857,0.7272727272727273,0.2,0.6923076923076923,0.8333333333333334,0.75
svm_rbf,P3,0,2,0.5231729055258467,0.5619047619047619,0.5555555555555556,0.3302325581395348,0.6265477934509867,0.30362715916040484,"[[2, 1, 4], [2, 2, 1], [0, 0, 6]]",0.7931041181041181,0.7130414558985988,0.2857142857142857,0.8181818181818182,0.4,0.9230769230769231,1.0,0.5833333333333334
rf,P3,0,2,0.5515873015873015,0.5904761904761905,0.6111111111111112,0.4,0.5248013704156951,0.11420184899102837,"[[4, 0, 3], [3, 1, 1], [0, 0, 6]]",0.7761211011211011,0.7819510026232716,0.5714285714285714,0.7272727272727273,0.2,1.0,1.0,0.6666666666666666
lr,P3,0,3,0.5252525252525252,0.5317460317460317,0.5294117647058824,0.30964467005076146,0.7202720267903607,0.4098586634368765,"[[3, 3, 1], [1, 2, 1], [0, 2, 4]]",0.6710789210789211,0.6185316006744578,0.42857142857142855,0.9,0.5,0.6153846153846154,0.6666666666666666,0.8181818181818182
svm_rbf,P3,0,3,0.6746031746031745,0.6904761904761904,0.7058823529411765,0.5526315789473684,0.42780169417060493,0.25245143505003087,"[[4, 2, 1], [1, 2, 1], [0, 0, 6]]",0.7780386280386281,0.711813058556756,0.5714285714285714,0.9,0.5,0.8461538461538461,1.0,0.8181818181818182
rf,P3,0,3,0.7936507936507936,0.7857142857142857,0.8235294117647058,0.7228260869565217,0.437776304694699,0.3979722734762665,"[[6, 0, 1], [1, 2, 1], [0, 0, 6]]",0.8003829503829504,0.7408380018674136,0.8571428571428571,0.9,0.5,1.0,1.0,0.8181818181818182
lr,P3,0,4,0.3333333333333333,0.34920634920634924,0.4117647058823529,0.08108108108108114,0.7478285480860112,0.2882794693306991,"[[5, 1, 1], [1, 0, 3], [2, 2, 2]]",0.5749195249195249,0.4806500377928949,0.7142857142857143,0.7,0.0,0.7692307692307693,0.3333333333333333,0.6363636363636364
svm_rbf,P3,0,4,0.2878787878787879,0.30158730158730157,0.35294117647058826,-0.016304347826086918,0.8831392618520808,0.4779467855602858,"[[4, 1, 2], [3, 0, 1], [2, 2, 2]]",0.6075480075480075,0.509434374630453,0.5714285714285714,0.5,0.0,0.7692307692307693,0.3333333333333333,0.7272727272727273
rf,P3,0,4,0.5714285714285715,0.5714285714285715,0.5882352941176471,0.3670212765957447,0.5916244651593329,0.1351080647650631,"[[5, 0, 2], [1, 2, 1], [1, 2, 3]]",0.658935508935509,0.5461968586968587,0.7142857142857143,0.8,0.5,0.8461538461538461,0.5,0.7272727272727273
lr,P3,1,0,0.7527657527657529,0.7583333333333333,0.7777777777777778,0.6470588235294117,0.3763880883952759,0.21434811031408518,"[[7, 0, 1], [3, 2, 0], [0, 0, 5]]",0.9041666666666667,0.8608122895622895,0.875,0.7,0.4,1.0,1.0,0.9230769230769231
svm_rbf,P3,1,0,0.7111111111111111,0.7333333333333334,0.7777777777777778,0.6363636363636364,0.34194485877970443,0.19458716875335447,"[[8, 0, 0], [4, 1, 0], [0, 0, 5]]",0.9567307692307692,0.9328869047619047,1.0,0.6,0.2,1.0,1.0,1.0
rf,P3,1,0,0.7111111111111111,0.7333333333333334,0.7777777777777778,0.6363636363636364,0.4108613642215881,0.28462236266889673,"[[8, 0, 0], [4, 1, 0], [0, 0, 5]]",0.9051282051282051,0.8379572510822509,1.0,0.6,0.2,1.0,1.0,1.0
lr,P3,1,1,0.37051282051282053,0.3761904761904762,0.3888888888888889,0.06161137440758291,1.0768929579165354,0.5261986817887216,"[[3, 2, 2], [2, 1, 2], [3, 0, 3]]",0.5417027417027417,0.4106184864518198,0.42857142857142855,0.5454545454545454,0.2,0.8461538461538461,0.5,0.6666666666666666
svm_rbf,P3,1,1,0.4157509157509158,0.4238095238095238,0.4444444444444444,0.13875598086124397,0.9131771872498793,0.41119659863088975,"[[4, 1, 2], [2, 1, 2], [3, 0, 3]]",0.5864635364635364,0.5075906975066639,0.5714285714285714,0.5454545454545454,0.2,0.9230769230769231,0.5,0.6666666666666666
rf,P3,1,1,0.5587301587301587,0.546031746031746,0.5555555555555556,0.3142857142857144,0.5843305706615429,0.2275813017371559,"[[4, 0, 3], [2, 2, 1], [2, 0, 4]]",0.6972592222592223,0.6422918258212377,0.5714285714285714,0.6363636363636364,0.4,1.0,0.6666666666666666,0.6666666666666666
lr,P3,1,2,0.414957264957265,0.4238095238095238,0.4444444444444444,0.14691943127962082,0.8024194419596229,0.40313098654662355,"[[4, 0, 3], [3, 1, 1], [1, 2, 3]]",0.6471324971324971,0.5762883319606008,0.5714285714285714,0.6363636363636364,0.2,0.8461538461538461,0.5,0.6666666666666666
svm_rbf,P3,1,2,0.5925925925925926,0.5936507936507937,0.6111111111111112,0.4056603773584906,0.6561973819398174,0.3877870702646605,"[[5, 1, 1], [2, 2, 1], [1, 1, 4]]",0.6964600214600214,0.55716611819553,0.7142857142857143,0.7272727272727273,0.4,0.8461538461538461,0.6666666666666666,0.8333333333333334
rf,P3,1,2,0.6111111111111112,0.6301587301587301,0.6666666666666666,0.4757281553398057,0.5297262561575883,0.16114732486854413,"[[6, 0, 1], [4, 1, 0], [1, 0, 5]]",0.7423530173530173,0.6951616808339498,0.8571428571428571,0.5454545454545454,0.2,1.0,0.8333333333333334,0.9166666666666666
lr,P3,1,3,0.49603174603174605,0.49603174603174605,0.5294117647058824,0.276595744680851,0.7165050892446552,0.3023994159052209,"[[4, 2, 1], [2, 1, 1], [1, 1, 4]]",0.6396048396048396,0.5649148548308212,0.5714285714285714,0.7,0.25,0.7692307692307693,0.6666666666666666,0.8181818181818182
svm_rbf,P3,1,3,0.6267806267806267,0.626984126984127,0.6470588235294118,0.46596858638743455,0.7312760738266688,0.38272613733128413,"[[5, 1, 1], [1, 2, 1], [0, 2, 4]]",0.6733266733266733,0.5981311897978564,0.7142857142857143,0.9,0.5,0.7692307692307693,0.6666666666666666,0.8181818181818182
rf,P3,1,3,0.5961538461538461,0.5912698412698413,0.6470588235294118,0.46031746031746035,0.5458297002441945,0.117553613157577,"[[6, 1, 0], [0, 1, 3], [0, 2, 4]]",0.7404650904650905,0.6645069255363373,0.8571428571428571,1.0,0.25,0.7692307692307693,0.6666666666666666,0.7272727272727273
lr,P3,1,4,0.49603174603174605,0.49603174603174605,0.5294117647058824,0.276595744680851,0.5687242876239801,0.31330660172042246,"[[4, 2, 1], [2, 1, 1], [1, 1, 4]]",0.7768620268620269,0.7053147469814136,0.5714285714285714,0.7,0.25,0.7692307692307693,0.6666666666666666,0.8181818181818182
svm_rbf,P3,1,4,0.6495726495726496,0.626984126984127,0.6470588235294118,0.4426229508196722,0.4835861077215308,0.3143171394950831,"[[5, 0, 2], [1, 2, 1], [2, 0, 4]]",0.845049395049395,0.8522102897102896,0.7142857142857143,0.7,0.5,1.0,0.6666666666666666,0.7272727272727273
rf,P3,1,4,0.47676767676767673,0.5119047619047619,0.5294117647058824,0.26486486486486494,0.46344585794890614,0.32434165435546175,"[[2, 0, 5], [2, 1, 1], [0, 0, 6]]",0.8549450549450549,0.7960626674912389,0.2857142857142857,0.8,0.25,1.0,1.0,0.45454545454545453
lr,P3,2,0,0.40740740740740744,0.4083333333333334,0.4444444444444444,0.11764705882352933,0.8360694885721563,0.4167442027518477,"[[5, 3, 0], [4, 0, 1], [1, 1, 3]]",0.5980769230769231,0.4970595145595145,0.625,0.5,0.0,0.6923076923076923,0.6,0.9230769230769231
svm_rbf,P3,2,0,0.5991493886230729,0.625,0.6666666666666666,0.4626865671641791,0.6149330371788624,0.2579942444500788,"[[7, 0, 1], [3, 1, 1], [1, 0, 4]]",0.6724358974358976,0.6151702668246786,0.875,0.6,0.2,1.0,0.8,0.8461538461538461
rf,P3,2,0,0.5919701213818861,0.625,0.6666666666666666,0.4782608695652174,0.5519124209138453,0.37195263163313097,"[[7, 0, 1], [2, 1, 2], [0, 1, 4]]",0.701602564102564,0.6261297498797499,0.875,0.8,0.2,0.9230769230769231,0.8,0.7692307692307693
lr,P3,2,1,0.4036195286195286,0.4158730158730159,0.4444444444444444,0.14691943127962082,0.924649064314977,0.38782238262635466,"[[5, 0, 2], [3, 1, 1], [1, 3, 2]]",0.5873580123580123,0.4669011544011544,0.7142857142857143,0.6363636363636364,0.2,0.7692307692307693,0.3333333333333333,0.75
svm_rbf,P3,2,1,0.3421052631578947,0.4047619047619048,0.4444444444444444,0.11764705882352944,0.8427489085464542,0.4121028685161968,"[[5, 0, 2], [4, 0, 1], [3, 0, 3]]",0.6473378473378474,0.5138029143281244,0.7142857142857143,0.36363636363636365,0.0,1.0,0.5,0.75
rf,P3,2,1,0.5111111111111111,0.5349206349206349,0.5555555555555556,0.3142857142857144,0.6230660138786462,0.2281887708420926,"[[4, 1, 2], [3, 1, 1], [1, 0, 5]]",0.6314546564546565,0.5285679659069015,0.5714285714285714,0.6363636363636364,0.2,0.9230769230769231,0.8333333333333334,0.75
lr,P3,2,2,0.5503663003663003,0.5904761904761905,0.6111111111111112,0.4056603773584906,0.5751918412866911,0.25827908616318385,"[[4, 1, 2], [2, 1, 2], [0, 0, 6]]",0.817044067044067,0.7387637362637361,0.5714285714285714,0.8181818181818182,0.2,0.9230769230769231,1.0,0.6666666666666666
svm_rbf,P3,2,2,0.6456043956043956,0.6571428571428571,0.6666666666666666,0.49056603773584906,0.4928323946200901,0.29809940383474326,"[[4, 0, 3], [2, 2, 1], [0, 0, 6]]",0.8671633921633921,0.8429497354497354,0.5714285714285714,0.8181818181818182,0.4,1.0,1.0,0.6666666666666666
rf,P3,2,2,0.5555555555555556,0.5904761904761905,0.6111111111111112,0.3971291866028708,0.49368384224379447,0.21395566068456737,"[[4, 0, 3], [4, 1, 0], [0, 0, 6]]",0.8371609871609872,0.8053619528619529,0.5714285714285714,0.6363636363636364,0.2,1.0,1.0,0.75
lr,P3,2,3,0.593006993006993,0.5793650793650794,0.5882352941176471,0.3897435897435898,0.6310644855611622,0.29186187432337635,"[[4, 3, 0], [2, 2, 0], [0, 2, 4]]",0.7675269175269176,0.6850840336134453,0.5714285714285714,0.8,0.5,0.6153846153846154,0.6666666666666666,1.0
svm_rbf,P3,2,3,0.6536130536130537,0.6626984126984127,0.6470588235294118,0.4769230769230769,0.5322934665332788,0.2767085575041082,"[[4, 3, 0], [1, 3, 0], [1, 1, 4]]",0.8314463314463314,0.7514739229024943,0.5714285714285714,0.8,0.75,0.6923076923076923,0.6666666666666666,1.0
rf,P3,2,3,0.6999405822935234,0.6746031746031745,0.7058823529411765,0.5303867403314917,0.47551143165657594,0.21151582728505625,"[[6, 0, 1], [2, 2, 0], [2, 0, 4]]",0.8506771006771007,0.7684291898577613,0.8571428571428571,0.6,0.5,1.0,0.6666666666666666,0.9090909090909091
lr,P3,2,4,0.4908424908424909,0.49603174603174605,0.5294117647058824,0.2727272727272727,0.6133129612320795,0.31652949344839765,"[[4, 1, 2], [1, 1, 2], [1, 1, 4]]",0.7601676101676101,0.6742921359167857,0.5714285714285714,0.8,0.25,0.8461538461538461,0.6666666666666666,0.6363636363636364
svm_rbf,P3,2,4,0.6349206349206349,0.6468253968253969,0.7058823529411765,0.5380434782608696,0.4557779277383331,0.19385259853430187,"[[6, 0, 1], [1, 1, 2], [0, 1, 5]]",0.8155344655344653,0.7695353257853257,0.8571428571428571,0.9,0.25,0.9230769230769231,0.8333333333333334,0.7272727272727273
rf,P3,2,4,0.4647435897435897,0.5158730158730159,0.5882352941176471,0.3497267759562842,0.5081313358648902,0.22167955024246253,"[[5, 0, 2], [1, 0, 3], [0, 1, 5]]",0.7866744366744367,0.741975059254471,0.7142857142857143,0.9,0.0,0.9230769230769231,0.8333333333333334,0.5454545454545454
lr,P3,3,0,0.38888888888888884,0.3916666666666666,0.3888888888888889,0.10810810810810811,0.8278906152099992,0.36947352952175233,"[[3, 4, 1], [1, 1, 3], [0, 2, 3]]",0.6375000000000001,0.5609181096681096,0.375,0.9,0.2,0.5384615384615384,0.6,0.6923076923076923
svm_rbf,P3,3,0,0.6388888888888888,0.65,0.6666666666666666,0.48571428571428565,0.5345007173633088,0.17713927530610238,"[[6, 1, 1], [1, 2, 2], [1, 0, 4]]",0.7762820512820513,0.6663049450549451,0.75,0.8,0.4,0.9230769230769231,0.8,0.7692307692307693
rf,P3,3,0,0.5086996336996337,0.5416666666666666,0.5555555555555556,0.3142857142857144,0.4929314520941133,0.15965675963246814,"[[5, 1, 2], [2, 1, 2], [1, 0, 4]]",0.8442307692307692,0.7516203703703704,0.625,0.7,0.2,0.9230769230769231,0.8,0.6923076923076923
lr,P3,3,1,0.7252525252525253,0.7158730158730159,0.7222222222222222,0.5774647887323943,0.42752933238369734,0.18597200439444467,"[[5, 2, 0], [2, 3, 0], [1, 0, 5]]",0.8593369593369594,0.8072736787022502,0.7142857142857143,0.7272727272727273,0.6,0.8461538461538461,0.8333333333333334,1.0
svm_rbf,P3,3,1,0.5888888888888889,0.5857142857142857,0.6111111111111112,0.3942307692307693,0.5743220613016633,0.2717229197577955,"[[6, 1, 0], [2, 2, 1], [3, 0, 3]]",0.8252358752358754,0.7665580979866693,0.8571428571428571,0.5454545454545454,0.4,0.9230769230769231,0.5,0.9166666666666666
rf,P3,3,1,0.6921596921596921,0.6888888888888888,0.7222222222222222,0.5652173913043479,0.45618291058379207,0.13556802592324235,"[[7, 0, 0], [2, 2, 1], [2, 0, 4]]",0.8690244940244941,0.8039115646258503,1.0,0.6363636363636364,0.4,1.0,0.6666666666666666,0.9166666666666666
lr,P3,3,2,0.5989057239057239,0.5936507936507937,0.6111111111111112,0.40284360189573454,0.6254586054276806,0.3782645663463226,"[[5, 2, 0], [2, 2, 1], [2, 0, 4]]",0.7605311355311355,0.6838223504890171,0.7142857142857143,0.6363636363636364,0.4,0.8461538461538461,0.6666666666666666,0.9166666666666666
svm_rbf,P3,3,2,0.6443850267379679,0.6412698412698412,0.6666666666666666,0.4832535885167464,0.49735213766973657,0.22402206531386937,"[[6, 1, 0], [2, 2, 1], [2, 0, 4]]",0.786940836940837,0.7367712842712842,0.8571428571428571,0.6363636363636364,0.4,0.9230769230769231,0.6666666666666666,0.9166666666666666
rf,P3,3,2,0.696886446886447,0.6968253968253969,0.7222222222222222,0.569377990430622,0.483481382442699,0.22517433445730348,"[[6, 0, 1], [2, 2, 1], [1, 0, 5]]",0.7850418100418101,0.7240914143435152,0.8571428571428571,0.7272727272727273,0.4,1.0,0.8333333333333334,0.8333333333333334
lr,P3,3,3,0.347985347985348,0.36507936507936506,0.4117647058823529,0.08602150537634412,0.9932981652305503,0.5823912904490096,"[[3, 1, 3], [4, 0, 0], [0, 2, 4]]",0.5374791874791874,0.4052500629881582,0.42857142857142855,0.6,0.0,0.7692307692307693,0.6666666666666666,0.7272727272727273
svm_rbf,P3,3,3,0.5384615384615384,0.5515873015873015,0.5882352941176471,0.3567567567567568,0.73673913340037,0.38087513511145876,"[[4, 0, 3], [2, 1, 1], [0, 1, 5]]",0.6792096792096792,0.563788860532558,0.5714285714285714,0.8,0.25,0.9230769230769231,0.8333333333333334,0.6363636363636364
rf,P3,3,3,0.4134615384615385,0.4682539682539682,0.5294117647058824,0.25683060109289624,0.62693826419375,0.171595028053294,"[[4, 0, 3], [2, 0, 2], [0, 1, 5]]",0.6520257520257521,0.573664996301551,0.5714285714285714,0.8,0.0,0.9230769230769231,0.8333333333333334,0.5454545454545454
lr,P3,3,4,0.42478354978354976,0.45634920634920634,0.47058823529411764,0.19047619047619047,0.8557468751898747,0.4368769972011348,"[[2, 2, 3], [1, 1, 2], [1, 0, 5]]",0.714985014985015,0.5910576857005428,0.2857142857142857,0.8,0.25,0.8461538461538461,0.8333333333333334,0.5454545454545454
svm_rbf,P3,3,4,0.3499245852187029,0.42063492063492064,0.47058823529411764,0.15469613259668502,0.6836497859412516,0.3375038125680297,"[[3, 0, 4], [2, 0, 2], [1, 0, 5]]",0.7553835053835054,0.6614497935926507,0.42857142857142855,0.7,0.0,1.0,0.8333333333333334,0.45454545454545453
rf,P3,3,4,0.5908496732026144,0.6071428571428571,0.6470588235294118,0.44565217391304346,0.49608295203739,0.23988527297854959,"[[4, 0, 3], [1, 1, 2], [0, 0, 6]]",0.8192030192030192,0.7947940287226002,0.5714285714285714,0.9,0.25,1.0,1.0,0.5454545454545454
lr,P3,4,0,0.47015250544662307,0.4749999999999999,0.5,0.21739130434782605,0.7675019148299898,0.4185369762900256,"[[5, 2, 1], [3, 1, 1], [1, 1, 3]]",0.721474358974359,0.553877624282036,0.625,0.6,0.2,0.7692307692307693,0.6,0.8461538461538461
svm_rbf,P3,4,0,0.5527544351073762,0.5833333333333334,0.6111111111111112,0.3913043478260869,0.6403414883223602,0.2799103161216455,"[[6, 1, 1], [2, 1, 2], [1, 0, 4]]",0.735897435897436,0.6009093915343916,0.75,0.7,0.2,0.9230769230769231,0.8,0.7692307692307693
rf,P3,4,0,0.6083099906629319,0.65,0.6666666666666666,0.4782608695652174,0.5344480284463512,0.18084500853618435,"[[6, 1, 1], [3, 1, 1], [0, 0, 5]]",0.7564102564102564,0.6276124338624339,0.75,0.7,0.2,0.9230769230769231,1.0,0.8461538461538461
lr,P3,4,1,0.30952380952380953,0.35714285714285715,0.3888888888888889,0.04807692307692324,0.8822881221875069,0.4043610612082673,"[[4, 1, 2], [2, 0, 3], [3, 0, 3]]",0.6107364857364858,0.5006595256595255,0.5714285714285714,0.5454545454545454,0.0,0.9230769230769231,0.5,0.5833333333333334
svm_rbf,P3,4,1,0.4305555555555555,0.5158730158730159,0.5555555555555556,0.3076923076923077,0.6088104548372031,0.2507131113481409,"[[5, 0, 2], [2, 0, 3], [1, 0, 5]]",0.7318912568912569,0.6965695679981394,0.7142857142857143,0.7272727272727273,0.0,1.0,0.8333333333333334,0.5833333333333334
rf,P3,4,1,0.5099206349206349,0.5349206349206349,0.5555555555555556,0.3142857142857143,0.5788166943277271,0.07529970018093918,"[[4, 0, 3], [2, 1, 2], [1, 0, 5]]",0.7193306693306694,0.660382774192298,0.5714285714285714,0.7272727272727273,0.2,1.0,0.8333333333333334,0.5833333333333334
lr,P3,4,2,0.4166666666666667,0.4238095238095238,0.4444444444444444,0.1428571428571429,1.0030302641040727,0.5283925127083228,"[[4, 2, 1], [2, 1, 2], [3, 0, 3]]",0.6028776778776779,0.48422063775004953,0.5714285714285714,0.5454545454545454,0.2,0.8461538461538461,0.5,0.75
svm_rbf,P3,4,2,0.4157509157509158,0.4238095238095238,0.4444444444444444,0.13875598086124397,0.9322703345976786,0.4750338145612485,"[[4, 1, 2], [2, 1, 2], [3, 0, 3]]",0.6641478891478891,0.5795116430410548,0.5714285714285714,0.5454545454545454,0.2,0.9230769230769231,0.5,0.6666666666666666
rf,P3,4,2,0.5099206349206349,0.526984126984127,0.5555555555555556,0.3076923076923078,0.5808644080153658,0.2367941291454879,"[[5, 0, 2], [2, 1, 2], [2, 0, 4]]",0.6837986087986088,0.630972730972731,0.7142857142857143,0.6363636363636364,0.2,1.0,0.6666666666666666,0.6666666666666666
lr,P3,4,3,0.5416666666666666,0.5436507936507936,0.5882352941176471,0.34615384615384626,0.5794999835530966,0.24362019497972048,"[[5, 1, 1], [2, 1, 1], [2, 0, 4]]",0.7789044289044288,0.7219401850354231,0.7142857142857143,0.6,0.25,0.9230769230769231,0.6666666666666666,0.8181818181818182
svm_rbf,P3,4,3,0.6397435897435898,0.6547619047619048,0.7058823529411765,0.5355191256830601,0.5162037179403572,0.2632196994342437,"[[5, 0, 2], [1, 1, 2], [0, 0, 6]]",0.8306582306582305,0.7703907203907203,0.7142857142857143,0.9,0.25,1.0,1.0,0.6363636363636364
rf,P3,4,3,0.6397435897435898,0.6547619047619048,0.7058823529411765,0.5355191256830601,0.4851424521544105,0.1916899117303736,"[[5, 0, 2], [1, 1, 2], [0, 0, 6]]",0.7772338772338773,0.7156920460491888,0.7142857142857143,0.9,0.25,1.0,1.0,0.6363636363636364
lr,P3,4,4,0.5156695156695157,0.5158730158730159,0.5294117647058824,0.30964467005076146,0.6555965498401398,0.2890279676592632,"[[5, 2, 0], [1, 2, 1], [0, 4, 2]]",0.6946164946164947,0.618420005920006,0.7142857142857143,0.9,0.5,0.5384615384615384,0.3333333333333333,0.9090909090909091
svm_rbf,P3,4,4,0.5800653594771242,0.5833333333333334,0.6470588235294118,0.4486486486486486,0.5644711854641365,0.23349441803810245,"[[7, 0, 0], [3, 1, 0], [0, 3, 3]]",0.7734876234876236,0.7159486016628874,1.0,0.7,0.25,0.7692307692307693,0.5,1.0
rf,P3,4,4,0.6456140350877193,0.6388888888888888,0.7058823529411765,0.5197740112994351,0.5234024796765785,0.13662734531790996,"[[7, 0, 0], [3, 1, 0], [2, 0, 4]]",0.7008269508269508,0.6956096191390309,1.0,0.5,0.25,1.0,0.6666666666666666,1.0
lr,P4,0,0,0.21176470588235294,0.21666666666666667,0.2222222222222222,-0.21739130434782616,1.2144330767119234,0.568443136624311,"[[2, 3, 3], [5, 0, 0], [2, 1, 2]]",0.3849358974358974,0.36798557651498837,0.25,0.3,0.0,0.6923076923076923,0.4,0.7692307692307693
svm_rbf,P4,0,0,0.3808922558922559,0.3916666666666666,0.3888888888888889,0.05714285714285727,0.9640880370780239,0.37983220840828014,"[[3, 3, 2], [3, 1, 1], [2, 0, 3]]",0.4929487179487179,0.42419160768425473,0.375,0.5,0.2,0.7692307692307693,0.6,0.7692307692307693
rf,P4,0,0,0.31070889894419307,0.3666666666666667,0.3888888888888889,0.04347826086956519,0.620395547993415,0.17362882237750177,"[[4, 1, 3], [3, 0, 2], [2, 0, 3]]",0.6355769230769232,0.4993689065564066,0.5,0.5,0.0,0.9230769230769231,0.6,0.6153846153846154
lr,P4,0,1,0.3666666666666667,0.4444444444444444,0.5,0.20588235294117652,0.7477920557171784,0.26849416908787144,"[[7, 0, 0], [3, 0, 2], [3, 1, 2]]",0.6313214563214563,0.4979620467715706,1.0,0.45454545454545453,0.0,0.9230769230769231,0.3333333333333333,0.8333333333333334
svm_rbf,P4,0,1,0.43274853801169594,0.4523809523809524,0.5,0.21739130434782605,0.649166292526326,0.29252812833185776,"[[6, 1, 0], [5, 0, 0], [1, 2, 3]]",0.7365282865282866,0.6411127271421388,0.8571428571428571,0.45454545454545453,0.0,0.7692307692307693,0.5,1.0
rf,P4,0,1,0.38888888888888884,0.4047619047619048,0.4444444444444444,0.12195121951219501,0.6137215724417019,0.24120068245861234,"[[5, 2, 0], [5, 0, 0], [3, 0, 3]]",0.6612665112665114,0.596505248564072,0.7142857142857143,0.2727272727272727,0.0,0.8461538461538461,0.5,1.0
lr,P4,0,2,0.32857142857142857,0.32857142857142857,0.3333333333333333,-0.009345794392523255,0.7406832692648475,0.2889908086588867,"[[2, 4, 1], [2, 1, 2], [3, 0, 3]]",0.5823630073630074,0.4957197377785613,0.2857142857142857,0.5454545454545454,0.2,0.6923076923076923,0.5,0.75
svm_rbf,P4,0,2,0.4325814536340851,0.4587301587301587,0.4444444444444444,0.16279069767441845,0.6869855675241165,0.2829946183405625,"[[1, 0, 6], [1, 2, 2], [1, 0, 5]]",0.6908313908313909,0.6427517588231874,0.14285714285714285,0.8181818181818182,0.4,1.0,0.8333333333333334,0.3333333333333333
rf,P4,0,2,0.19047619047619047,0.3333333333333333,0.3333333333333333,-0.014084507042253502,0.6123759944900804,0.2749057589987791,"[[0, 0, 7], [3, 0, 2], [0, 0, 6]]",0.7412837162837164,0.6520971620971622,0.0,0.7272727272727273,0.0,1.0,1.0,0.25
lr,P4,0,3,0.5858585858585857,0.6150793650793651,0.5882352941176471,0.3959390862944163,0.6605149417603161,0.26652534799752936,"[[3, 3, 1], [0, 3, 1], [1, 1, 4]]",0.6985514485514486,0.5869883423454851,0.42857142857142855,0.9,0.75,0.6923076923076923,0.6666666666666666,0.8181818181818182
svm_rbf,P4,0,3,0.6349206349206349,0.626984126984127,0.6470588235294118,0.4486486486486486,0.42279885884240115,0.2072137662681818,"[[5, 1, 1], [1, 2, 1], [2, 0, 4]]",0.8762348762348763,0.8160362124647839,0.7142857142857143,0.7,0.5,0.9230769230769231,0.6666666666666666,0.8181818181818182
rf,P4,0,3,0.6984126984126985,0.6825396825396827,0.7058823529411765,0.5380434782608696,0.5174402525847318,0.1888001231634404,"[[5, 0, 2], [1, 2, 1], [1, 0, 5]]",0.7380064380064381,0.6700216450216451,0.7142857142857143,0.8,0.5,1.0,0.8333333333333334,0.7272727272727273
lr,P4,0,4,0.3333333333333333,0.30952380952380953,0.35294117647058826,0.010582010582010581,0.8033709345848179,0.3969856456786612,"[[3, 4, 0], [3, 0, 1], [2, 1, 3]]",0.6246142746142745,0.5432436611008039,0.42857142857142855,0.5,0.0,0.6153846153846154,0.5,0.9090909090909091
svm_rbf,P4,0,4,0.325,0.30952380952380953,0.35294117647058826,-0.005376344086021501,0.8836252103858465,0.5214350526241747,"[[3, 3, 1], [4, 0, 0], [2, 1, 3]]",0.5306804306804307,0.4770021645021645,0.42857142857142855,0.4,0.0,0.6923076923076923,0.5,0.9090909090909091
rf,P4,0,4,0.3148148148148148,0.30158730158730157,0.35294117647058826,0.005319148936170248,0.6195516664374231,0.26345221986730044,"[[4, 3, 0], [3, 0, 1], [2, 2, 2]]",0.593056943056943,0.5080647747314414,0.5714285714285714,0.5,0.0,0.6153846153846154,0.3333333333333333,0.9090909090909091
lr,P4,1,0,0.48148148148148145,0.4749999999999999,0.5,0.2058823529411764,0.6486286536763609,0.28577130515960036,"[[5, 1, 2], [3, 2, 0], [2, 1, 2]]",0.7169871794871795,0.5746688931983049,0.625,0.5,0.4,0.8461538461538461,0.4,0.8461538461538461
svm_rbf,P4,1,0,0.39031339031339035,0.47500000000000003,0.5,0.2058823529411764,0.7247729369041773,0.3858843356430683,"[[5, 0, 3], [4, 0, 1], [1, 0, 4]]",0.6378205128205129,0.5536636021930139,0.625,0.5,0.0,1.0,0.8,0.6923076923076923
rf,P4,1,0,0.4883040935672514,0.5833333333333334,0.6111111111111112,0.3731343283582089,0.5306327102955363,0.17527464324373043,"[[6, 0, 2], [5, 0, 0], [0, 0, 5]]",0.8096153846153847,0.7293956016750135,0.75,0.5,0.0,1.0,1.0,0.8461538461538461
lr,P4,1,1,0.37229437229437234,0.3682539682539682,0.3888888888888889,0.07906976744186045,0.9726267118009174,0.4539745883196324,"[[4, 2, 1], [2, 1, 2], [1, 3, 2]]",0.5011682761682762,0.3991723527017645,0.5714285714285714,0.7272727272727273,0.2,0.6153846153846154,0.3333333333333333,0.75
svm_rbf,P4,1,1,0.3808922558922559,0.3761904761904762,0.3888888888888889,0.06161137440758291,0.9006007265335589,0.4169028139359319,"[[3, 2, 2], [4, 1, 0], [2, 1, 3]]",0.5422716172716172,0.4744412377745711,0.42857142857142855,0.45454545454545453,0.2,0.7692307692307693,0.5,0.8333333333333334
rf,P4,1,1,0.5051282051282051,0.4984126984126984,0.5,0.23222748815165872,0.6278468190346252,0.11454947711641673,"[[3, 1, 3], [3, 2, 0], [2, 0, 4]]",0.6178340178340178,0.565577173630395,0.42857142857142855,0.5454545454545454,0.4,0.9230769230769231,0.6666666666666666,0.75
lr,P4,1,2,0.36195286195286197,0.3682539682539682,0.3888888888888889,0.06161137440758291,0.7781431473998658,0.2560189318592911,"[[4, 1, 2], [3, 1, 1], [2, 2, 2]]",0.6036371036371037,0.4269440215868787,0.5714285714285714,0.5454545454545454,0.2,0.7692307692307693,0.3333333333333333,0.75
svm_rbf,P4,1,2,0.5086996336996337,0.526984126984127,0.5555555555555556,0.3110047846889952,0.6757540304986629,0.28836244588908655,"[[5, 0, 2], [3, 1, 1], [1, 1, 4]]",0.6672494172494172,0.5748807013092727,0.7142857142857143,0.6363636363636364,0.2,0.9230769230769231,0.6666666666666666,0.75
rf,P4,1,2,0.6111111111111112,0.6301587301587301,0.6666666666666666,0.4757281553398057,0.5545624960586941,0.15606204363134593,"[[6, 0, 1], [4, 1, 0], [1, 0, 5]]",0.7254329004329004,0.6516228612657183,0.8571428571428571,0.5454545454545454,0.2,1.0,0.8333333333333334,0.9166666666666666
lr,P4,1,3,0.5707070707070706,0.5873015873015873,0.5882352941176471,0.3769633507853404,0.6255326653364198,0.19453647037342156,"[[3, 2, 2], [0, 2, 2], [1, 0, 5]]",0.671939171939172,0.6136220261220261,0.42857142857142855,0.9,0.5,0.8461538461538461,0.8333333333333334,0.6363636363636364
svm_rbf,P4,1,3,0.5806277056277056,0.5714285714285715,0.5882352941176471,0.3532608695652174,0.6292076192611022,0.3131699943445284,"[[5, 1, 1], [1, 2, 1], [3, 0, 3]]",0.6798146298146298,0.6287237453904121,0.7142857142857143,0.6,0.5,0.9230769230769231,0.5,0.8181818181818182
rf,P4,1,3,0.5912698412698413,0.5912698412698413,0.6470588235294118,0.45744680851063824,0.5812182444639962,0.2538289297933889,"[[6, 1, 0], [1, 1, 2], [0, 2, 4]]",0.6878177378177378,0.6483624218918336,0.8571428571428571,0.9,0.25,0.7692307692307693,0.6666666666666666,0.8181818181818182
lr,P4,1,4,0.44230769230769235,0.45634920634920634,0.47058823529411764,0.19047619047619047,0.5954121339132828,0.30935653061816326,"[[2, 3, 2], [3, 1, 0], [1, 0, 5]]",0.7707181707181707,0.6807005494505495,0.2857142857142857,0.6,0.25,0.7692307692307693,0.8333333333333334,0.8181818181818182
svm_rbf,P4,1,4,0.6373626373626373,0.6349206349206349,0.6470588235294118,0.4516129032258065,0.5280794690994726,0.09386641406388643,"[[4, 1, 2], [2, 2, 0], [1, 0, 5]]",0.7315739815739816,0.6775335775335775,0.5714285714285714,0.7,0.5,0.9230769230769231,0.8333333333333334,0.8181818181818182
rf,P4,1,4,0.5352941176470588,0.5595238095238095,0.5882352941176471,0.3532608695652173,0.48899474504143303,0.20313140284261338,"[[3, 0, 4], [2, 1, 1], [0, 0, 6]]",0.8457320457320457,0.7678571428571428,0.42857142857142855,0.8,0.25,1.0,1.0,0.5454545454545454
lr,P4,2,0,0.42205942205942204,0.4583333333333333,0.4444444444444444,0.16666666666666663,0.7730926077920501,0.3033806172501154,"[[3, 3, 2], [2, 1, 2], [1, 0, 4]]",0.6637820512820513,0.5454791504791504,0.375,0.7,0.2,0.7692307692307693,0.8,0.6923076923076923
svm_rbf,P4,2,0,0.46428571428571425,0.5,0.5,0.25,0.839697435429492,0.3411082472226026,"[[4, 2, 2], [1, 1, 3], [1, 0, 4]]",0.592948717948718,0.5137228974728975,0.5,0.8,0.2,0.8461538461538461,0.8,0.6153846153846154
rf,P4,2,0,0.5907491201608849,0.625,0.6666666666666666,0.4782608695652174,0.5990884422320091,0.1996187948221251,"[[7, 0, 1], [1, 1, 3], [1, 0, 4]]",0.6243589743589743,0.5344035594035595,0.875,0.8,0.2,1.0,0.8,0.6923076923076923
lr,P4,2,1,0.4012066365007542,0.4603174603174603,0.5,0.21739130434782605,0.748379572314732,0.2699328670783887,"[[5, 1, 1], [3, 0, 2], [2, 0, 4]]",0.5721713471713472,0.4502011915877462,0.7142857142857143,0.5454545454545454,0.0,0.9230769230769231,0.6666666666666666,0.75
svm_rbf,P4,2,1,0.39031339031339035,0.4603174603174603,0.5,0.20975609756097569,0.802546437851324,0.28994499081964453,"[[5, 0, 2], [4, 0, 1], [2, 0, 4]]",0.6176989676989677,0.483548604627036,0.7142857142857143,0.45454545454545453,0.0,1.0,0.6666666666666666,0.75
rf,P4,2,1,0.37142857142857144,0.42063492063492064,0.4444444444444444,0.1428571428571429,0.5936930153393324,0.22419532620255056,"[[3, 2, 2], [4, 0, 1], [1, 0, 5]]",0.6989279239279239,0.5972858622858622,0.42857142857142855,0.5454545454545454,0.0,0.8461538461538461,0.8333333333333334,0.75
lr,P4,2,2,0.6551226551226551,0.6412698412698412,0.6666666666666666,0.4782608695652174,0.46879286979346535,0.14520355849142885,"[[6, 0, 1], [3, 2, 0], [2, 0, 4]]",0.8418155918155917,0.8126789519226493,0.8571428571428571,0.5454545454545454,0.4,1.0,0.6666666666666666,0.9166666666666666
svm_rbf,P4,2,2,0.6984126984126985,0.7047619047619048,0.7222222222222222,0.5714285714285714,0.5257128778686828,0.3250894723396102,"[[5, 0, 2], [3, 2, 0], [0, 0, 6]]",0.8005596255596256,0.7667705971277399,0.7142857142857143,0.7272727272727273,0.4,1.0,1.0,0.8333333333333334
rf,P4,2,2,0.42777777777777776,0.5238095238095238,0.5555555555555556,0.3076923076923077,0.5674868964453419,0.23468070415676934,"[[4, 0, 3], [4, 0, 1], [0, 0, 6]]",0.7850399600399601,0.7095947570947571,0.5714285714285714,0.6363636363636364,0.0,1.0,1.0,0.6666666666666666
lr,P4,2,3,0.5238095238095238,0.5238095238095238,0.5294117647058824,0.29166666666666663,0.6033747941398448,0.20300862713475967,"[[4, 2, 1], [2, 2, 0], [1, 2, 3]]",0.7317793317793319,0.5924275349870588,0.5714285714285714,0.7,0.5,0.6923076923076923,0.5,0.9090909090909091
svm_rbf,P4,2,3,0.46241830065359474,0.44047619047619047,0.47058823529411764,0.17297297297297298,0.6454569233976436,0.24773134698014712,"[[4, 3, 0], [3, 1, 0], [3, 0, 3]]",0.682117882117882,0.6165721844293272,0.5714285714285714,0.4,0.25,0.7692307692307693,0.5,1.0
rf,P4,2,3,0.5608465608465608,0.5634920634920635,0.5882352941176471,0.34615384615384615,0.516478523662694,0.1963848401738734,"[[6, 0, 1], [2, 2, 0], [3, 1, 2]]",0.8419358419358419,0.7370490620490621,0.8571428571428571,0.5,0.5,0.9230769230769231,0.3333333333333333,0.9090909090909091
lr,P4,2,4,0.586946386946387,0.6150793650793651,0.5882352941176471,0.3897435897435898,0.6310758322036093,0.2648988376640768,"[[3, 2, 2], [0, 3, 1], [1, 1, 4]]",0.725080475080475,0.6327007687301806,0.42857142857142855,0.9,0.75,0.7692307692307693,0.6666666666666666,0.7272727272727273
svm_rbf,P4,2,4,0.5242165242165242,0.5317460317460317,0.5294117647058824,0.287958115183246,0.6129506030190959,0.22722078410452146,"[[3, 2, 2], [2, 2, 0], [1, 1, 4]]",0.7104062604062603,0.6824612116278783,0.42857142857142855,0.7,0.5,0.7692307692307693,0.6666666666666666,0.8181818181818182
rf,P4,2,4,0.49523809523809526,0.49603174603174605,0.5294117647058824,0.26486486486486494,0.5920678144333474,0.06239874448329803,"[[4, 1, 2], [3, 1, 0], [1, 1, 4]]",0.655039405039405,0.5915240221962911,0.5714285714285714,0.6,0.25,0.8461538461538461,0.6666666666666666,0.8181818181818182
lr,P4,3,0,0.445998445998446,0.4833333333333334,0.4444444444444444,0.19999999999999996,0.7790635453168847,0.2904451300715102,"[[2, 5, 1], [1, 2, 2], [0, 1, 4]]",0.6233974358974359,0.5311907047201164,0.25,0.9,0.4,0.5384615384615384,0.8,0.7692307692307693
svm_rbf,P4,3,0,0.3333333333333333,0.35000000000000003,0.3333333333333333,0.027027027027027084,0.7939576864226914,0.32970254080337014,"[[2, 4, 2], [2, 1, 2], [0, 2, 3]]",0.5865384615384616,0.48435892538833714,0.25,0.8,0.2,0.5384615384615384,0.6,0.6923076923076923
rf,P4,3,0,0.47222222222222215,0.5,0.5,0.22857142857142854,0.5926253978708869,0.17423808561953874,"[[4, 2, 2], [3, 1, 1], [1, 0, 4]]",0.6487179487179487,0.6091832187420422,0.5,0.6,0.2,0.8461538461538461,0.8,0.7692307692307693
lr,P4,3,1,0.6501089324618736,0.6412698412698412,0.6666666666666666,0.48571428571428577,0.46570357744430435,0.20830670123620876,"[[6, 1, 0], [3, 2, 0], [1, 1, 4]]",0.8213027713027713,0.7603703703703704,0.8571428571428571,0.6363636363636364,0.4,0.8461538461538461,0.6666666666666666,1.0
svm_rbf,P4,3,1,0.6443850267379679,0.6412698412698412,0.6666666666666666,0.4832535885167464,0.46371352539212,0.11322547543882219,"[[6, 1, 0], [2, 2, 1], [2, 0, 4]]",0.7992942242942243,0.7578060828060827,0.8571428571428571,0.6363636363636364,0.4,0.9230769230769231,0.6666666666666666,0.9166666666666666
rf,P4,3,1,0.696886446886447,0.6968253968253969,0.7222222222222222,0.569377990430622,0.477344382278708,0.2101633726932958,"[[6, 0, 1], [2, 2, 1], [1, 0, 5]]",0.8649961149961151,0.7997354497354497,0.8571428571428571,0.7272727272727273,0.4,1.0,0.8333333333333334,0.8333333333333334
lr,P4,3,2,0.41876750700280113,0.4317460317460317,0.4444444444444444,0.15492957746478875,0.6830645394552969,0.39940776828511854,"[[3, 0, 4], [1, 1, 3], [1, 1, 4]]",0.7221889221889222,0.6026031640317354,0.42857142857142855,0.8181818181818182,0.2,0.9230769230769231,0.6666666666666666,0.4166666666666667
svm_rbf,P4,3,2,0.4158730158730159,0.4238095238095238,0.4444444444444444,0.1428571428571429,0.5756690834519642,0.31128892247033507,"[[4, 1, 2], [1, 1, 3], [3, 0, 3]]",0.7215950715950715,0.6328671637004971,0.5714285714285714,0.6363636363636364,0.2,0.9230769230769231,0.5,0.5833333333333334
rf,P4,3,2,0.6507936507936508,0.6492063492063492,0.6666666666666666,0.48571428571428577,0.5844754923555118,0.22219949876228595,"[[5, 0, 2], [2, 2, 1], [1, 0, 5]]",0.6692834942834942,0.5734410430839002,0.7142857142857143,0.7272727272727273,0.4,1.0,0.8333333333333334,0.75
lr,P4,3,3,0.4743589743589744,0.48412698412698413,0.47058823529411764,0.19047619047619047,0.6552931221517719,0.2401830321584502,"[[2, 2, 3], [2, 2, 0], [2, 0, 4]]",0.651925851925852,0.6099958501919286,0.2857142857142857,0.6,0.5,0.8461538461538461,0.6666666666666666,0.7272727272727273
svm_rbf,P4,3,3,0.4682539682539682,0.48412698412698413,0.47058823529411764,0.1947368421052631,0.6963451416743984,0.3221545954609035,"[[2, 1, 4], [2, 2, 0], [1, 1, 4]]",0.6094572094572094,0.5171624710490257,0.2857142857142857,0.7,0.5,0.8461538461538461,0.6666666666666666,0.6363636363636364
rf,P4,3,3,0.4861111111111111,0.503968253968254,0.5294117647058824,0.26881720430107525,0.6390025357678853,0.19834410022350435,"[[3, 0, 4], [2, 1, 1], [0, 1, 5]]",0.6126706626706627,0.543509540568364,0.42857142857142855,0.8,0.25,0.9230769230769231,0.8333333333333334,0.5454545454545454
lr,P4,3,4,0.38095238095238093,0.42063492063492064,0.47058823529411764,0.1684782608695653,0.6219422482295162,0.29945977584451183,"[[3, 2, 2], [3, 0, 1], [1, 0, 5]]",0.7835386835386835,0.6531860335431764,0.42857142857142855,0.6,0.0,0.8461538461538461,0.8333333333333334,0.7272727272727273
svm_rbf,P4,3,4,0.4230769230769231,0.4682539682539682,0.5294117647058824,0.24444444444444424,0.683284861835751,0.33263845300467276,"[[4, 1, 2], [4, 0, 0], [1, 0, 5]]",0.6453102453102453,0.5443722943722943,0.5714285714285714,0.5,0.0,0.9230769230769231,0.8333333333333334,0.8181818181818182
rf,P4,3,4,0.4647435897435897,0.5158730158730159,0.5882352941176471,0.3388888888888888,0.5106802333718379,0.16960794754159617,"[[5, 1, 1], [3, 0, 1], [1, 0, 5]]",0.7526640026640026,0.6739040060468632,0.7142857142857143,0.6,0.0,0.9230769230769231,0.8333333333333334,0.8181818181818182
lr,P4,4,0,0.5185185185185185,0.5166666666666666,0.5555555555555556,0.2941176470588235,0.6562210245580491,0.25755746930112927,"[[6, 1, 1], [4, 1, 0], [0, 2, 3]]",0.7099358974358975,0.5892911255411254,0.75,0.6,0.2,0.7692307692307693,0.6,0.9230769230769231
svm_rbf,P4,4,0,0.4252044252044252,0.4333333333333333,0.4444444444444444,0.11764705882352933,0.6874328634957722,0.324321478187258,"[[4, 1, 3], [4, 1, 0], [2, 0, 3]]",0.6756410256410256,0.5638437488437488,0.5,0.4,0.2,0.9230769230769231,0.6,0.7692307692307693
rf,P4,4,0,0.3619909502262444,0.43333333333333335,0.4444444444444444,0.13043478260869568,0.5729061016682135,0.18501409191265156,"[[4, 1, 3], [4, 0, 1], [1, 0, 4]]",0.7262820512820513,0.589241452991453,0.5,0.5,0.0,0.9230769230769231,0.8,0.6923076923076923
lr,P4,4,1,0.3499245852187029,0.42063492063492064,0.4444444444444444,0.14691943127962082,0.8892306868458064,0.4657483029212067,"[[3, 1, 3], [2, 0, 3], [1, 0, 5]]",0.5647805897805898,0.43658636207655815,0.42857142857142855,0.7272727272727273,0.0,0.9230769230769231,0.8333333333333334,0.5
svm_rbf,P4,4,1,0.5495726495726495,0.546031746031746,0.5555555555555556,0.31753554502369663,0.8110579660892109,0.3551520853274177,"[[4, 1, 2], [2, 2, 1], [2, 0, 4]]",0.5850233100233101,0.5284709338280766,0.5714285714285714,0.6363636363636364,0.4,0.9230769230769231,0.6666666666666666,0.75
rf,P4,4,1,0.5099206349206349,0.5349206349206349,0.5555555555555556,0.3142857142857143,0.6348286916596966,0.1391194019363378,"[[4, 0, 3], [2, 1, 2], [1, 0, 5]]",0.6693140193140193,0.57598746051127,0.5714285714285714,0.7272727272727273,0.2,1.0,0.8333333333333334,0.5833333333333334
lr,P4,4,2,0.30952380952380953,0.35714285714285715,0.3888888888888889,0.04807692307692324,0.812041551669583,0.3947677247676048,"[[4, 0, 3], [3, 0, 2], [2, 1, 3]]",0.6331807081807082,0.567468734968735,0.5714285714285714,0.5454545454545454,0.0,0.9230769230769231,0.5,0.5833333333333334
svm_rbf,P4,4,2,0.42735042735042733,0.5079365079365079,0.5555555555555556,0.29756097560975614,0.7802202495699064,0.3980036089351117,"[[6, 0, 1], [3, 0, 2], [2, 0, 4]]",0.6540968290968291,0.5470376448947877,0.8571428571428571,0.5454545454545454,0.0,1.0,0.6666666666666666,0.75
rf,P4,4,2,0.4074074074074074,0.4158730158730159,0.4444444444444444,0.12621359223300954,0.6328115628863884,0.13064845222077642,"[[5, 0, 2], [2, 1, 2], [4, 0, 2]]",0.6585211085211086,0.5487843285462333,0.7142857142857143,0.45454545454545453,0.2,1.0,0.3333333333333333,0.6666666666666666
lr,P4,4,3,0.5396825396825397,0.5515873015873015,0.5882352941176471,0.3670212765957447,0.5289280077558192,0.22670066120011234,"[[4, 1, 2], [1, 1, 2], [0, 1, 5]]",0.7793761793761793,0.660515873015873,0.5714285714285714,0.9,0.25,0.8461538461538461,0.8333333333333334,0.6363636363636364
svm_rbf,P4,4,3,0.5884615384615385,0.6071428571428571,0.6470588235294118,0.4426229508196722,0.5636046174211977,0.23415626289327718,"[[4, 0, 3], [2, 1, 1], [0, 0, 6]]",0.7917027417027418,0.7582010582010582,0.5714285714285714,0.8,0.25,1.0,1.0,0.6363636363636364
rf,P4,4,3,0.5282234105763517,0.5595238095238095,0.5882352941176471,0.36363636363636365,0.5355470458440443,0.26657521534164863,"[[3, 1, 3], [1, 1, 2], [0, 0, 6]]",0.7836441336441337,0.7008056758056758,0.42857142857142855,0.9,0.25,0.9230769230769231,1.0,0.5454545454545454
lr,P4,4,4,0.42755991285403044,0.43253968253968256,0.47058823529411764,0.17297297297297298,0.6372628922206615,0.2816939650891164,"[[5, 2, 0], [2, 1, 1], [3, 1, 2]]",0.7182817182817183,0.6698790627362056,0.7142857142857143,0.5,0.25,0.7692307692307693,0.3333333333333333,0.9090909090909091
svm_rbf,P4,4,4,0.5438596491228069,0.5357142857142857,0.5882352941176471,0.3351955307262571,0.6501681423357802,0.24494217065688315,"[[6, 1, 0], [3, 1, 0], [3, 0, 3]]",0.6852647352647353,0.661192907621479,0.8571428571428571,0.4,0.25,0.9230769230769231,0.5,1.0
rf,P4,4,4,0.5282234105763518,0.5357142857142857,0.5882352941176471,0.3425414364640884,0.5360541616449721,0.18168592032736525,"[[6, 0, 1], [2, 1, 1], [2, 1, 3]]",0.7381340881340881,0.7054447536590392,0.8571428571428571,0.6,0.25,0.9230769230769231,0.5,0.8181818181818182
lr,P6,0,0,0.3333333333333333,0.3416666666666666,0.3888888888888889,0.0,1.1020197989589855,0.5481378834286199,"[[5, 2, 1], [5, 0, 0], [2, 1, 2]]",0.6028846153846154,0.4737245162245163,0.625,0.3,0.0,0.7692307692307693,0.4,0.9230769230769231
svm_rbf,P6,0,0,0.4685185185185185,0.4749999999999999,0.5,0.2058823529411764,0.7332760746809652,0.36853085335389507,"[[5, 2, 1], [3, 1, 1], [2, 0, 3]]",0.6875,0.5678526538820656,0.625,0.5,0.2,0.8461538461538461,0.6,0.8461538461538461
rf,P6,0,0,0.4257703081232493,0.5166666666666667,0.5555555555555556,0.30434782608695654,0.565463201619945,0.13646380189754287,"[[6, 0, 2], [2, 0, 3], [1, 0, 4]]",0.7083333333333334,0.6064044751544752,0.75,0.7,0.0,1.0,0.8,0.6153846153846154
lr,P6,0,1,0.5598845598845599,0.5746031746031747,0.6111111111111112,0.3913043478260869,0.6956534467355419,0.33698180184451937,"[[6, 1, 0], [3, 1, 1], [2, 0, 4]]",0.6683584933584933,0.5920355834641549,0.8571428571428571,0.5454545454545454,0.2,0.9230769230769231,0.6666666666666666,0.9166666666666666
svm_rbf,P6,0,1,0.6083099906629319,0.6301587301587301,0.6666666666666666,0.48076923076923084,0.544484423630827,0.24617475790289614,"[[6, 1, 0], [3, 1, 1], [1, 0, 5]]",0.8032597032597032,0.7136375661375661,0.8571428571428571,0.6363636363636364,0.2,0.9230769230769231,0.8333333333333334,0.9166666666666666
rf,P6,0,1,0.4230769230769231,0.4682539682539682,0.5,0.22488038277511957,0.5861294078098226,0.23384675725797135,"[[4, 2, 1], [4, 0, 1], [1, 0, 5]]",0.6727577977577978,0.6352429052429052,0.5714285714285714,0.5454545454545454,0.0,0.8461538461538461,0.8333333333333334,0.8333333333333334
lr,P6,0,2,0.5038461538461538,0.5428571428571428,0.5555555555555556,0.323943661971831,0.8110145314302772,0.35179658421998833,"[[3, 2, 2], [3, 1, 1], [0, 0, 6]]",0.7046897546897547,0.615492932992933,0.42857142857142855,0.7272727272727273,0.2,0.8461538461538461,1.0,0.75
svm_rbf,P6,0,2,0.592436974789916,0.6095238095238095,0.6111111111111112,0.4084507042253521,0.6055910491801374,0.2718851852454737,"[[3, 0, 4], [2, 2, 1], [0, 0, 6]]",0.8182789432789432,0.7673672887958602,0.42857142857142855,0.8181818181818182,0.4,1.0,1.0,0.5833333333333334
rf,P6,0,2,0.5339105339105339,0.5619047619047619,0.5555555555555556,0.3271028037383178,0.5476692068136703,0.12983188017643085,"[[2, 0, 5], [2, 2, 1], [0, 0, 6]]",0.774087024087024,0.7389200124494241,0.2857142857142857,0.8181818181818182,0.4,1.0,1.0,0.5
lr,P6,0,3,0.6825396825396827,0.6825396825396827,0.7058823529411765,0.5526315789473684,0.5454827862900808,0.19616902042357331,"[[5, 1, 1], [0, 2, 2], [0, 1, 5]]",0.7529748029748028,0.7078463203463202,0.7142857142857143,1.0,0.5,0.8461538461538461,0.8333333333333334,0.7272727272727273
svm_rbf,P6,0,3,0.734920634920635,0.7380952380952381,0.7647058823529411,0.6382978723404256,0.403383546550389,0.15775424478414912,"[[5, 1, 1], [0, 2, 2], [0, 0, 6]]",0.8054334554334552,0.7446834289271264,0.7142857142857143,1.0,0.5,0.9230769230769231,1.0,0.7272727272727273
rf,P6,0,3,0.7965811965811967,0.7857142857142857,0.8235294117647058,0.7243243243243243,0.43914868395453127,0.3218854791447379,"[[6, 0, 1], [0, 2, 2], [0, 0, 6]]",0.8037851037851037,0.7431528166822284,0.8571428571428571,1.0,0.5,1.0,1.0,0.7272727272727273
lr,P6,0,4,0.4551282051282051,0.5079365079365079,0.5882352941176471,0.3388888888888888,0.7098361378603233,0.32136455165577715,"[[6, 0, 1], [2, 0, 2], [1, 1, 4]]",0.5994949494949494,0.5193879533165248,0.8571428571428571,0.7,0.0,0.9230769230769231,0.6666666666666666,0.7272727272727273
svm_rbf,P6,0,4,0.42735042735042733,0.4682539682539682,0.5294117647058824,0.26486486486486494,0.7793396022005445,0.3582794558672845,"[[4, 1, 2], [2, 0, 2], [0, 1, 5]]",0.6218337218337219,0.49136071548536525,0.5714285714285714,0.8,0.0,0.8461538461538461,0.8333333333333334,0.6363636363636364
rf,P6,0,4,0.43956043956043955,0.44047619047619047,0.47058823529411764,0.17741935483870974,0.5952340794482822,0.2818425013271944,"[[4, 0, 3], [2, 1, 1], [1, 2, 3]]",0.6562160062160062,0.5508224799891467,0.5714285714285714,0.7,0.25,0.8461538461538461,0.5,0.6363636363636364
lr,P6,1,0,0.6002673796791443,0.625,0.6666666666666666,0.4782608695652174,0.5615021213926502,0.28467926969510426,"[[7, 1, 0], [2, 1, 2], [0, 1, 4]]",0.8692307692307693,0.7627314814814815,0.875,0.8,0.2,0.8461538461538461,0.8,0.8461538461538461
svm_rbf,P6,1,0,0.5126050420168067,0.625,0.6666666666666666,0.4782608695652174,0.37636261581883124,0.19892741807487724,"[[7, 0, 1], [2, 0, 3], [0, 0, 5]]",0.9814102564102565,0.9726190476190476,0.875,0.8,0.0,1.0,1.0,0.6923076923076923
rf,P6,1,0,0.6481481481481483,0.6916666666666668,0.7222222222222222,0.5588235294117647,0.39269351965999566,0.2029987456249905,"[[7, 0, 1], [3, 1, 1], [0, 0, 5]]",0.9185897435897435,0.8596681096681097,0.875,0.7,0.2,1.0,1.0,0.8461538461538461
lr,P6,1,1,0.36140819964349374,0.3682539682539682,0.3888888888888889,0.05263157894736836,1.021616391349286,0.528092405687065,"[[4, 1, 2], [3, 1, 1], [3, 1, 2]]",0.5985486735486735,0.4934898253525704,0.5714285714285714,0.45454545454545453,0.2,0.8461538461538461,0.3333333333333333,0.75
svm_rbf,P6,1,1,0.4682539682539682,0.47936507936507927,0.5,0.22115384615384626,0.856220590684653,0.37146789633865995,"[[4, 0, 3], [3, 1, 1], [2, 0, 4]]",0.629119954119954,0.5352667212961331,0.5714285714285714,0.5454545454545454,0.2,1.0,0.6666666666666666,0.6666666666666666
rf,P6,1,1,0.5086996336996337,0.526984126984127,0.5555555555555556,0.3110047846889952,0.6207532021316615,0.14848670144245704,"[[5, 0, 2], [3, 1, 1], [1, 1, 4]]",0.6208976208976208,0.5722178602080563,0.7142857142857143,0.6363636363636364,0.2,0.9230769230769231,0.6666666666666666,0.75
lr,P6,1,2,0.5106837606837606,0.526984126984127,0.5555555555555556,0.31753554502369663,0.7268047390254433,0.3398152497708755,"[[5, 1, 1], [2, 1, 2], [1, 1, 4]]",0.7064158064158064,0.6177591324019894,0.7142857142857143,0.7272727272727273,0.2,0.8461538461538461,0.6666666666666666,0.75
svm_rbf,P6,1,2,0.696886446886447,0.6968253968253969,0.7222222222222222,0.569377990430622,0.4729847508374953,0.26647818968745324,"[[6, 0, 1], [2, 2, 1], [1, 0, 5]]",0.778946978946979,0.6968442932728647,0.8571428571428571,0.7272727272727273,0.4,1.0,0.8333333333333334,0.8333333333333334
rf,P6,1,2,0.6028154851684264,0.6301587301587301,0.6666666666666666,0.4782608695652174,0.5293713444839093,0.2395998691188146,"[[6, 0, 1], [3, 1, 1], [1, 0, 5]]",0.7403189403189403,0.679485875158144,0.8571428571428571,0.6363636363636364,0.2,1.0,0.8333333333333334,0.8333333333333334
lr,P6,1,3,0.6267806267806267,0.6349206349206349,0.6470588235294118,0.46875,0.6640250653597574,0.32566591433361264,"[[4, 2, 1], [1, 2, 1], [0, 1, 5]]",0.6755300255300254,0.5694291819291819,0.5714285714285714,0.9,0.5,0.7692307692307693,0.8333333333333334,0.8181818181818182
svm_rbf,P6,1,3,0.5777777777777778,0.5793650793650794,0.5882352941176471,0.38659793814432997,0.6776552522337155,0.3481218941419074,"[[4, 2, 1], [1, 2, 1], [0, 2, 4]]",0.7519036519036518,0.6953703703703703,0.5714285714285714,0.9,0.5,0.6923076923076923,0.6666666666666666,0.8181818181818182
rf,P6,1,3,0.6746031746031745,0.6746031746031745,0.7058823529411765,0.5478723404255319,0.5273430575182672,0.17577158614352573,"[[6, 0, 1], [1, 2, 1], [0, 2, 4]]",0.7346320346320345,0.6576930603891388,0.8571428571428571,0.9,0.5,0.8461538461538461,0.6666666666666666,0.8181818181818182
lr,P6,1,4,0.5714285714285715,0.5873015873015873,0.5882352941176471,0.37368421052631573,0.6510948497560969,0.2907873844144403,"[[3, 2, 2], [1, 2, 1], [1, 0, 5]]",0.8358141858141858,0.767087542087542,0.42857142857142855,0.8,0.5,0.8461538461538461,0.8333333333333334,0.7272727272727273
svm_rbf,P6,1,4,0.5908496732026144,0.6071428571428571,0.6470588235294118,0.44565217391304346,0.5497058541404641,0.24402783566158875,"[[4, 0, 3], [1, 1, 2], [0, 0, 6]]",0.8408646908646907,0.8379907129907128,0.5714285714285714,0.9,0.25,1.0,1.0,0.5454545454545454
rf,P6,1,4,0.5373737373737374,0.5595238095238095,0.5882352941176471,0.3567567567567568,0.4902047260667114,0.14074490109835064,"[[3, 0, 4], [1, 1, 2], [0, 0, 6]]",0.8186258186258186,0.7626331340617054,0.42857142857142855,0.9,0.25,1.0,1.0,0.45454545454545453
lr,P6,2,0,0.5218360071301248,0.5416666666666666,0.5555555555555556,0.30434782608695654,0.8020093896318289,0.3652423110879682,"[[5, 2, 1], [3, 1, 1], [1, 0, 4]]",0.6782051282051283,0.5946071956366074,0.625,0.6,0.2,0.8461538461538461,0.8,0.8461538461538461
svm_rbf,P6,2,0,0.5722222222222223,0.5833333333333334,0.6111111111111112,0.38235294117647056,0.6029798433494439,0.2510325616021679,"[[6, 2, 0], [3, 1, 1], [1, 0, 4]]",0.7035256410256411,0.6543444953739072,0.75,0.6,0.2,0.8461538461538461,0.8,0.9230769230769231
rf,P6,2,0,0.6092592592592593,0.625,0.6666666666666666,0.47058823529411764,0.5454310889527959,0.2956760659769043,"[[7, 1, 0], [3, 1, 1], [0, 1, 4]]",0.7044871794871795,0.6160780423280423,0.875,0.7,0.2,0.8461538461538461,0.8,0.9230769230769231
lr,P6,2,1,0.3421052631578947,0.4047619047619048,0.4444444444444444,0.11764705882352944,0.9697483546104334,0.4877806768705586,"[[5, 0, 2], [4, 0, 1], [3, 0, 3]]",0.638980463980464,0.5051481939577177,0.7142857142857143,0.36363636363636365,0.0,1.0,0.5,0.75
svm_rbf,P6,2,1,0.4305555555555555,0.5158730158730159,0.5555555555555556,0.30434782608695654,0.7103478019119114,0.37488103612255746,"[[5, 0, 2], [3, 0, 2], [1, 0, 5]]",0.7383477633477634,0.6498534599024796,0.7142857142857143,0.6363636363636364,0.0,1.0,0.8333333333333334,0.6666666666666666
rf,P6,2,1,0.38611111111111107,0.4682539682539682,0.5,0.22115384615384615,0.6083676176146644,0.15282840338291603,"[[4, 0, 3], [3, 0, 2], [1, 0, 5]]",0.712010212010212,0.5934293919588037,0.5714285714285714,0.6363636363636364,0.0,1.0,0.8333333333333334,0.5833333333333334
lr,P6,2,2,0.594017094017094,0.6015873015873016,0.6111111111111112,0.4084507042253521,0.6585480019900082,0.3000842812696794,"[[4, 0, 3], [2, 2, 1], [0, 1, 5]]",0.767954267954268,0.6673591658885775,0.5714285714285714,0.8181818181818182,0.4,0.9230769230769231,0.8333333333333334,0.6666666666666666
svm_rbf,P6,2,2,0.6476190476190476,0.6571428571428571,0.6666666666666666,0.48815165876777245,0.5785781546441894,0.1971904552831596,"[[4, 0, 3], [3, 2, 0], [0, 0, 6]]",0.8290968290968291,0.7770502645502645,0.5714285714285714,0.7272727272727273,0.4,1.0,1.0,0.75
rf,P6,2,2,0.592436974789916,0.6095238095238095,0.6111111111111112,0.4084507042253521,0.49147316377348615,0.11414573120056948,"[[3, 0, 4], [2, 2, 1], [0, 0, 6]]",0.8327293077293078,0.7818854293854294,0.42857142857142855,0.8181818181818182,0.4,1.0,1.0,0.5833333333333334
lr,P6,2,3,0.704895104895105,0.7103174603174603,0.7058823529411765,0.5641025641025641,0.4421731580841584,0.21609986699197326,"[[5, 2, 0], [1, 3, 0], [0, 2, 4]]",0.8097846597846597,0.7145908363345338,0.7142857142857143,0.9,0.75,0.6923076923076923,0.6666666666666666,1.0
svm_rbf,P6,2,3,0.7047619047619048,0.7103174603174603,0.7058823529411765,0.5572916666666666,0.39281383532260805,0.2505487292120588,"[[5, 2, 0], [1, 3, 0], [1, 1, 4]]",0.8637085137085138,0.790079365079365,0.7142857142857143,0.8,0.75,0.7692307692307693,0.6666666666666666,1.0
rf,P6,2,3,0.6999405822935234,0.6746031746031745,0.7058823529411765,0.5303867403314917,0.4775980372665842,0.21526304848937283,"[[6, 0, 1], [2, 2, 0], [2, 0, 4]]",0.8424353424353423,0.7879877067377067,0.8571428571428571,0.6,0.5,1.0,0.6666666666666666,0.9090909090909091
lr,P6,2,4,0.5396825396825397,0.5515873015873015,0.5882352941176471,0.3670212765957447,0.6646247477065169,0.30698569718762514,"[[4, 1, 2], [1, 1, 2], [0, 1, 5]]",0.7108225108225108,0.6194875930170047,0.5714285714285714,0.9,0.25,0.8461538461538461,0.8333333333333334,0.6363636363636364
svm_rbf,P6,2,4,0.6904761904761904,0.6825396825396827,0.7058823529411765,0.5478723404255319,0.4561976579222783,0.17546736519451908,"[[5, 0, 2], [0, 2, 2], [0, 1, 5]]",0.8496281496281496,0.8125661375661375,0.7142857142857143,1.0,0.5,0.9230769230769231,0.8333333333333334,0.6363636363636364
rf,P6,2,4,0.6349206349206349,0.6468253968253969,0.7058823529411765,0.5380434782608696,0.5249410002597095,0.19997630725265608,"[[6, 0, 1], [1, 1, 2], [0, 1, 5]]",0.7243201243201244,0.6519140989729225,0.8571428571428571,0.9,0.25,0.9230769230769231,0.8333333333333334,0.7272727272727273
lr,P6,3,0,0.32556332556332557,0.35000000000000003,0.3333333333333333,0.027027027027027084,0.9894159921529266,0.5496368051358177,"[[2, 4, 2], [1, 1, 3], [1, 1, 3]]",0.725,0.6070469576719576,0.25,0.8,0.2,0.6153846153846154,0.6,0.6153846153846154
svm_rbf,P6,3,0,0.6750000000000002,0.6750000000000002,0.6666666666666666,0.48571428571428577,0.44696735810934246,0.20382078982594512,"[[5, 2, 1], [2, 3, 0], [1, 0, 4]]",0.8400641025641026,0.7976014957264957,0.625,0.7,0.6,0.8461538461538461,0.8,0.9230769230769231
rf,P6,3,0,0.7427637721755369,0.7583333333333333,0.7777777777777778,0.6521739130434783,0.4511944421997928,0.26408299634816873,"[[7, 0, 1], [2, 2, 1], [0, 0, 5]]",0.8782051282051282,0.810391573295985,0.875,0.8,0.4,1.0,1.0,0.8461538461538461
lr,P6,3,1,0.7633986928104575,0.7555555555555555,0.7777777777777778,0.6571428571428573,0.41368674188231996,0.14850774616039306,"[[7, 0, 0], [2, 3, 0], [1, 1, 4]]",0.8990971990971991,0.849092970521542,1.0,0.7272727272727273,0.6,0.9230769230769231,0.6666666666666666,1.0
svm_rbf,P6,3,1,0.6921596921596921,0.6888888888888888,0.7222222222222222,0.5652173913043479,0.4995387431349703,0.2641573676628428,"[[7, 0, 0], [2, 2, 1], [2, 0, 4]]",0.8898379398379399,0.8404088504088504,1.0,0.6363636363636364,0.4,1.0,0.6666666666666666,0.9166666666666666
rf,P6,3,1,0.6921596921596921,0.6888888888888888,0.7222222222222222,0.5652173913043479,0.4673411204435658,0.19989475000336593,"[[7, 0, 0], [2, 2, 1], [2, 0, 4]]",0.8262654012654013,0.7453257060399917,1.0,0.6363636363636364,0.4,1.0,0.6666666666666666,0.9166666666666666
lr,P6,3,2,0.5555555555555555,0.5825396825396826,0.6111111111111112,0.4,0.5401836946291195,0.2895340921568426,"[[5, 1, 1], [2, 1, 2], [1, 0, 5]]",0.837090687090687,0.7623076923076924,0.7142857142857143,0.7272727272727273,0.2,0.9230769230769231,0.8333333333333334,0.75
svm_rbf,P6,3,2,0.6420311714429361,0.6777777777777777,0.7222222222222222,0.5652173913043479,0.4083929974690821,0.17985582491114707,"[[7, 0, 0], [2, 1, 2], [1, 0, 5]]",0.8252682502682503,0.7799354784648901,1.0,0.7272727272727273,0.2,1.0,0.8333333333333334,0.8333333333333334
rf,P6,3,2,0.7427637721755369,0.7444444444444445,0.7777777777777778,0.653846153846154,0.49592922353856317,0.3024925062955389,"[[7, 0, 0], [2, 2, 1], [1, 0, 5]]",0.7757825507825508,0.7064210128495843,1.0,0.7272727272727273,0.4,1.0,0.8333333333333334,0.9166666666666666
lr,P6,3,3,0.49401709401709404,0.49603174603174605,0.5294117647058824,0.25683060109289624,0.859972604648698,0.4789365667772236,"[[4, 0, 3], [3, 1, 0], [1, 1, 4]]",0.6552225552225551,0.4980953239881811,0.5714285714285714,0.6,0.25,0.9230769230769231,0.6666666666666666,0.7272727272727273
svm_rbf,P6,3,3,0.5793650793650794,0.5873015873015873,0.5882352941176471,0.3670212765957447,0.7252709165478392,0.40096779354769113,"[[3, 0, 4], [2, 2, 0], [0, 1, 5]]",0.7122322122322121,0.5683632543926661,0.42857142857142855,0.8,0.5,0.9230769230769231,0.8333333333333334,0.6363636363636364
rf,P6,3,3,0.36274509803921573,0.42063492063492064,0.47058823529411764,0.16847826086956508,0.638461788954453,0.23239858895499252,"[[3, 0, 4], [2, 0, 2], [0, 1, 5]]",0.6306526806526807,0.5566126411714647,0.42857142857142855,0.8,0.0,0.9230769230769231,0.8333333333333334,0.45454545454545453
lr,P6,3,4,0.42478354978354976,0.45634920634920634,0.47058823529411764,0.19047619047619047,0.8737675478137793,0.4635041244745207,"[[2, 2, 3], [1, 1, 2], [1, 0, 5]]",0.7065323565323566,0.5807161753590325,0.2857142857142857,0.8,0.25,0.8461538461538461,0.8333333333333334,0.5454545454545454
svm_rbf,P6,3,4,0.3923444976076555,0.4761904761904762,0.5294117647058824,0.2568306010928961,0.6654436146316537,0.3192066821640403,"[[3, 0, 4], [1, 0, 3], [0, 0, 6]]",0.7890831390831391,0.6873075998075998,0.42857142857142855,0.9,0.0,1.0,1.0,0.36363636363636365
rf,P6,3,4,0.4444444444444444,0.5238095238095238,0.5882352941176471,0.34615384615384626,0.5130389872666765,0.17267880718102177,"[[4, 0, 3], [1, 0, 3], [0, 0, 6]]",0.787046287046287,0.7441618566618566,0.5714285714285714,0.9,0.0,1.0,1.0,0.45454545454545453
lr,P6,4,0,0.4444444444444444,0.45,0.5,0.2058823529411764,0.7237549910013331,0.39165018393679235,"[[6, 1, 1], [3, 1, 1], [1, 2, 2]]",0.7400641025641025,0.5957148869648868,0.75,0.6,0.2,0.7692307692307693,0.4,0.8461538461538461
svm_rbf,P6,4,0,0.6420311714429361,0.6916666666666668,0.7222222222222222,0.5652173913043479,0.465213949953633,0.2486850258456433,"[[7, 0, 1], [2, 1, 2], [0, 0, 5]]",0.8092948717948718,0.6950925925925926,0.875,0.8,0.2,1.0,1.0,0.7692307692307693
rf,P6,4,0,0.6028154851684264,0.65,0.6666666666666666,0.4782608695652174,0.5050278437805106,0.2828184371411044,"[[6, 0, 2], [3, 1, 1], [0, 0, 5]]",0.7442307692307693,0.6132545695045694,0.75,0.7,0.2,1.0,1.0,0.7692307692307693
lr,P6,4,1,0.5416666666666666,0.5539682539682539,0.5555555555555556,0.3271028037383178,0.8306777866257975,0.39971363522627357,"[[3, 1, 3], [1, 2, 2], [1, 0, 5]]",0.7102786102786104,0.6550293621722193,0.42857142857142855,0.8181818181818182,0.4,0.9230769230769231,0.8333333333333334,0.5833333333333334
svm_rbf,P6,4,1,0.5123177476118652,0.5349206349206349,0.5555555555555556,0.31753554502369663,0.6514030392805225,0.30761055867651177,"[[4, 0, 3], [1, 1, 3], [1, 0, 5]]",0.7662929662929664,0.715152466581038,0.5714285714285714,0.8181818181818182,0.2,1.0,0.8333333333333334,0.5
rf,P6,4,1,0.6039377289377289,0.6015873015873016,0.6111111111111112,0.4056603773584906,0.5435949036869657,0.12815875922569697,"[[4, 0, 3], [1, 2, 2], [1, 0, 5]]",0.7581011581011582,0.727946127946128,0.5714285714285714,0.8181818181818182,0.4,1.0,0.8333333333333334,0.5833333333333334
lr,P6,4,2,0.4225589225589226,0.4238095238095238,0.4444444444444444,0.14691943127962082,1.0220803834677805,0.5262792434123801,"[[4, 2, 1], [3, 1, 1], [2, 1, 3]]",0.6507649757649757,0.5718757604051722,0.5714285714285714,0.5454545454545454,0.2,0.7692307692307693,0.5,0.8333333333333334
svm_rbf,P6,4,2,0.46349206349206346,0.47936507936507927,0.5,0.22857142857142865,0.8058410246698321,0.3756546435547139,"[[4, 1, 2], [2, 1, 2], [2, 0, 4]]",0.6806323306323305,0.6230856616150734,0.5714285714285714,0.6363636363636364,0.2,0.9230769230769231,0.6666666666666666,0.6666666666666666
rf,P6,4,2,0.5123177476118653,0.526984126984127,0.5555555555555556,0.30434782608695654,0.6074248930511903,0.1763137901182098,"[[5, 0, 2], [3, 1, 1], [2, 0, 4]]",0.6659840159840159,0.6235760971055089,0.7142857142857143,0.5454545454545454,0.2,1.0,0.6666666666666666,0.75
lr,P6,4,3,0.5936507936507937,0.5992063492063492,0.6470588235294118,0.43646408839778994,0.5606826384789022,0.2642019327154336,"[[5, 0, 2], [2, 1, 1], [1, 0, 5]]",0.8304750804750806,0.7707611832611833,0.7142857142857143,0.7,0.25,1.0,0.8333333333333334,0.7272727272727273
svm_rbf,P6,4,3,0.5884615384615385,0.6071428571428571,0.6470588235294118,0.4426229508196722,0.5392926094565706,0.2449125157438753,"[[4, 0, 3], [2, 1, 1], [0, 0, 6]]",0.8451270951270952,0.781503156818283,0.5714285714285714,0.8,0.25,1.0,1.0,0.6363636363636364
rf,P6,4,3,0.5908496732026144,0.6071428571428571,0.6470588235294118,0.44565217391304346,0.4918945378531614,0.19025344909777384,"[[4, 0, 3], [1, 1, 2], [0, 0, 6]]",0.8121101121101121,0.7227716727716729,0.5714285714285714,0.9,0.25,1.0,1.0,0.5454545454545454
lr,P6,4,4,0.3703703703703704,0.3968253968253968,0.47058823529411764,0.15934065934065933,0.7915552518702001,0.42407315721875993,"[[6, 1, 0], [3, 0, 1], [2, 2, 2]]",0.7467476967476968,0.614644746787604,0.8571428571428571,0.5,0.0,0.7692307692307693,0.3333333333333333,0.9090909090909091
svm_rbf,P6,4,4,0.569747899159664,0.5833333333333334,0.6470588235294118,0.44262295081967207,0.48821735755432866,0.26140740961673037,"[[7, 0, 0], [2, 1, 1], [1, 2, 3]]",0.8084471084471084,0.733926626206038,1.0,0.7,0.25,0.8461538461538461,0.5,0.9090909090909091
rf,P6,4,4,0.6370370370370371,0.6388888888888888,0.7058823529411765,0.5277777777777779,0.47851069812940444,0.13603553309735325,"[[7, 0, 0], [3, 1, 0], [1, 1, 4]]",0.7898934398934397,0.7205802354611878,1.0,0.6,0.25,0.9230769230769231,0.6666666666666666,1.0
lr,P7,0,0,0.4984126984126984,0.525,0.5,0.25,0.6829551152977246,0.2424069652974101,"[[3, 3, 2], [2, 2, 1], [1, 0, 4]]",0.6772435897435898,0.6034011243386243,0.375,0.7,0.4,0.7692307692307693,0.8,0.7692307692307693
svm_rbf,P7,0,0,0.4314814814814814,0.4333333333333333,0.4444444444444444,0.11764705882352933,0.6846072945131152,0.3254456436514251,"[[4, 2, 2], [4, 1, 0], [2, 0, 3]]",0.7003205128205128,0.6229813677607795,0.5,0.4,0.2,0.8461538461538461,0.6,0.8461538461538461
rf,P7,0,0,0.696886446886447,0.7166666666666667,0.7222222222222222,0.5714285714285714,0.517342494695897,0.1773590784846099,"[[6, 0, 2], [2, 2, 1], [0, 0, 5]]",0.7749999999999999,0.6861507936507936,0.75,0.8,0.4,1.0,1.0,0.7692307692307693
lr,P7,0,1,0.47769360269360267,0.48253968253968255,0.5,0.23943661971830987,0.663205672197026,0.16935534365286228,"[[5, 1, 1], [3, 2, 0], [1, 3, 2]]",0.6828717578717578,0.5742684540793784,0.7142857142857143,0.6363636363636364,0.4,0.6923076923076923,0.3333333333333333,0.9166666666666666
svm_rbf,P7,0,1,0.37543859649122807,0.4047619047619048,0.4444444444444444,0.12621359223300976,0.7562643364916292,0.40205595428929675,"[[5, 1, 1], [5, 0, 0], [2, 1, 3]]",0.6790811040811041,0.5724672588538134,0.7142857142857143,0.36363636363636365,0.0,0.8461538461538461,0.5,0.9166666666666666
rf,P7,0,1,0.4385026737967914,0.4603174603174603,0.5,0.22488038277511957,0.5990780292156486,0.1887950925767361,"[[5, 1, 1], [5, 0, 0], [0, 2, 4]]",0.6864413364413364,0.6014007724301841,0.7142857142857143,0.5454545454545454,0.0,0.7692307692307693,0.6666666666666666,0.9166666666666666
lr,P7,0,2,0.341029341029341,0.39206349206349206,0.3888888888888889,0.07476635514018692,0.6994823616294468,0.16084745262281008,"[[1, 1, 5], [2, 1, 2], [1, 0, 5]]",0.5555842305842306,0.46220856692845497,0.14285714285714285,0.7272727272727273,0.2,0.9230769230769231,0.8333333333333334,0.4166666666666667
svm_rbf,P7,0,2,0.49719887955182074,0.5428571428571428,0.5555555555555556,0.323943661971831,0.593443311189015,0.2394695459237985,"[[3, 1, 3], [2, 1, 2], [0, 0, 6]]",0.7263671513671515,0.6532945097230811,0.42857142857142855,0.8181818181818182,0.2,0.9230769230769231,1.0,0.5833333333333334
rf,P7,0,2,0.38181818181818183,0.4761904761904762,0.5,0.23584905660377364,0.5538058127415084,0.19048823506812324,"[[3, 0, 4], [1, 0, 4], [0, 0, 6]]",0.8030922780922781,0.7189606953892668,0.42857142857142855,0.9090909090909091,0.0,1.0,1.0,0.3333333333333333
lr,P7,0,3,0.44586894586894593,0.44047619047619047,0.47058823529411764,0.19895287958115182,0.6894641389273798,0.20462270112845315,"[[4, 2, 1], [1, 1, 2], [1, 2, 3]]",0.6405649905649906,0.5179356357927786,0.5714285714285714,0.8,0.25,0.6923076923076923,0.5,0.7272727272727273
svm_rbf,P7,0,3,0.6336996336996337,0.626984126984127,0.6470588235294118,0.4516129032258065,0.5853899361904318,0.25815474759355267,"[[5, 1, 1], [0, 2, 2], [2, 0, 4]]",0.6861471861471861,0.6038213148507265,0.7142857142857143,0.8,0.5,0.9230769230769231,0.6666666666666666,0.7272727272727273
rf,P7,0,3,0.5897435897435898,0.5992063492063492,0.6470588235294118,0.4486486486486486,0.5987933792530936,0.28548630037113587,"[[5, 1, 1], [0, 1, 3], [1, 0, 5]]",0.6673049173049171,0.6147867564534232,0.7142857142857143,0.9,0.25,0.9230769230769231,0.8333333333333334,0.6363636363636364
lr,P7,0,4,0.47222222222222215,0.5238095238095238,0.5882352941176471,0.3602150537634409,0.5860695718757865,0.17330708851725996,"[[4, 2, 1], [1, 0, 3], [0, 0, 6]]",0.6434010434010434,0.6195998854087089,0.5714285714285714,0.9,0.0,0.8461538461538461,1.0,0.6363636363636364
svm_rbf,P7,0,4,0.4158730158730159,0.4682539682539682,0.5294117647058824,0.24861878453038655,0.691293986190396,0.3080318583815997,"[[4, 1, 2], [3, 0, 1], [1, 0, 5]]",0.619092019092019,0.5616545860768549,0.5714285714285714,0.6,0.0,0.9230769230769231,0.8333333333333334,0.7272727272727273
rf,P7,0,4,0.546031746031746,0.5436507936507936,0.5882352941176471,0.3425414364640883,0.5409474758399887,0.11532107126760303,"[[5, 0, 2], [1, 1, 2], [2, 0, 4]]",0.7261516261516262,0.6670110753444085,0.7142857142857143,0.7,0.25,1.0,0.6666666666666666,0.6363636363636364
lr,P7,1,0,0.4166666666666667,0.4333333333333333,0.4444444444444444,0.1428571428571428,0.6870507810198535,0.2549156625397705,"[[4, 2, 2], [2, 1, 2], [2, 0, 3]]",0.6516025641025641,0.5696593541262659,0.5,0.6,0.2,0.8461538461538461,0.6,0.6923076923076923
svm_rbf,P7,1,0,0.46438746438746437,0.5583333333333333,0.6111111111111112,0.38235294117647056,0.6244774560013654,0.2963358572770935,"[[7, 0, 1], [2, 0, 3], [1, 0, 4]]",0.7176282051282051,0.5574013949013948,0.875,0.7,0.0,1.0,0.8,0.6923076923076923
rf,P7,1,0,0.46438746438746437,0.5583333333333333,0.6111111111111112,0.38235294117647056,0.5009807719021763,0.15214129643626656,"[[7, 0, 1], [2, 0, 3], [1, 0, 4]]",0.744551282051282,0.6496963684463684,0.875,0.7,0.0,1.0,0.8,0.6923076923076923
lr,P7,1,1,0.4217948717948718,0.4317460317460317,0.4444444444444444,0.14691943127962082,0.8739843116170525,0.3867842986586344,"[[3, 2, 2], [3, 1, 1], [2, 0, 4]]",0.48575868575868575,0.4126777090012384,0.42857142857142855,0.5454545454545454,0.2,0.8461538461538461,0.6666666666666666,0.75
svm_rbf,P7,1,1,0.47222222222222215,0.47936507936507927,0.5,0.22857142857142865,0.7806702162588647,0.36118167678845925,"[[4, 1, 2], [4, 1, 0], [1, 1, 4]]",0.5710789210789211,0.48248880748880746,0.5714285714285714,0.5454545454545454,0.2,0.8461538461538461,0.6666666666666666,0.8333333333333334
rf,P7,1,1,0.5119047619047619,0.5349206349206349,0.5555555555555556,0.3207547169811321,0.6336233232095233,0.20143108898035303,"[[4, 1, 2], [3, 1, 1], [0, 1, 5]]",0.6085118585118585,0.5347155528878217,0.5714285714285714,0.7272727272727273,0.2,0.8461538461538461,0.8333333333333334,0.75
lr,P7,1,2,0.5,0.5095238095238095,0.5,0.25688073394495425,0.6498486704076846,0.18202271430744338,"[[3, 2, 2], [1, 3, 1], [1, 2, 3]]",0.6718790468790469,0.5882060620155857,0.42857142857142855,0.8181818181818182,0.6,0.6923076923076923,0.5,0.75
svm_rbf,P7,1,2,0.546031746031746,0.546031746031746,0.5555555555555556,0.3271028037383178,0.6819437494990616,0.33071524453142614,"[[4, 2, 1], [2, 2, 1], [1, 1, 4]]",0.6674547674547675,0.5825888436182554,0.5714285714285714,0.7272727272727273,0.4,0.7692307692307693,0.6666666666666666,0.8333333333333334
rf,P7,1,2,0.5138888888888888,0.526984126984127,0.5555555555555556,0.3142857142857144,0.5703945076970275,0.13293425171832315,"[[5, 1, 1], [3, 1, 1], [1, 1, 4]]",0.737921337921338,0.6316482062910634,0.7142857142857143,0.6363636363636364,0.2,0.8461538461538461,0.6666666666666666,0.8333333333333334
lr,P7,1,3,0.5333333333333333,0.6190476190476191,0.7058823529411765,0.5251396648044693,0.4886657303062609,0.23640037682736326,"[[6, 0, 1], [2, 0, 2], [0, 0, 6]]",0.767937617937618,0.6471655328798186,0.8571428571428571,0.8,0.0,1.0,1.0,0.7272727272727273
svm_rbf,P7,1,3,0.5884615384615385,0.5912698412698413,0.6470588235294118,0.43333333333333324,0.5351691415753987,0.1833107200338303,"[[6, 0, 1], [1, 1, 2], [2, 0, 4]]",0.6876123876123876,0.6196428571428572,0.8571428571428571,0.7,0.25,1.0,0.6666666666666666,0.7272727272727273
rf,P7,1,3,0.5904761904761905,0.5912698412698413,0.6470588235294118,0.43646408839778994,0.4857918922370037,0.2905212400105958,"[[6, 0, 1], [0, 1, 3], [2, 0, 4]]",0.7518204018204019,0.692084965299251,0.8571428571428571,0.8,0.25,1.0,0.6666666666666666,0.6363636363636364
lr,P7,1,4,0.3833333333333333,0.43650793650793646,0.4117647058823529,0.14141414141414133,0.7379815536516421,0.2389669409581446,"[[1, 2, 4], [0, 2, 2], [0, 2, 4]]",0.5843101343101343,0.4785270285270286,0.14285714285714285,1.0,0.5,0.6923076923076923,0.6666666666666666,0.45454545454545453
svm_rbf,P7,1,4,0.42676767676767674,0.45634920634920634,0.47058823529411764,0.19895287958115193,0.5614694042123947,0.30520297765914334,"[[2, 2, 3], [2, 1, 1], [0, 1, 5]]",0.7737484737484738,0.7048187152353819,0.2857142857142857,0.8,0.25,0.7692307692307693,0.8333333333333334,0.6363636363636364
rf,P7,1,4,0.5003367003367004,0.503968253968254,0.5294117647058824,0.26486486486486494,0.5348697094813046,0.09701479164535502,"[[3, 0, 4], [0, 1, 3], [1, 0, 5]]",0.7566600066600065,0.6940902571854952,0.42857142857142855,0.9,0.25,1.0,0.8333333333333334,0.36363636363636365
lr,P7,2,0,0.48333333333333334,0.4916666666666667,0.5555555555555556,0.2727272727272727,0.5538155363080769,0.20988062259108523,"[[7, 1, 0], [3, 1, 1], [2, 1, 2]]",0.757051282051282,0.6273203185703186,0.875,0.5,0.2,0.8461538461538461,0.4,0.9230769230769231
svm_rbf,P7,2,0,0.37878787878787873,0.425,0.5,0.15625,0.6729630454089772,0.2993810025744321,"[[7, 1, 0], [4, 0, 1], [3, 0, 2]]",0.710576923076923,0.573787737317149,0.875,0.3,0.0,0.9230769230769231,0.4,0.9230769230769231
rf,P7,2,0,0.596921596921597,0.625,0.6666666666666666,0.47058823529411764,0.5579962707051753,0.35677480291095465,"[[7, 1, 0], [2, 1, 2], [1, 0, 4]]",0.6653846153846154,0.5545446682946683,0.875,0.7,0.2,0.9230769230769231,0.8,0.8461538461538461
lr,P7,2,1,0.5555555555555555,0.5904761904761905,0.6111111111111112,0.4056603773584906,0.6107249850480243,0.21770786344006318,"[[4, 0, 3], [1, 1, 3], [0, 0, 6]]",0.6613220113220114,0.5762610229276895,0.5714285714285714,0.9090909090909091,0.2,1.0,1.0,0.5
svm_rbf,P7,2,1,0.35714285714285715,0.41269841269841273,0.4444444444444444,0.1346153846153847,0.7610140514538969,0.4377888571278467,"[[4, 1, 2], [3, 0, 2], [2, 0, 4]]",0.6076099826099827,0.4897800871190226,0.5714285714285714,0.5454545454545454,0.0,0.9230769230769231,0.6666666666666666,0.6666666666666666
rf,P7,2,1,0.5099206349206349,0.5349206349206349,0.5555555555555556,0.3142857142857143,0.5474611330183743,0.15290128496378447,"[[4, 0, 3], [2, 1, 2], [1, 0, 5]]",0.7605940355940355,0.6931691985263413,0.5714285714285714,0.7272727272727273,0.2,1.0,0.8333333333333334,0.5833333333333334
lr,P7,2,2,0.4452861952861953,0.49523809523809526,0.5,0.25,0.6881886918881813,0.17382852984498215,"[[2, 3, 2], [2, 1, 2], [0, 0, 6]]",0.5551957301957301,0.4584925822180725,0.2857142857142857,0.8181818181818182,0.2,0.7692307692307693,1.0,0.6666666666666666
svm_rbf,P7,2,2,0.44047619047619047,0.5238095238095238,0.5555555555555556,0.3142857142857143,0.6168478274634785,0.27001732472098705,"[[4, 1, 2], [3, 0, 2], [0, 0, 6]]",0.7206053206053206,0.6258933658933659,0.5714285714285714,0.7272727272727273,0.0,0.9230769230769231,1.0,0.6666666666666666
rf,P7,2,2,0.4444444444444444,0.5238095238095238,0.5555555555555556,0.3207547169811321,0.5525156056567344,0.17524543502247136,"[[4, 1, 2], [1, 0, 4], [0, 0, 6]]",0.7533059533059533,0.6294251119251119,0.5714285714285714,0.9090909090909091,0.0,0.9230769230769231,1.0,0.5
lr,P7,2,3,0.4666666666666666,0.48412698412698413,0.47058823529411764,0.2350000000000001,0.7515412913482451,0.30327743197545365,"[[2, 4, 1], [1, 2, 1], [0, 2, 4]]",0.6339493839493839,0.5694721944721944,0.2857142857142857,0.9,0.5,0.5384615384615384,0.6666666666666666,0.8181818181818182
svm_rbf,P7,2,3,0.5222222222222223,0.5317460317460317,0.5294117647058824,0.2989690721649485,0.7332657764208342,0.32740021085501575,"[[3, 3, 1], [1, 2, 1], [1, 1, 4]]",0.6204517704517705,0.5367288795860224,0.42857142857142855,0.8,0.5,0.6923076923076923,0.6666666666666666,0.8181818181818182
rf,P7,2,3,0.5897435897435898,0.5992063492063492,0.6470588235294118,0.4545454545454546,0.5491012010491705,0.18850568103184087,"[[5, 1, 1], [1, 1, 2], [0, 1, 5]]",0.7140137640137639,0.6232471232471232,0.7142857142857143,0.9,0.25,0.8461538461538461,0.8333333333333334,0.7272727272727273
lr,P7,2,4,0.5384615384615384,0.5515873015873015,0.5882352941176471,0.3567567567567568,0.46272027566218066,0.27929416005087754,"[[4, 0, 3], [2, 1, 1], [0, 1, 5]]",0.8300865800865801,0.8038345252630966,0.5714285714285714,0.8,0.25,0.9230769230769231,0.8333333333333334,0.6363636363636364
svm_rbf,P7,2,4,0.6349206349206349,0.6547619047619048,0.7058823529411765,0.5380434782608696,0.4557636430247587,0.25268730261530675,"[[5, 1, 1], [2, 1, 1], [0, 0, 6]]",0.8051226551226551,0.7459649147149147,0.7142857142857143,0.8,0.25,0.9230769230769231,1.0,0.8181818181818182
rf,P7,2,4,0.489007724301842,0.48809523809523814,0.5294117647058824,0.24861878453038666,0.5700380498823767,0.1179343206659684,"[[5, 1, 1], [2, 1, 1], [3, 0, 3]]",0.6957486957486957,0.6175455535749653,0.7142857142857143,0.5,0.25,0.9230769230769231,0.5,0.8181818181818182
lr,P7,3,0,0.4102564102564103,0.43333333333333335,0.4444444444444444,0.17808219178082185,0.831136387884058,0.2844283466753415,"[[4, 4, 0], [1, 0, 4], [0, 1, 4]]",0.5458333333333334,0.4881789799253034,0.5,0.9,0.0,0.6153846153846154,0.8,0.6923076923076923
svm_rbf,P7,3,0,0.39015151515151514,0.4083333333333334,0.4444444444444444,0.1428571428571429,0.7768000083140989,0.332576869814292,"[[5, 3, 0], [2, 0, 3], [1, 1, 3]]",0.5692307692307692,0.47321819384319386,0.625,0.7,0.0,0.6923076923076923,0.6,0.7692307692307693
rf,P7,3,0,0.4185185185185185,0.4333333333333333,0.4444444444444444,0.15492957746478864,0.5650440196191325,0.18146119275835565,"[[4, 3, 1], [1, 1, 3], [2, 0, 3]]",0.7025641025641026,0.6352549765049765,0.5,0.7,0.2,0.7692307692307693,0.6,0.6923076923076923
lr,P7,3,1,0.44102564102564107,0.44285714285714284,0.4444444444444444,0.16279069767441878,0.6548116617618335,0.20986413993142583,"[[3, 2, 2], [1, 2, 2], [2, 1, 3]]",0.6834961334961335,0.5561848375713923,0.42857142857142855,0.7272727272727273,0.4,0.7692307692307693,0.5,0.6666666666666666
svm_rbf,P7,3,1,0.4225589225589226,0.4238095238095238,0.4444444444444444,0.14691943127962082,0.67215381861616,0.32569212486608823,"[[4, 2, 1], [3, 1, 1], [2, 1, 3]]",0.7362831612831613,0.6186256336256336,0.5714285714285714,0.5454545454545454,0.2,0.7692307692307693,0.5,0.8333333333333334
rf,P7,3,1,0.5,0.5190476190476191,0.5555555555555556,0.30097087378640763,0.5459544609691104,0.28435129146163474,"[[6, 0, 1], [2, 1, 2], [3, 0, 3]]",0.7487715987715987,0.6666995922948303,0.8571428571428571,0.5454545454545454,0.2,1.0,0.5,0.75
lr,P7,3,2,0.4238095238095238,0.4317460317460317,0.4444444444444444,0.16666666666666663,0.6594198429997333,0.2904847097628646,"[[3, 2, 2], [2, 1, 2], [0, 2, 4]]",0.6605228105228106,0.5262437028683528,0.42857142857142855,0.8181818181818182,0.2,0.6923076923076923,0.6666666666666666,0.6666666666666666
svm_rbf,P7,3,2,0.6071428571428571,0.6380952380952382,0.6666666666666666,0.49056603773584906,0.6353621038137606,0.32053040737076555,"[[5, 2, 0], [2, 1, 2], [0, 0, 6]]",0.6508047508047508,0.5353681371538515,0.7142857142857143,0.8181818181818182,0.2,0.8461538461538461,1.0,0.8333333333333334
rf,P7,3,2,0.5555555555555555,0.5825396825396826,0.6111111111111112,0.4,0.5389444968833124,0.1334487782406817,"[[5, 1, 1], [2, 1, 2], [1, 0, 5]]",0.7307914307914308,0.6234917199202914,0.7142857142857143,0.7272727272727273,0.2,0.9230769230769231,0.8333333333333334,0.75
lr,P7,3,3,0.33730158730158727,0.3452380952380952,0.35294117647058826,0.015789473684210464,0.7770093933593072,0.3397090851567688,"[[2, 1, 4], [2, 1, 1], [1, 2, 3]]",0.6241314241314241,0.535647861838338,0.2857142857142857,0.7,0.25,0.7692307692307693,0.5,0.5454545454545454
svm_rbf,P7,3,3,0.5860805860805861,0.5793650793650794,0.5882352941176471,0.36363636363636365,0.6282684791735084,0.2647818154976007,"[[4, 0, 3], [1, 2, 1], [1, 1, 4]]",0.7002997002997002,0.6448690418928514,0.5714285714285714,0.8,0.5,0.9230769230769231,0.6666666666666666,0.6363636363636364
rf,P7,3,3,0.4861111111111111,0.503968253968254,0.5294117647058824,0.26881720430107525,0.632981879961874,0.16410141557188698,"[[3, 0, 4], [2, 1, 1], [0, 1, 5]]",0.6086913086913087,0.517107973077861,0.42857142857142855,0.8,0.25,0.9230769230769231,0.8333333333333334,0.5454545454545454
lr,P7,3,4,0.5972222222222222,0.5992063492063492,0.6470588235294118,0.43956043956043966,0.5941579653254975,0.2387792131238628,"[[5, 1, 1], [3, 1, 0], [1, 0, 5]]",0.6848429348429348,0.6001376308098997,0.7142857142857143,0.6,0.25,0.9230769230769231,0.8333333333333334,0.9090909090909091
svm_rbf,P7,3,4,0.4444444444444445,0.5238095238095238,0.5882352941176471,0.3351955307262571,0.5714416904900095,0.1621178311231773,"[[4, 0, 3], [4, 0, 0], [0, 0, 6]]",0.7270007770007769,0.6597816904539594,0.5714285714285714,0.6,0.0,1.0,1.0,0.7272727272727273
rf,P7,3,4,0.440422322775264,0.5238095238095238,0.5882352941176471,0.3425414364640884,0.4905135223006924,0.14812289879141222,"[[4, 0, 3], [2, 0, 2], [0, 0, 6]]",0.8326007326007326,0.8006802721088434,0.5714285714285714,0.8,0.0,1.0,1.0,0.5454545454545454
lr,P7,4,0,0.4904761904761905,0.5,0.5,0.25,0.5870074278131818,0.27838573154909063,"[[4, 2, 2], [1, 2, 2], [1, 1, 3]]",0.7567307692307693,0.6466890054390054,0.5,0.8,0.4,0.7692307692307693,0.6,0.6923076923076923
svm_rbf,P7,4,0,0.3682539682539683,0.43333333333333335,0.4444444444444444,0.15492957746478864,0.7164018413310302,0.3748233645088204,"[[4, 2, 2], [2, 0, 3], [1, 0, 4]]",0.6964743589743589,0.5742155964950083,0.5,0.7,0.0,0.8461538461538461,0.8,0.6153846153846154
rf,P7,4,0,0.3988095238095238,0.47500000000000003,0.5,0.22857142857142865,0.5691526918530551,0.16807072579272977,"[[5, 1, 2], [2, 0, 3], [1, 0, 4]]",0.7041666666666666,0.5697596589140707,0.625,0.7,0.0,0.9230769230769231,0.8,0.6153846153846154
lr,P7,4,1,0.35714285714285715,0.36507936507936506,0.3888888888888889,0.08333333333333337,0.8254560858113213,0.26994926805209174,"[[3, 3, 1], [2, 0, 3], [0, 2, 4]]",0.5265484515484515,0.41960048665931016,0.42857142857142855,0.8181818181818182,0.0,0.6153846153846154,0.6666666666666666,0.6666666666666666
svm_rbf,P7,4,1,0.559981684981685,0.5825396825396826,0.6111111111111112,0.3971291866028708,0.64759537236529,0.19828227072974414,"[[5, 1, 1], [3, 1, 1], [1, 0, 5]]",0.6750527250527251,0.6082741371606918,0.7142857142857143,0.6363636363636364,0.2,0.9230769230769231,0.8333333333333334,0.8333333333333334
rf,P7,4,1,0.4574175824175824,0.48730158730158735,0.5,0.23584905660377364,0.5704480535833301,0.19504659165659297,"[[3, 1, 3], [2, 1, 2], [1, 0, 5]]",0.747045547045547,0.7180609602038173,0.42857142857142855,0.7272727272727273,0.2,0.9230769230769231,0.8333333333333334,0.5833333333333334
lr,P7,4,2,0.4217948717948718,0.4238095238095238,0.4444444444444444,0.15492957746478875,0.6800845828599636,0.2144007077383573,"[[4, 0, 3], [1, 1, 3], [1, 2, 3]]",0.6343758093758094,0.5791372912801483,0.5714285714285714,0.8181818181818182,0.2,0.8461538461538461,0.5,0.5
svm_rbf,P7,4,2,0.3717948717948718,0.41269841269841273,0.4444444444444444,0.13875598086124397,0.807514487499499,0.34716257162659453,"[[4, 1, 2], [4, 0, 1], [1, 1, 4]]",0.6186979686979687,0.49994002910669577,0.5714285714285714,0.5454545454545454,0.0,0.8461538461538461,0.6666666666666666,0.75
rf,P7,4,2,0.4024276377217553,0.4158730158730159,0.4444444444444444,0.1346153846153847,0.6457279210704943,0.34568781855491143,"[[5, 0, 2], [2, 1, 2], [3, 1, 2]]",0.5886252636252636,0.496019835543645,0.7142857142857143,0.5454545454545454,0.2,0.9230769230769231,0.3333333333333333,0.6666666666666666
lr,P7,4,3,0.42735042735042733,0.4682539682539682,0.5294117647058824,0.26486486486486494,0.6086916422780623,0.17904484937871668,"[[4, 1, 2], [2, 0, 2], [0, 1, 5]]",0.6805971805971808,0.5616715845882513,0.5714285714285714,0.8,0.0,0.8461538461538461,0.8333333333333334,0.6363636363636364
svm_rbf,P7,4,3,0.4444444444444444,0.5158730158730159,0.5882352941176471,0.3351955307262571,0.5620615693666503,0.2437146350388698,"[[5, 0, 2], [2, 0, 2], [1, 0, 5]]",0.7822011322011321,0.6837682379349047,0.7142857142857143,0.7,0.0,1.0,0.8333333333333334,0.6363636363636364
rf,P7,4,3,0.4444444444444444,0.5238095238095238,0.5882352941176471,0.34615384615384626,0.5087211165239515,0.2885924295904624,"[[4, 0, 3], [1, 0, 3], [0, 0, 6]]",0.8034687534687533,0.7300925925925926,0.5714285714285714,0.9,0.0,1.0,1.0,0.45454545454545453
lr,P7,4,4,0.5166666666666667,0.49603174603174605,0.5294117647058824,0.26881720430107525,0.6201812823868134,0.28974304761797254,"[[4, 3, 0], [3, 1, 0], [2, 0, 4]]",0.7166111666111666,0.6544572491001062,0.5714285714285714,0.5,0.25,0.7692307692307693,0.6666666666666666,1.0
svm_rbf,P7,4,4,0.4429292929292929,0.44047619047619047,0.47058823529411764,0.18181818181818177,0.5957085877766882,0.2554628689935645,"[[4, 2, 1], [2, 1, 1], [2, 1, 3]]",0.7060384060384061,0.6313244994967683,0.5714285714285714,0.6,0.25,0.7692307692307693,0.5,0.8181818181818182
rf,P7,4,4,0.5897435897435898,0.5992063492063492,0.6470588235294118,0.4426229508196722,0.5474360097576955,0.23065526653106797,"[[5, 1, 1], [2, 1, 1], [1, 0, 5]]",0.7426684426684426,0.6504760490054607,0.7142857142857143,0.7,0.25,0.9230769230769231,0.8333333333333334,0.8181818181818182
